chunk_id,article_code,article_title,chunk_type,source_document_id,document_id,parent_document_id,attachment_id,attachment_title,table_id,table_index,table_title,table_segment_index,form_number,chunker_token_count,chunker_tokenizer,e5_content_token_count,e5_passage_token_count,prefix_overhead,model_max_tokens,overflow_tokens,near_limit,strictly_over_limit,content_preview,source_document_title,row_start,row_end,structural_unit_ids
76b61393-83c9-515a-9228-7847de475400,20.2.LQ.1,Phạm vi điều chỉnh,article,official-docx:sha256:41341e4fbdf369547f794397faeec5a90005c80a0d7b347c5d539ab435623e69,vn:bll-2019,,,,,,,,,107,fastembed-tokenizers:intfloat/multilingual-e5-large:document,105,107,2,512,0,False,False,"Điều 20.2.LQ.1 — Phạm vi điều chỉnh Nguồn: Văn bản hợp nhất Bộ luật Lao động quy định tiêu chuẩn lao động; quyền, nghĩa vụ, trách nhiệm của người lao động, người sử dụng lao động, tổ chức đại diện người lao động tại cơ sở, tổ chức đại diện",,,,
680cff0c-78a0-5b13-9d5e-fa903f22cb71,20.2.LQ.2,Đối tượng áp dụng,article,official-docx:sha256:41341e4fbdf369547f794397faeec5a90005c80a0d7b347c5d539ab435623e69,vn:bll-2019,,,,,,,,,90,fastembed-tokenizers:intfloat/multilingual-e5-large:document,88,90,2,512,0,False,False,"Điều 20.2.LQ.2 — Đối tượng áp dụng Nguồn: Văn bản hợp nhất 1. Người lao động, người học nghề, người tập nghề và người làm việc không có quan hệ lao động. 2. Người sử dụng lao động. 3. Người lao động nước ngoài làm việc tại Việt Nam. 4. Cơ q",,,,
af9019a7-188a-5ce3-8b3b-07a6d5d5812c,20.2.LQ.3,Giải thích từ ngữ,clause,official-docx:sha256:41341e4fbdf369547f794397faeec5a90005c80a0d7b347c5d539ab435623e69,vn:bll-2019,,,,,,,,,114,fastembed-tokenizers:intfloat/multilingual-e5-large:document,112,114,2,512,0,False,False,"Điều 20.2.LQ.3 — Giải thích từ ngữ Khoản: 1 Nguồn: Văn bản hợp nhất Trong Bộ luật này, các từ ngữ dưới đây được hiểu như sau: 1. Người lao động là người làm việc cho người sử dụng lao động theo thỏa thuận, được trả lương và chịu sự quản lý,",,,,
16cb5ac8-bbc8-5c1d-bfbf-57e9ff99c59e,20.2.LQ.3,Giải thích từ ngữ,clause,official-docx:sha256:41341e4fbdf369547f794397faeec5a90005c80a0d7b347c5d539ab435623e69,vn:bll-2019,,,,,,,,,96,fastembed-tokenizers:intfloat/multilingual-e5-large:document,94,96,2,512,0,False,False,"Điều 20.2.LQ.3 — Giải thích từ ngữ Khoản: 2 Nguồn: Văn bản hợp nhất 2. Người sử dụng lao động là doanh nghiệp, cơ quan, tổ chức, hợp tác xã, hộ gia đình, cá nhân có thuê mướn, sử dụng người lao động làm việc cho mình theo thỏa thuận; trường",,,,
95d60136-980b-57c2-a823-9f26e8a3eba9,20.2.LQ.3,Giải thích từ ngữ,clause,official-docx:sha256:41341e4fbdf369547f794397faeec5a90005c80a0d7b347c5d539ab435623e69,vn:bll-2019,,,,,,,,,138,fastembed-tokenizers:intfloat/multilingual-e5-large:document,136,138,2,512,0,False,False,Điều 20.2.LQ.3 — Giải thích từ ngữ Khoản: 3 Nguồn: Văn bản hợp nhất 3. Tổ chức đại diện người lao động tại cơ sở là tổ chức được thành lập trên cơ sở tự nguyện của người lao động tại một đơn vị sử dụng lao động nhằm mục đích bảo vệ quyền và,,,,
d60dc9af-119b-52e9-b00e-3d2409ca0314,20.2.LQ.3,Giải thích từ ngữ,clause,official-docx:sha256:41341e4fbdf369547f794397faeec5a90005c80a0d7b347c5d539ab435623e69,vn:bll-2019,,,,,,,,,70,fastembed-tokenizers:intfloat/multilingual-e5-large:document,68,70,2,512,0,False,False,"Điều 20.2.LQ.3 — Giải thích từ ngữ Khoản: 4 Nguồn: Văn bản hợp nhất 4. Tổ chức đại diện người sử dụng lao động là tổ chức được thành lập hợp pháp, đại diện và bảo vệ quyền, lợi ích hợp pháp của người sử dụng lao động trong quan hệ lao động.",,,,
88d59011-7573-5380-b36a-f43065ced7fe,20.2.LQ.3,Giải thích từ ngữ,clause,official-docx:sha256:41341e4fbdf369547f794397faeec5a90005c80a0d7b347c5d539ab435623e69,vn:bll-2019,,,,,,,,,107,fastembed-tokenizers:intfloat/multilingual-e5-large:document,105,107,2,512,0,False,False,"Điều 20.2.LQ.3 — Giải thích từ ngữ Khoản: 5 Nguồn: Văn bản hợp nhất 5. Quan hệ lao động là quan hệ xã hội phát sinh trong việc thuê mướn, sử dụng lao động, trả lương giữa người lao động, người sử dụng lao động, các tổ chức đại diện của các",,,,
5a26b952-1882-5d84-bb7c-5d0af0ad2958,20.2.LQ.3,Giải thích từ ngữ,clause,official-docx:sha256:41341e4fbdf369547f794397faeec5a90005c80a0d7b347c5d539ab435623e69,vn:bll-2019,,,,,,,,,56,fastembed-tokenizers:intfloat/multilingual-e5-large:document,54,56,2,512,0,False,False,Điều 20.2.LQ.3 — Giải thích từ ngữ Khoản: 6 Nguồn: Văn bản hợp nhất 6. Người làm việc không có quan hệ lao động là người làm việc không trên cơ sở thuê mướn bằng hợp đồng lao động.,,,,
ab8bbace-b1eb-5332-86cc-aaa2dbd07070,20.2.LQ.3,Giải thích từ ngữ,clause,official-docx:sha256:41341e4fbdf369547f794397faeec5a90005c80a0d7b347c5d539ab435623e69,vn:bll-2019,,,,,,,,,65,fastembed-tokenizers:intfloat/multilingual-e5-large:document,63,65,2,512,0,False,False,"Điều 20.2.LQ.3 — Giải thích từ ngữ Khoản: 7 Nguồn: Văn bản hợp nhất 7. Cưỡng bức lao động là việc dùng vũ lực, đe dọa dùng vũ lực hoặc các thủ đoạn khác để ép buộc người lao động phải làm việc trái ý muốn của họ.",,,,
d15d3363-98da-51b7-9312-8bd59e771324,20.2.LQ.3,Giải thích từ ngữ,clause,official-docx:sha256:41341e4fbdf369547f794397faeec5a90005c80a0d7b347c5d539ab435623e69,vn:bll-2019,,,,,,,,,199,fastembed-tokenizers:intfloat/multilingual-e5-large:document,197,199,2,512,0,False,False,"Điều 20.2.LQ.3 — Giải thích từ ngữ Khoản: 8 Nguồn: Văn bản hợp nhất 8. Phân biệt đối xử trong lao động là hành vi phân biệt, loại trừ hoặc ưu tiên dựa trên chủng tộc, màu da, nguồn gốc quốc gia hoặc nguồn gốc xã hội, dân tộc, giới tính, độ",,,,
04a563bb-bd7b-56db-b773-90639a510e3d,20.2.LQ.3,Giải thích từ ngữ,clause,official-docx:sha256:41341e4fbdf369547f794397faeec5a90005c80a0d7b347c5d539ab435623e69,vn:bll-2019,,,,,,,,,101,fastembed-tokenizers:intfloat/multilingual-e5-large:document,99,101,2,512,0,False,False,Điều 20.2.LQ.3 — Giải thích từ ngữ Khoản: 9 Nguồn: Văn bản hợp nhất 9. Quấy rối tình dục tại nơi làm việc là hành vi có tính chất tình dục của bất kỳ người nào đối với người khác tại nơi làm việc mà không được người đó mong muốn hoặc chấp n,,,,
340252d9-d62a-54cc-8792-b23102a4d287,20.2.LQ.4,Chính sách của Nhà nước về lao động,article,official-docx:sha256:41341e4fbdf369547f794397faeec5a90005c80a0d7b347c5d539ab435623e69,vn:bll-2019,,,,,,,,,408,fastembed-tokenizers:intfloat/multilingual-e5-large:document,406,408,2,512,0,False,False,"Điều 20.2.LQ.4 — Chính sách của Nhà nước về lao động Nguồn: Văn bản hợp nhất 1. Bảo đảm quyền và lợi ích hợp pháp, chính đáng của người lao động, người làm việc không có quan hệ lao động; khuyến khích những thỏa thuận bảo đảm cho người lao",,,,
8eeb7f7c-e5a7-51f9-805f-72a56ba2a854,20.2.LQ.5,Quyền và nghĩa vụ của người lao động,article,official-docx:sha256:41341e4fbdf369547f794397faeec5a90005c80a0d7b347c5d539ab435623e69,vn:bll-2019,,,,,,,,,441,fastembed-tokenizers:intfloat/multilingual-e5-large:document,439,441,2,512,0,False,False,"Điều 20.2.LQ.5 — Quyền và nghĩa vụ của người lao động Nguồn: Văn bản hợp nhất 1. Người lao động có các quyền sau đây: a) Làm việc; tự do lựa chọn việc làm, nơi làm việc, nghề nghiệp, học nghề, nâng cao trình độ nghề nghiệp; không bị phân bi",,,,
0111c06d-e5cf-5dea-8328-d75197dfb928,20.2.LQ.6,Quyền và nghĩa vụ của người sử dụng lao động,article,official-docx:sha256:41341e4fbdf369547f794397faeec5a90005c80a0d7b347c5d539ab435623e69,vn:bll-2019,,,,,,,,,441,fastembed-tokenizers:intfloat/multilingual-e5-large:document,439,441,2,512,0,False,False,"Điều 20.2.LQ.6 — Quyền và nghĩa vụ của người sử dụng lao động Nguồn: Văn bản hợp nhất 1. Người sử dụng lao động có các quyền sau đây: a) Tuyển dụng, bố trí, quản lý, điều hành, giám sát lao động; khen thưởng và xử lý vi phạm kỷ luật lao độn",,,,
0c958954-cb3c-51c9-8ae9-9e1d8721c168,20.2.LQ.7,Xây dựng quan hệ lao động,article,official-docx:sha256:41341e4fbdf369547f794397faeec5a90005c80a0d7b347c5d539ab435623e69,vn:bll-2019,,,,,,,,,273,fastembed-tokenizers:intfloat/multilingual-e5-large:document,271,273,2,512,0,False,False,"Điều 20.2.LQ.7 — Xây dựng quan hệ lao động Nguồn: Văn bản hợp nhất 1. Quan hệ lao động được xác lập qua đối thoại, thương lượng, thỏa thuận theo nguyên tắc tự nguyện, thiện chí, bình đẳng, hợp tác, tôn trọng quyền và lợi ích hợp pháp của nh",,,,
18e7cd5a-6365-5776-9513-99358dba1958,20.2.LQ.8,Các hành vi bị nghiêm cấm trong lĩnh vực lao động,article,official-docx:sha256:41341e4fbdf369547f794397faeec5a90005c80a0d7b347c5d539ab435623e69,vn:bll-2019,,,,,,,,,264,fastembed-tokenizers:intfloat/multilingual-e5-large:document,262,264,2,512,0,False,False,"Điều 20.2.LQ.8 — Các hành vi bị nghiêm cấm trong lĩnh vực lao động Nguồn: Văn bản hợp nhất 1. Phân biệt đối xử trong lao động. 2. Ngược đãi người lao động, cưỡng bức lao động. 3. Quấy rối tình dục tại nơi làm việc. 4. Lợi dụng danh nghĩa dạ",,,,
4922b06f-b338-5a9c-9cd0-6321647a45fd,20.2.LQ.9,"Việc làm, giải quyết việc làm",article,official-docx:sha256:41341e4fbdf369547f794397faeec5a90005c80a0d7b347c5d539ab435623e69,vn:bll-2019,,,,,,,,,86,fastembed-tokenizers:intfloat/multilingual-e5-large:document,84,86,2,512,0,False,False,"Điều 20.2.LQ.9 — Việc làm, giải quyết việc làm Nguồn: Văn bản hợp nhất 1. Việc làm là hoạt động lao động tạo ra thu nhập mà pháp luật không cấm. 2. Nhà nước, người sử dụng lao động và xã hội có trách nhiệm tham gia giải quyết việc làm, bảo",,,,
460b422b-f57f-50a7-8d2c-8dd583263cdb,20.2.LQ.10,Quyền làm việc của người lao động,article,official-docx:sha256:41341e4fbdf369547f794397faeec5a90005c80a0d7b347c5d539ab435623e69,vn:bll-2019,,,,,,,,,103,fastembed-tokenizers:intfloat/multilingual-e5-large:document,101,103,2,512,0,False,False,"Điều 20.2.LQ.10 — Quyền làm việc của người lao động Nguồn: Văn bản hợp nhất 1. Được tự do lựa chọn việc làm, làm việc cho bất kỳ người sử dụng lao động nào và ở bất kỳ nơi nào mà pháp luật không cấm. 2. Trực tiếp liên hệ với người sử dụng l",,,,
bfc83fc9-e8db-594c-b4c5-5461ffbffb42,20.2.LQ.11,Tuyển dụng lao động,article,official-docx:sha256:41341e4fbdf369547f794397faeec5a90005c80a0d7b347c5d539ab435623e69,vn:bll-2019,,,,,,,,,89,fastembed-tokenizers:intfloat/multilingual-e5-large:document,87,89,2,512,0,False,False,"Điều 20.2.LQ.11 — Tuyển dụng lao động Nguồn: Văn bản hợp nhất 1. Người sử dụng lao động có quyền trực tiếp hoặc thông qua tổ chức dịch vụ việc làm, doanh nghiệp hoạt động cho thuê lại lao động để tuyển dụng lao động theo nhu cầu của người s",,,,
9cf1ba02-302d-5c68-904c-652ba17bdec3,20.2.LQ.12,Trách nhiệm quản lý lao động của người sử dụng lao động,article,official-docx:sha256:41341e4fbdf369547f794397faeec5a90005c80a0d7b347c5d539ab435623e69,vn:bll-2019,,,,,,,,,148,fastembed-tokenizers:intfloat/multilingual-e5-large:document,146,148,2,512,0,False,False,"Điều 20.2.LQ.12 — Trách nhiệm quản lý lao động của người sử dụng lao động Nguồn: Văn bản hợp nhất 1. Lập, cập nhật, quản lý, sử dụng sổ quản lý lao động bằng bản giấy hoặc bản điện tử và xuất trình khi cơ quan nhà nước có thẩm quyền yêu cầu",,,,
caeb1ae6-24e0-574f-b9b7-05f6ec011654,20.2.LQ.13,Hợp đồng lao động,article,official-docx:sha256:41341e4fbdf369547f794397faeec5a90005c80a0d7b347c5d539ab435623e69,vn:bll-2019,,,,,,,,,155,fastembed-tokenizers:intfloat/multilingual-e5-large:document,153,155,2,512,0,False,False,"Điều 20.2.LQ.13 — Hợp đồng lao động Nguồn: Văn bản hợp nhất 1. Hợp đồng lao động là sự thỏa thuận giữa người lao động và người sử dụng lao động về việc làm có trả công, tiền lương, điều kiện lao động, quyền và nghĩa vụ của mỗi bên trong qua",,,,
d7eeff8b-46f3-56f8-81ef-f3e79cb6efe0,20.2.LQ.14,Hình thức hợp đồng lao động,article,official-docx:sha256:41341e4fbdf369547f794397faeec5a90005c80a0d7b347c5d539ab435623e69,vn:bll-2019,,,,,,,,,172,fastembed-tokenizers:intfloat/multilingual-e5-large:document,170,172,2,512,0,False,False,"Điều 20.2.LQ.14 — Hình thức hợp đồng lao động Nguồn: Văn bản hợp nhất 1. Hợp đồng lao động phải được giao kết bằng văn bản và được làm thành 02 bản, người lao động giữ 01 bản, người sử dụng lao động giữ 01 bản, trừ trường hợp quy định tại k",,,,
1acd44cf-b397-50b6-86ff-778a00d1b127,20.2.LQ.15,Nguyên tắc giao kết hợp đồng lao động,article,official-docx:sha256:41341e4fbdf369547f794397faeec5a90005c80a0d7b347c5d539ab435623e69,vn:bll-2019,,,,,,,,,73,fastembed-tokenizers:intfloat/multilingual-e5-large:document,71,73,2,512,0,False,False,"Điều 20.2.LQ.15 — Nguyên tắc giao kết hợp đồng lao động Nguồn: Văn bản hợp nhất 1. Tự nguyện, bình đẳng, thiện chí, hợp tác và trung thực. 2. Tự do giao kết hợp đồng lao động nhưng không được trái pháp luật, thỏa ước lao động tập thể và đạo",,,,
5b3116f0-111d-549f-a092-5063a5d61e9b,20.2.LQ.16,Nghĩa vụ cung cấp thông tin khi giao kết hợp đồng lao động,article,official-docx:sha256:41341e4fbdf369547f794397faeec5a90005c80a0d7b347c5d539ab435623e69,vn:bll-2019,,,,,,,,,229,fastembed-tokenizers:intfloat/multilingual-e5-large:document,227,229,2,512,0,False,False,"Điều 20.2.LQ.16 — Nghĩa vụ cung cấp thông tin khi giao kết hợp đồng lao động Nguồn: Văn bản hợp nhất 1. Người sử dụng lao động phải cung cấp thông tin trung thực cho người lao động về công việc, địa điểm làm việc, điều kiện làm việc, thời g",,,,
33b34c3d-789e-551c-9e7e-239c93aa97d0,20.2.LQ.17,"Hành vi người sử dụng lao động không được làm khi giao kết, thực hiện hợp đồng lao động",article,official-docx:sha256:41341e4fbdf369547f794397faeec5a90005c80a0d7b347c5d539ab435623e69,vn:bll-2019,,,,,,,,,116,fastembed-tokenizers:intfloat/multilingual-e5-large:document,114,116,2,512,0,False,False,"Điều 20.2.LQ.17 — Hành vi người sử dụng lao động không được làm khi giao kết, thực hiện hợp đồng lao động Nguồn: Văn bản hợp nhất 1. Giữ bản chính giấy tờ tùy thân, văn bằng, chứng chỉ của người lao động. 2. Yêu cầu người lao động phải thực",,,,
66bb55e9-8b79-54a1-9a40-00289be4e062,20.2.LQ.18,Thẩm quyền giao kết hợp đồng lao động,article,official-docx:sha256:41341e4fbdf369547f794397faeec5a90005c80a0d7b347c5d539ab435623e69,vn:bll-2019,,,,,,,,,455,fastembed-tokenizers:intfloat/multilingual-e5-large:document,453,455,2,512,0,False,False,"Điều 20.2.LQ.18 — Thẩm quyền giao kết hợp đồng lao động Nguồn: Văn bản hợp nhất 1. Người lao động trực tiếp giao kết hợp đồng lao động, trừ trường hợp quy định tại khoản 2 Điều này. 2. Đối với công việc theo mùa vụ, công việc nhất định có t",,,,
0d93c47b-45f4-5324-94d3-6f63de76d507,20.2.LQ.19,Giao kết nhiều hợp đồng lao động,article,official-docx:sha256:41341e4fbdf369547f794397faeec5a90005c80a0d7b347c5d539ab435623e69,vn:bll-2019,,,,,,,,,139,fastembed-tokenizers:intfloat/multilingual-e5-large:document,137,139,2,512,0,False,False,Điều 20.2.LQ.19 — Giao kết nhiều hợp đồng lao động Nguồn: Văn bản hợp nhất 1. Người lao động có thể giao kết nhiều hợp đồng lao động với nhiều người sử dụng lao động nhưng phải bảo đảm thực hiện đầy đủ các nội dung đã giao kết. 2. Người lao,,,,
56180f49-d804-5bbc-b5fc-ed9176ca7b63,20.2.LQ.20,Loại hợp đồng lao động,article,official-docx:sha256:41341e4fbdf369547f794397faeec5a90005c80a0d7b347c5d539ab435623e69,vn:bll-2019,,,,,,,,,391,fastembed-tokenizers:intfloat/multilingual-e5-large:document,389,391,2,512,0,False,False,"Điều 20.2.LQ.20 — Loại hợp đồng lao động Nguồn: Văn bản hợp nhất 1. Hợp đồng lao động phải được giao kết theo một trong các loại sau đây: a) Hợp đồng lao động không xác định thời hạn là hợp đồng mà trong đó hai bên không xác định thời hạn,",,,,
3b8b6a1b-2df2-595c-ad68-68f3a9f4c52a,20.2.LQ.21,Nội dung hợp đồng lao động,article,official-docx:sha256:41341e4fbdf369547f794397faeec5a90005c80a0d7b347c5d539ab435623e69,vn:bll-2019,,,,,,,,,471,fastembed-tokenizers:intfloat/multilingual-e5-large:document,469,471,2,512,0,False,False,"Điều 20.2.LQ.21 — Nội dung hợp đồng lao động Nguồn: Văn bản hợp nhất 1. Hợp đồng lao động phải có những nội dung chủ yếu sau đây: a) Tên, địa chỉ của người sử dụng lao động và họ tên, chức danh của người giao kết hợp đồng lao động bên phía",,,,
55ab98bb-3099-5d94-a868-1f6453de08cf,20.2.LQ.22,Phụ lục hợp đồng lao động,article,official-docx:sha256:41341e4fbdf369547f794397faeec5a90005c80a0d7b347c5d539ab435623e69,vn:bll-2019,,,,,,,,,191,fastembed-tokenizers:intfloat/multilingual-e5-large:document,189,191,2,512,0,False,False,"Điều 20.2.LQ.22 — Phụ lục hợp đồng lao động Nguồn: Văn bản hợp nhất 1. Phụ lục hợp đồng lao động là bộ phận của hợp đồng lao động và có hiệu lực như hợp đồng lao động. 2. Phụ lục hợp đồng lao động quy định chi tiết, sửa đổi, bổ sung một số",,,,
8a7a44a5-8ea8-5089-9ea1-cc2a45a56862,20.2.LQ.23,Hiệu lực của hợp đồng lao động,article,official-docx:sha256:41341e4fbdf369547f794397faeec5a90005c80a0d7b347c5d539ab435623e69,vn:bll-2019,,,,,,,,,58,fastembed-tokenizers:intfloat/multilingual-e5-large:document,56,58,2,512,0,False,False,"Điều 20.2.LQ.23 — Hiệu lực của hợp đồng lao động Nguồn: Văn bản hợp nhất Hợp đồng lao động có hiệu lực kể từ ngày hai bên giao kết, trừ trường hợp hai bên có thỏa thuận hoặc pháp luật có quy định khác.",,,,
71864258-5a3a-5c94-8d6f-a6526097d670,20.2.LQ.24,Thử việc,article,official-docx:sha256:41341e4fbdf369547f794397faeec5a90005c80a0d7b347c5d539ab435623e69,vn:bll-2019,,,,,,,,,132,fastembed-tokenizers:intfloat/multilingual-e5-large:document,130,132,2,512,0,False,False,Điều 20.2.LQ.24 — Thử việc Nguồn: Văn bản hợp nhất 1. Người sử dụng lao động và người lao động có thể thỏa thuận nội dung thử việc ghi trong hợp đồng lao động hoặc thỏa thuận về thử việc bằng việc giao kết hợp đồng thử việc. 2. Nội dung chủ,,,,
df115ab2-5f58-5227-8bd1-1c94f476a58e,20.2.LQ.25,Thời gian thử việc,article,official-docx:sha256:41341e4fbdf369547f794397faeec5a90005c80a0d7b347c5d539ab435623e69,vn:bll-2019,,,,,,,,,184,fastembed-tokenizers:intfloat/multilingual-e5-large:document,182,184,2,512,0,False,False,Điều 20.2.LQ.25 — Thời gian thử việc Nguồn: Văn bản hợp nhất Thời gian thử việc do hai bên thỏa thuận căn cứ vào tính chất và mức độ phức tạp của công việc nhưng chỉ được thử việc một lần đối với một công việc và bảo đảm điều kiện sau đây:,,,,
77c5022b-7ccf-54d2-a5af-cccfe8f5b990,20.2.LQ.26,Tiền lương thử việc,article,official-docx:sha256:41341e4fbdf369547f794397faeec5a90005c80a0d7b347c5d539ab435623e69,vn:bll-2019,,,,,,,,,52,fastembed-tokenizers:intfloat/multilingual-e5-large:document,50,52,2,512,0,False,False,Điều 20.2.LQ.26 — Tiền lương thử việc Nguồn: Văn bản hợp nhất Tiền lương của người lao động trong thời gian thử việc do hai bên thỏa thuận nhưng ít nhất phải bằng 85% mức lương của công việc đó.,,,,
96425739-7044-5e77-b890-8b5e43dbf589,20.2.LQ.27,Kết thúc thời gian thử việc,article,official-docx:sha256:41341e4fbdf369547f794397faeec5a90005c80a0d7b347c5d539ab435623e69,vn:bll-2019,,,,,,,,,174,fastembed-tokenizers:intfloat/multilingual-e5-large:document,172,174,2,512,0,False,False,"Điều 20.2.LQ.27 — Kết thúc thời gian thử việc Nguồn: Văn bản hợp nhất 1. Khi kết thúc thời gian thử việc, người sử dụng lao động phải thông báo kết quả thử việc cho người lao động. Trường hợp thử việc đạt yêu cầu thì người sử dụng lao động",,,,
124a8b5e-4681-5bfb-977f-c7bd787af0a6,20.2.LQ.28,Thực hiện công việc theo hợp đồng lao động,article,official-docx:sha256:41341e4fbdf369547f794397faeec5a90005c80a0d7b347c5d539ab435623e69,vn:bll-2019,,,,,,,,,74,fastembed-tokenizers:intfloat/multilingual-e5-large:document,72,74,2,512,0,False,False,"Điều 20.2.LQ.28 — Thực hiện công việc theo hợp đồng lao động Nguồn: Văn bản hợp nhất Công việc theo hợp đồng lao động phải do người lao động đã giao kết hợp đồng thực hiện. Địa điểm làm việc được thực hiện theo hợp đồng lao động, trừ trường",,,,
6190d27c-96e8-5f0e-807a-f4d4833d7cef,20.2.LQ.29,Chuyển người lao động làm công việc khác so với hợp đồng lao động,article,official-docx:sha256:41341e4fbdf369547f794397faeec5a90005c80a0d7b347c5d539ab435623e69,vn:bll-2019,,,,,,,,,450,fastembed-tokenizers:intfloat/multilingual-e5-large:document,448,450,2,512,0,False,False,"Điều 20.2.LQ.29 — Chuyển người lao động làm công việc khác so với hợp đồng lao động Nguồn: Văn bản hợp nhất 1. Khi gặp khó khăn đột xuất do thiên tai, hỏa hoạn, dịch bệnh nguy hiểm, áp dụng biện pháp ngăn ngừa, khắc phục tai nạn lao động, b",,,,
16ccfe28-10fb-5967-9463-9069796b514f,20.2.LQ.30,Tạm hoãn thực hiện hợp đồng lao động,article,official-docx:sha256:41341e4fbdf369547f794397faeec5a90005c80a0d7b347c5d539ab435623e69,vn:bll-2019,,,,,,,,,318,fastembed-tokenizers:intfloat/multilingual-e5-large:document,316,318,2,512,0,False,False,"Điều 20.2.LQ.30 — Tạm hoãn thực hiện hợp đồng lao động Nguồn: Văn bản hợp nhất 1. Các trường hợp tạm hoãn thực hiện hợp đồng lao động bao gồm: a) Người lao động thực hiện nghĩa vụ quân sự, nghĩa vụ tham gia Dân quân tự vệ; b) Người lao động",,,,
95f91be0-a805-5406-85ff-0aae2b0022d4,20.2.LQ.31,Nhận lại người lao động hết thời hạn tạm hoãn thực hiện hợp đồng lao động,article,official-docx:sha256:41341e4fbdf369547f794397faeec5a90005c80a0d7b347c5d539ab435623e69,vn:bll-2019,,,,,,,,,125,fastembed-tokenizers:intfloat/multilingual-e5-large:document,123,125,2,512,0,False,False,"Điều 20.2.LQ.31 — Nhận lại người lao động hết thời hạn tạm hoãn thực hiện hợp đồng lao động Nguồn: Văn bản hợp nhất Trong thời hạn 15 ngày kể từ ngày hết thời hạn tạm hoãn thực hiện hợp đồng lao động, người lao động phải có mặt tại nơi làm",,,,
48fb511d-393b-5813-a82c-477131e2a966,20.2.LQ.32,Làm việc không trọn thời gian,article,official-docx:sha256:41341e4fbdf369547f794397faeec5a90005c80a0d7b347c5d539ab435623e69,vn:bll-2019,,,,,,,,,176,fastembed-tokenizers:intfloat/multilingual-e5-large:document,174,176,2,512,0,False,False,Điều 20.2.LQ.32 — Làm việc không trọn thời gian Nguồn: Văn bản hợp nhất 1. Người lao động làm việc không trọn thời gian là người lao động có thời gian làm việc ngắn hơn so với thời gian làm việc bình thường theo ngày hoặc theo tuần hoặc the,,,,
7a525a6f-7240-5f48-9f35-c9c232f4fa2a,20.2.LQ.33,"Sửa đổi, bổ sung hợp đồng lao động",article,official-docx:sha256:41341e4fbdf369547f794397faeec5a90005c80a0d7b347c5d539ab435623e69,vn:bll-2019,,,,,,,,,165,fastembed-tokenizers:intfloat/multilingual-e5-large:document,163,165,2,512,0,False,False,"Điều 20.2.LQ.33 — Sửa đổi, bổ sung hợp đồng lao động Nguồn: Văn bản hợp nhất 1. Trong quá trình thực hiện hợp đồng lao động, nếu bên nào có yêu cầu sửa đổi, bổ sung nội dung hợp đồng lao động thì phải báo cho bên kia biết trước ít nhất 03 n",,,,
86f3efcc-860e-5e72-8d86-e1d715b7cafd,20.2.LQ.34,Các trường hợp chấm dứt hợp đồng lao động,clause,official-docx:sha256:41341e4fbdf369547f794397faeec5a90005c80a0d7b347c5d539ab435623e69,vn:bll-2019,,,,,,,,,56,fastembed-tokenizers:intfloat/multilingual-e5-large:document,54,56,2,512,0,False,False,"Điều 20.2.LQ.34 — Các trường hợp chấm dứt hợp đồng lao động Khoản: 1 Nguồn: Văn bản hợp nhất 1. Hết hạn hợp đồng lao động, trừ trường hợp quy định tại khoản 4 Điều 177 của Bộ luật này.",,,,
4c37c021-f36e-5d9a-93f2-5b3dca010f88,20.2.LQ.34,Các trường hợp chấm dứt hợp đồng lao động,clause,official-docx:sha256:41341e4fbdf369547f794397faeec5a90005c80a0d7b347c5d539ab435623e69,vn:bll-2019,,,,,,,,,44,fastembed-tokenizers:intfloat/multilingual-e5-large:document,42,44,2,512,0,False,False,Điều 20.2.LQ.34 — Các trường hợp chấm dứt hợp đồng lao động Khoản: 2 Nguồn: Văn bản hợp nhất 2. Đã hoàn thành công việc theo hợp đồng lao động.,,,,
dfded63d-92a8-5b18-9e04-939fdb242208,20.2.LQ.34,Các trường hợp chấm dứt hợp đồng lao động,clause,official-docx:sha256:41341e4fbdf369547f794397faeec5a90005c80a0d7b347c5d539ab435623e69,vn:bll-2019,,,,,,,,,44,fastembed-tokenizers:intfloat/multilingual-e5-large:document,42,44,2,512,0,False,False,Điều 20.2.LQ.34 — Các trường hợp chấm dứt hợp đồng lao động Khoản: 3 Nguồn: Văn bản hợp nhất 3. Hai bên thỏa thuận chấm dứt hợp đồng lao động.,,,,
b59e8bb2-fa70-5dc3-9ab7-002b6caaad19,20.2.LQ.34,Các trường hợp chấm dứt hợp đồng lao động,clause,official-docx:sha256:41341e4fbdf369547f794397faeec5a90005c80a0d7b347c5d539ab435623e69,vn:bll-2019,,,,,,,,,107,fastembed-tokenizers:intfloat/multilingual-e5-large:document,105,107,2,512,0,False,False,Điều 20.2.LQ.34 — Các trường hợp chấm dứt hợp đồng lao động Khoản: 4 Nguồn: Văn bản hợp nhất 4. Người lao động bị kết án phạt tù nhưng không được hưởng án treo hoặc không thuộc trường hợp được trả tự do theo quy định tại khoản 5 Điều 328 củ,,,,
8cee5d62-9e6f-5004-b515-2a0e99e00a69,20.2.LQ.34,Các trường hợp chấm dứt hợp đồng lao động,clause,official-docx:sha256:41341e4fbdf369547f794397faeec5a90005c80a0d7b347c5d539ab435623e69,vn:bll-2019,,,,,,,,,75,fastembed-tokenizers:intfloat/multilingual-e5-large:document,73,75,2,512,0,False,False,"Điều 20.2.LQ.34 — Các trường hợp chấm dứt hợp đồng lao động Khoản: 5 Nguồn: Văn bản hợp nhất 5. Người lao động là người nước ngoài làm việc tại Việt Nam bị trục xuất theo bản án, quyết định của Tòa án đã có hiệu lực pháp luật, quyết định củ",,,,
92f24883-18bf-52a8-871c-b90479da342d,20.2.LQ.34,Các trường hợp chấm dứt hợp đồng lao động,clause,official-docx:sha256:41341e4fbdf369547f794397faeec5a90005c80a0d7b347c5d539ab435623e69,vn:bll-2019,,,,,,,,,57,fastembed-tokenizers:intfloat/multilingual-e5-large:document,55,57,2,512,0,False,False,"Điều 20.2.LQ.34 — Các trường hợp chấm dứt hợp đồng lao động Khoản: 6 Nguồn: Văn bản hợp nhất 6. Người lao động chết; bị Tòa án tuyên bố mất năng lực hành vi dân sự, mất tích hoặc đã chết.",,,,
6ea9b0d8-cff7-5c19-80d7-42955e823e92,20.2.LQ.34,Các trường hợp chấm dứt hợp đồng lao động,clause,official-docx:sha256:41341e4fbdf369547f794397faeec5a90005c80a0d7b347c5d539ab435623e69,vn:bll-2019,,,,,,,,,125,fastembed-tokenizers:intfloat/multilingual-e5-large:document,123,125,2,512,0,False,False,"Điều 20.2.LQ.34 — Các trường hợp chấm dứt hợp đồng lao động Khoản: 7 Nguồn: Văn bản hợp nhất 7. Người sử dụng lao động là cá nhân chết; bị Tòa án tuyên bố mất năng lực hành vi dân sự, mất tích hoặc đã chết. Người sử dụng lao động không phải",,,,
df4935c5-2a45-5dba-94ca-1b9841b556a6,20.2.LQ.34,Các trường hợp chấm dứt hợp đồng lao động,clause,official-docx:sha256:41341e4fbdf369547f794397faeec5a90005c80a0d7b347c5d539ab435623e69,vn:bll-2019,,,,,,,,,44,fastembed-tokenizers:intfloat/multilingual-e5-large:document,42,44,2,512,0,False,False,Điều 20.2.LQ.34 — Các trường hợp chấm dứt hợp đồng lao động Khoản: 8 Nguồn: Văn bản hợp nhất 8. Người lao động bị xử lý kỷ luật sa thải.,,,,
0575783c-1b9a-5b06-8bae-d1bde81b68ae,20.2.LQ.34,Các trường hợp chấm dứt hợp đồng lao động,clause,official-docx:sha256:41341e4fbdf369547f794397faeec5a90005c80a0d7b347c5d539ab435623e69,vn:bll-2019,,,,,,,,,56,fastembed-tokenizers:intfloat/multilingual-e5-large:document,54,56,2,512,0,False,False,Điều 20.2.LQ.34 — Các trường hợp chấm dứt hợp đồng lao động Khoản: 9 Nguồn: Văn bản hợp nhất 9. Người lao động đơn phương chấm dứt hợp đồng lao động theo quy định tại Điều 35 của Bộ luật này.,,,,
7bd13d86-d6f0-54c1-b824-5373dfa5336f,20.2.LQ.34,Các trường hợp chấm dứt hợp đồng lao động,clause,official-docx:sha256:41341e4fbdf369547f794397faeec5a90005c80a0d7b347c5d539ab435623e69,vn:bll-2019,,,,,,,,,58,fastembed-tokenizers:intfloat/multilingual-e5-large:document,56,58,2,512,0,False,False,Điều 20.2.LQ.34 — Các trường hợp chấm dứt hợp đồng lao động Khoản: 10 Nguồn: Văn bản hợp nhất 10. Người sử dụng lao động đơn phương chấm dứt hợp đồng lao động theo quy định tại Điều 36 của Bộ luật này.,,,,
01969411-f8fa-50e2-925a-bc98917bae59,20.2.LQ.34,Các trường hợp chấm dứt hợp đồng lao động,clause,official-docx:sha256:41341e4fbdf369547f794397faeec5a90005c80a0d7b347c5d539ab435623e69,vn:bll-2019,,,,,,,,,59,fastembed-tokenizers:intfloat/multilingual-e5-large:document,57,59,2,512,0,False,False,Điều 20.2.LQ.34 — Các trường hợp chấm dứt hợp đồng lao động Khoản: 11 Nguồn: Văn bản hợp nhất 11. Người sử dụng lao động cho người lao động thôi việc theo quy định tại Điều 42 và Điều 43 của Bộ luật này.,,,,
d1126ee3-5094-53c5-ad0d-cf60cdddb20c,20.2.LQ.34,Các trường hợp chấm dứt hợp đồng lao động,clause,official-docx:sha256:41341e4fbdf369547f794397faeec5a90005c80a0d7b347c5d539ab435623e69,vn:bll-2019,,,,,,,,,66,fastembed-tokenizers:intfloat/multilingual-e5-large:document,64,66,2,512,0,False,False,Điều 20.2.LQ.34 — Các trường hợp chấm dứt hợp đồng lao động Khoản: 12 Nguồn: Văn bản hợp nhất 12. Giấy phép lao động hết hiệu lực đối với người lao động là người nước ngoài làm việc tại Việt Nam theo quy định tại Điều 156 của Bộ luật này.,,,,
b8df3189-9dc0-575a-97a2-102b4ebab788,20.2.LQ.34,Các trường hợp chấm dứt hợp đồng lao động,clause,official-docx:sha256:41341e4fbdf369547f794397faeec5a90005c80a0d7b347c5d539ab435623e69,vn:bll-2019,,,,,,,,,64,fastembed-tokenizers:intfloat/multilingual-e5-large:document,62,64,2,512,0,False,False,Điều 20.2.LQ.34 — Các trường hợp chấm dứt hợp đồng lao động Khoản: 13 Nguồn: Văn bản hợp nhất 13. Trường hợp thỏa thuận nội dung thử việc ghi trong hợp đồng lao động mà thử việc không đạt yêu cầu hoặc một bên hủy bỏ thỏa thuận thử việc.,,,,
30e47943-f89a-57e7-8ff1-7d93d86b23ed,20.2.LQ.35,Quyền đơn phương chấm dứt hợp đồng lao động của người lao động,article,official-docx:sha256:41341e4fbdf369547f794397faeec5a90005c80a0d7b347c5d539ab435623e69,vn:bll-2019,,,,,,,,,426,fastembed-tokenizers:intfloat/multilingual-e5-large:document,424,426,2,512,0,False,False,Điều 20.2.LQ.35 — Quyền đơn phương chấm dứt hợp đồng lao động của người lao động Nguồn: Văn bản hợp nhất 1. Người lao động có quyền đơn phương chấm dứt hợp đồng lao động nhưng phải báo trước cho người sử dụng lao động như sau: a) Ít nhất 45,,,,
25dd9a57-f47f-52d8-9bb0-e2456c6c250e,20.2.LQ.36,Quyền đơn phương chấm dứt hợp đồng lao động của người sử dụng lao động,points,official-docx:sha256:41341e4fbdf369547f794397faeec5a90005c80a0d7b347c5d539ab435623e69,vn:bll-2019,,,,,,,,,463,fastembed-tokenizers:intfloat/multilingual-e5-large:document,461,463,2,512,0,False,False,"Điều 20.2.LQ.36 — Quyền đơn phương chấm dứt hợp đồng lao động của người sử dụng lao động Khoản: 1 Điểm: a, b, c, d, đ, e Nguồn: Văn bản hợp nhất 1. Người sử dụng lao động có quyền đơn phương chấm dứt hợp đồng lao động trong trường hợp sau đ",,,,
ac79208c-121a-559c-8666-94cb5b9f489d,20.2.LQ.36,Quyền đơn phương chấm dứt hợp đồng lao động của người sử dụng lao động,points,official-docx:sha256:41341e4fbdf369547f794397faeec5a90005c80a0d7b347c5d539ab435623e69,vn:bll-2019,,,,,,,,,110,fastembed-tokenizers:intfloat/multilingual-e5-large:document,108,110,2,512,0,False,False,Điều 20.2.LQ.36 — Quyền đơn phương chấm dứt hợp đồng lao động của người sử dụng lao động Khoản: 1 Điểm: g Nguồn: Văn bản hợp nhất 1. Người sử dụng lao động có quyền đơn phương chấm dứt hợp đồng lao động trong trường hợp sau đây: g) Người la,,,,
093a31e3-748f-5187-9a8f-e7f5e0eb5fe9,20.2.LQ.36,Quyền đơn phương chấm dứt hợp đồng lao động của người sử dụng lao động,clause,official-docx:sha256:41341e4fbdf369547f794397faeec5a90005c80a0d7b347c5d539ab435623e69,vn:bll-2019,,,,,,,,,215,fastembed-tokenizers:intfloat/multilingual-e5-large:document,213,215,2,512,0,False,False,"Điều 20.2.LQ.36 — Quyền đơn phương chấm dứt hợp đồng lao động của người sử dụng lao động Khoản: 2 Điểm: a, b, c, d Nguồn: Văn bản hợp nhất 2. Khi đơn phương chấm dứt hợp đồng lao động trong trường hợp quy định tại các điểm a, b, c, đ và g k",,,,
f98cf3fe-3d8a-5d9d-b684-c77e43ff2f25,20.2.LQ.36,Quyền đơn phương chấm dứt hợp đồng lao động của người sử dụng lao động,clause,official-docx:sha256:41341e4fbdf369547f794397faeec5a90005c80a0d7b347c5d539ab435623e69,vn:bll-2019,,,,,,,,,78,fastembed-tokenizers:intfloat/multilingual-e5-large:document,76,78,2,512,0,False,False,Điều 20.2.LQ.36 — Quyền đơn phương chấm dứt hợp đồng lao động của người sử dụng lao động Khoản: 3 Nguồn: Văn bản hợp nhất 3. Khi đơn phương chấm dứt hợp đồng lao động quy định tại điểm d và điểm e khoản 1 Điều này thì người sử dụng lao động,,,,
c17372aa-1a9e-507a-8978-beb4b96c7a1a,20.2.LQ.37,Trường hợp người sử dụng lao động không được thực hiện quyền đơn phương chấm dứt hợp đồng lao động,article,official-docx:sha256:41341e4fbdf369547f794397faeec5a90005c80a0d7b347c5d539ab435623e69,vn:bll-2019,,,,,,,,,148,fastembed-tokenizers:intfloat/multilingual-e5-large:document,146,148,2,512,0,False,False,"Điều 20.2.LQ.37 — Trường hợp người sử dụng lao động không được thực hiện quyền đơn phương chấm dứt hợp đồng lao động Nguồn: Văn bản hợp nhất 1. Người lao động ốm đau hoặc bị tai nạn, bệnh nghề nghiệp đang điều trị, điều dưỡng theo chỉ định",,,,
7451b497-9259-5689-89f4-fe7d2847c322,20.2.LQ.38,Hủy bỏ việc đơn phương chấm dứt hợp đồng lao động,article,official-docx:sha256:41341e4fbdf369547f794397faeec5a90005c80a0d7b347c5d539ab435623e69,vn:bll-2019,,,,,,,,,72,fastembed-tokenizers:intfloat/multilingual-e5-large:document,70,72,2,512,0,False,False,Điều 20.2.LQ.38 — Hủy bỏ việc đơn phương chấm dứt hợp đồng lao động Nguồn: Văn bản hợp nhất Mỗi bên đều có quyền hủy bỏ việc đơn phương chấm dứt hợp đồng lao động trước khi hết thời hạn báo trước nhưng phải thông báo bằng văn bản và phải đư,,,,
8b479af7-9916-5acb-b03e-6603fb712ba2,20.2.LQ.39,Đơn phương chấm dứt hợp đồng lao động trái pháp luật,article,official-docx:sha256:41341e4fbdf369547f794397faeec5a90005c80a0d7b347c5d539ab435623e69,vn:bll-2019,,,,,,,,,69,fastembed-tokenizers:intfloat/multilingual-e5-large:document,67,69,2,512,0,False,False,"Điều 20.2.LQ.39 — Đơn phương chấm dứt hợp đồng lao động trái pháp luật Nguồn: Văn bản hợp nhất Đơn phương chấm dứt hợp đồng lao động trái pháp luật là trường hợp chấm dứt hợp đồng lao động không đúng quy định tại các điều 35, 36 và 37 của B",,,,
e381b770-78ea-53cb-8a08-318c9c161bbc,20.2.LQ.40,Nghĩa vụ của người lao động khi đơn phương chấm dứt hợp đồng lao động trái pháp luật,article,official-docx:sha256:41341e4fbdf369547f794397faeec5a90005c80a0d7b347c5d539ab435623e69,vn:bll-2019,,,,,,,,,116,fastembed-tokenizers:intfloat/multilingual-e5-large:document,114,116,2,512,0,False,False,Điều 20.2.LQ.40 — Nghĩa vụ của người lao động khi đơn phương chấm dứt hợp đồng lao động trái pháp luật Nguồn: Văn bản hợp nhất 1. Không được trợ cấp thôi việc. 2. Phải bồi thường cho người sử dụng lao động nửa tháng tiền lương theo hợp đồng,,,,
86488093-7eef-59e0-be01-00bb86e69912,20.2.LQ.41,Nghĩa vụ của người sử dụng lao động khi đơn phương chấm dứt hợp đồng lao động trái pháp luật,article,official-docx:sha256:41341e4fbdf369547f794397faeec5a90005c80a0d7b347c5d539ab435623e69,vn:bll-2019,,,,,,,,,409,fastembed-tokenizers:intfloat/multilingual-e5-large:document,407,409,2,512,0,False,False,"Điều 20.2.LQ.41 — Nghĩa vụ của người sử dụng lao động khi đơn phương chấm dứt hợp đồng lao động trái pháp luật Nguồn: Văn bản hợp nhất 1. Phải nhận người lao động trở lại làm việc theo hợp đồng lao động đã giao kết; phải trả tiền lương, đón",,,,
1f975c88-a8e6-5aca-b073-4e320fb93eee,20.2.LQ.42,"Nghĩa vụ của người sử dụng lao động trong trường hợp thay đổi cơ cấu, công nghệ hoặc vì lý do kinh tế",article,official-docx:sha256:41341e4fbdf369547f794397faeec5a90005c80a0d7b347c5d539ab435623e69,vn:bll-2019,,,,,,,,,438,fastembed-tokenizers:intfloat/multilingual-e5-large:document,436,438,2,512,0,False,False,"Điều 20.2.LQ.42 — Nghĩa vụ của người sử dụng lao động trong trường hợp thay đổi cơ cấu, công nghệ hoặc vì lý do kinh tế Nguồn: Văn bản hợp nhất 1. Những trường hợp sau đây được coi là thay đổi cơ cấu, công nghệ: a) Thay đổi cơ cấu tổ chức,",,,,
75fb37df-0043-5627-87d5-36c7077decdf,20.2.LQ.43,"Nghĩa vụ của người sử dụng lao động khi chia, tách, hợp nhất, sáp nhập; bán, cho thuê, chuyển đổi loại hình doanh nghiệp; chuyển nhượng quyền sở hữu, quyền sử dụng tài sản của doanh nghiệp, hợp tác xã",article,official-docx:sha256:41341e4fbdf369547f794397faeec5a90005c80a0d7b347c5d539ab435623e69,vn:bll-2019,,,,,,,,,220,fastembed-tokenizers:intfloat/multilingual-e5-large:document,218,220,2,512,0,False,False,"Điều 20.2.LQ.43 — Nghĩa vụ của người sử dụng lao động khi chia, tách, hợp nhất, sáp nhập; bán, cho thuê, chuyển đổi loại hình doanh nghiệp; chuyển nhượng quyền sở hữu, quyền sử dụng tài sản của doanh nghiệp, hợp tác xã Nguồn: Văn bản hợp nh",,,,
965d441b-130d-58db-a34d-97aec12c9ccb,20.2.LQ.44,Phương án sử dụng lao động,article,official-docx:sha256:41341e4fbdf369547f794397faeec5a90005c80a0d7b347c5d539ab435623e69,vn:bll-2019,,,,,,,,,256,fastembed-tokenizers:intfloat/multilingual-e5-large:document,254,256,2,512,0,False,False,"Điều 20.2.LQ.44 — Phương án sử dụng lao động Nguồn: Văn bản hợp nhất 1. Phương án sử dụng lao động phải có những nội dung chủ yếu sau đây: a) Số lượng và danh sách người lao động tiếp tục được sử dụng, người lao động được đào tạo lại để tiế",,,,
d26422ea-0604-599b-bbd6-fe09eff53dc4,20.2.LQ.45,Thông báo chấm dứt hợp đồng lao động,article,official-docx:sha256:41341e4fbdf369547f794397faeec5a90005c80a0d7b347c5d539ab435623e69,vn:bll-2019,,,,,,,,,222,fastembed-tokenizers:intfloat/multilingual-e5-large:document,220,222,2,512,0,False,False,Điều 20.2.LQ.45 — Thông báo chấm dứt hợp đồng lao động Nguồn: Văn bản hợp nhất 1. Người sử dụng lao động phải thông báo bằng văn bản cho người lao động về việc chấm dứt hợp đồng lao động khi hợp đồng lao động chấm dứt theo quy định của Bộ l,,,,
b154365a-f790-5988-aa1a-15e76271323f,20.2.LQ.46,Trợ cấp thôi việc,article,official-docx:sha256:41341e4fbdf369547f794397faeec5a90005c80a0d7b347c5d539ab435623e69,vn:bll-2019,,,,,,,,,272,fastembed-tokenizers:intfloat/multilingual-e5-large:document,270,272,2,512,0,False,False,"Điều 20.2.LQ.46 — Trợ cấp thôi việc Nguồn: Văn bản hợp nhất 1. Khi hợp đồng lao động chấm dứt theo quy định tại các khoản 1, 2, 3, 4, 6, 7, 9 và 10 Điều 34 của Bộ luật này thì người sử dụng lao động có trách nhiệm trả trợ cấp thôi việc cho",,,,
822babc1-f355-57d2-a9fd-24ad0fecf307,20.2.LQ.47,Trợ cấp mất việc làm,article,official-docx:sha256:41341e4fbdf369547f794397faeec5a90005c80a0d7b347c5d539ab435623e69,vn:bll-2019,,,,,,,,,223,fastembed-tokenizers:intfloat/multilingual-e5-large:document,221,223,2,512,0,False,False,Điều 20.2.LQ.47 — Trợ cấp mất việc làm Nguồn: Văn bản hợp nhất 1. Người sử dụng lao động trả trợ cấp mất việc làm cho người lao động đã làm việc thường xuyên cho mình từ đủ 12 tháng trở lên mà bị mất việc làm theo quy định tại khoản 11 Điều,,,,
d06103cf-d8ad-5921-8a60-db5468efcd87,20.2.LQ.48,Trách nhiệm khi chấm dứt hợp đồng lao động,article,official-docx:sha256:41341e4fbdf369547f794397faeec5a90005c80a0d7b347c5d539ab435623e69,vn:bll-2019,,,,,,,,,368,fastembed-tokenizers:intfloat/multilingual-e5-large:document,366,368,2,512,0,False,False,"Điều 20.2.LQ.48 — Trách nhiệm khi chấm dứt hợp đồng lao động Nguồn: Văn bản hợp nhất 1. Trong thời hạn 14 ngày làm việc kể từ ngày chấm dứt hợp đồng lao động, hai bên có trách nhiệm thanh toán đầy đủ các khoản tiền có liên quan đến quyền lợ",,,,
f9127d16-6cca-596c-8a71-23c6f62aa966,20.2.LQ.49,Hợp đồng lao động vô hiệu,article,official-docx:sha256:41341e4fbdf369547f794397faeec5a90005c80a0d7b347c5d539ab435623e69,vn:bll-2019,,,,,,,,,150,fastembed-tokenizers:intfloat/multilingual-e5-large:document,148,150,2,512,0,False,False,Điều 20.2.LQ.49 — Hợp đồng lao động vô hiệu Nguồn: Văn bản hợp nhất 1. Hợp đồng lao động vô hiệu toàn bộ trong trường hợp sau đây: a) Toàn bộ nội dung của hợp đồng lao động vi phạm pháp luật; b) Người giao kết hợp đồng lao động không đúng t,,,,
beb6ccbc-120e-5e54-bd24-ebdb58dea7ca,20.2.LQ.50,Thẩm quyền tuyên bố hợp đồng lao động vô hiệu,article,official-docx:sha256:41341e4fbdf369547f794397faeec5a90005c80a0d7b347c5d539ab435623e69,vn:bll-2019,,,,,,,,,45,fastembed-tokenizers:intfloat/multilingual-e5-large:document,43,45,2,512,0,False,False,Điều 20.2.LQ.50 — Thẩm quyền tuyên bố hợp đồng lao động vô hiệu Nguồn: Văn bản hợp nhất Tòa án nhân dân có quyền tuyên bố hợp đồng lao động vô hiệu.,,,,
775e1bfc-762e-52ea-86d6-213ce1ec1783,20.2.LQ.51,Xử lý hợp đồng lao động vô hiệu,article,official-docx:sha256:41341e4fbdf369547f794397faeec5a90005c80a0d7b347c5d539ab435623e69,vn:bll-2019,,,,,,,,,198,fastembed-tokenizers:intfloat/multilingual-e5-large:document,196,198,2,512,0,False,False,"Điều 20.2.LQ.51 — Xử lý hợp đồng lao động vô hiệu Nguồn: Văn bản hợp nhất 1. Khi hợp đồng lao động bị tuyên bố vô hiệu từng phần thì xử lý như sau: a) Quyền, nghĩa vụ và lợi ích của hai bên được giải quyết theo thỏa ước lao động tập thể đan",,,,
bdbe827b-32fd-5fd7-87d0-1e508c5a040b,20.2.LQ.52,Cho thuê lại lao động,article,official-docx:sha256:41341e4fbdf369547f794397faeec5a90005c80a0d7b347c5d539ab435623e69,vn:bll-2019,,,,,,,,,161,fastembed-tokenizers:intfloat/multilingual-e5-large:document,159,161,2,512,0,False,False,"Điều 20.2.LQ.52 — Cho thuê lại lao động Nguồn: Văn bản hợp nhất 1. Cho thuê lại lao động là việc người lao động giao kết hợp đồng lao động với một người sử dụng lao động là doanh nghiệp cho thuê lại lao động, sau đó người lao động được chuy",,,,
8e748016-82b5-5ae8-b3b8-59765dd91e96,20.2.LQ.53,Nguyên tắc hoạt động cho thuê lại lao động,article,official-docx:sha256:41341e4fbdf369547f794397faeec5a90005c80a0d7b347c5d539ab435623e69,vn:bll-2019,,,,,,,,,333,fastembed-tokenizers:intfloat/multilingual-e5-large:document,331,333,2,512,0,False,False,Điều 20.2.LQ.53 — Nguyên tắc hoạt động cho thuê lại lao động Nguồn: Văn bản hợp nhất 1. Thời hạn cho thuê lại lao động đối với người lao động tối đa là 12 tháng. 2. Bên thuê lại lao động được sử dụng lao động thuê lại trong trường hợp sau đ,,,,
0a8f9ed3-a4bd-565e-afb8-5f60d21e682e,20.2.LQ.54,Doanh nghiệp cho thuê lại lao động,article,official-docx:sha256:41341e4fbdf369547f794397faeec5a90005c80a0d7b347c5d539ab435623e69,vn:bll-2019,,,,,,,,,104,fastembed-tokenizers:intfloat/multilingual-e5-large:document,102,104,2,512,0,False,False,"Điều 20.2.LQ.54 — Doanh nghiệp cho thuê lại lao động Nguồn: Văn bản hợp nhất 1. Doanh nghiệp cho thuê lại lao động phải ký quỹ và được cấp Giấy phép hoạt động cho thuê lại lao động. 2. Chính phủ quy định việc ký quỹ, điều kiện, trình tự, th",,,,
88e8657c-e4d5-5a23-96b1-a4b8f1eb57f4,20.2.LQ.55,Hợp đồng cho thuê lại lao động,article,official-docx:sha256:41341e4fbdf369547f794397faeec5a90005c80a0d7b347c5d539ab435623e69,vn:bll-2019,,,,,,,,,263,fastembed-tokenizers:intfloat/multilingual-e5-large:document,261,263,2,512,0,False,False,"Điều 20.2.LQ.55 — Hợp đồng cho thuê lại lao động Nguồn: Văn bản hợp nhất 1. Doanh nghiệp cho thuê lại lao động và bên thuê lại lao động phải ký kết hợp đồng cho thuê lại lao động bằng văn bản và được làm thành 02 bản, mỗi bên giữ 01 bản. 2.",,,,
89117117-0107-59d0-9327-f982cf858137,20.2.LQ.56,Quyền và nghĩa vụ của doanh nghiệp cho thuê lại lao động,article,official-docx:sha256:41341e4fbdf369547f794397faeec5a90005c80a0d7b347c5d539ab435623e69,vn:bll-2019,,,,,,,,,288,fastembed-tokenizers:intfloat/multilingual-e5-large:document,286,288,2,512,0,False,False,"Điều 20.2.LQ.56 — Quyền và nghĩa vụ của doanh nghiệp cho thuê lại lao động Nguồn: Văn bản hợp nhất Ngoài các quyền và nghĩa vụ quy định tại Điều 6 của Bộ luật này, doanh nghiệp cho thuê lại lao động có các quyền và nghĩa vụ sau đây: 1. Bảo",,,,
98f85d3f-d052-5b70-8090-40f87e967a6a,20.2.LQ.57,Quyền và nghĩa vụ của bên thuê lại lao động,article,official-docx:sha256:41341e4fbdf369547f794397faeec5a90005c80a0d7b347c5d539ab435623e69,vn:bll-2019,,,,,,,,,258,fastembed-tokenizers:intfloat/multilingual-e5-large:document,256,258,2,512,0,False,False,"Điều 20.2.LQ.57 — Quyền và nghĩa vụ của bên thuê lại lao động Nguồn: Văn bản hợp nhất 1. Thông báo, hướng dẫn cho người lao động thuê lại biết nội quy lao động và các quy chế khác của mình. 2. Không được phân biệt đối xử về điều kiện lao độ",,,,
f319d5fb-aa18-5f1d-ae71-193a40273125,20.2.LQ.58,Quyền và nghĩa vụ của người lao động thuê lại,article,official-docx:sha256:41341e4fbdf369547f794397faeec5a90005c80a0d7b347c5d539ab435623e69,vn:bll-2019,,,,,,,,,240,fastembed-tokenizers:intfloat/multilingual-e5-large:document,238,240,2,512,0,False,False,"Điều 20.2.LQ.58 — Quyền và nghĩa vụ của người lao động thuê lại Nguồn: Văn bản hợp nhất Ngoài các quyền và nghĩa vụ theo quy định tại Điều 5 của Bộ luật này, người lao động thuê lại có các quyền và nghĩa vụ sau đây: 1. Thực hiện công việc t",,,,
2706b7d8-4e83-55f1-9a84-77b8ab92e68e,20.2.LQ.59,Đào tạo nghề nghiệp và phát triển kỹ năng nghề,article,official-docx:sha256:41341e4fbdf369547f794397faeec5a90005c80a0d7b347c5d539ab435623e69,vn:bll-2019,,,,,,,,,272,fastembed-tokenizers:intfloat/multilingual-e5-large:document,270,272,2,512,0,False,False,"Điều 20.2.LQ.59 — Đào tạo nghề nghiệp và phát triển kỹ năng nghề Nguồn: Văn bản hợp nhất 1. Người lao động được tự do lựa chọn đào tạo nghề nghiệp, tham gia đánh giá, công nhận kỹ năng nghề quốc gia, phát triển năng lực nghề nghiệp phù hợp",,,,
ae9b2ca1-1ed7-5320-8c32-dd0b5a8a2f84,20.2.LQ.60,"Trách nhiệm của người sử dụng lao động về đào tạo, bồi dưỡng, nâng cao trình độ, kỹ năng nghề",article,official-docx:sha256:41341e4fbdf369547f794397faeec5a90005c80a0d7b347c5d539ab435623e69,vn:bll-2019,,,,,,,,,155,fastembed-tokenizers:intfloat/multilingual-e5-large:document,153,155,2,512,0,False,False,"Điều 20.2.LQ.60 — Trách nhiệm của người sử dụng lao động về đào tạo, bồi dưỡng, nâng cao trình độ, kỹ năng nghề Nguồn: Văn bản hợp nhất 1. Người sử dụng lao động xây dựng kế hoạch hằng năm và dành kinh phí cho việc đào tạo, bồi dưỡng, nâng",,,,
86eadeb4-9c4c-5a3f-a51f-5b938ae971c1,20.2.LQ.61,"Học nghề, tập nghề để làm việc cho người sử dụng lao động",article,official-docx:sha256:41341e4fbdf369547f794397faeec5a90005c80a0d7b347c5d539ab435623e69,vn:bll-2019,,,,,,,,,349,fastembed-tokenizers:intfloat/multilingual-e5-large:document,347,349,2,512,0,False,False,"Điều 20.2.LQ.61 — Học nghề, tập nghề để làm việc cho người sử dụng lao động Nguồn: Văn bản hợp nhất 1. Học nghề để làm việc cho người sử dụng lao động là việc người sử dụng lao động tuyển người vào để đào tạo nghề nghiệp tại nơi làm việc. T",,,,
8577e315-533f-50ff-b03f-dfbf90d7d0bb,20.2.LQ.62,"Hợp đồng đào tạo nghề giữa người sử dụng lao động, người lao động và chi phí đào tạo nghề",article,official-docx:sha256:41341e4fbdf369547f794397faeec5a90005c80a0d7b347c5d539ab435623e69,vn:bll-2019,,,,,,,,,336,fastembed-tokenizers:intfloat/multilingual-e5-large:document,334,336,2,512,0,False,False,"Điều 20.2.LQ.62 — Hợp đồng đào tạo nghề giữa người sử dụng lao động, người lao động và chi phí đào tạo nghề Nguồn: Văn bản hợp nhất 1. Hai bên phải ký kết hợp đồng đào tạo nghề trong trường hợp người lao động được đào tạo nâng cao trình độ,",,,,
be9ffcda-e4e6-5e5d-9ef9-bf8672cf0e30,20.2.LQ.63,Tổ chức đối thoại tại nơi làm việc,article,official-docx:sha256:41341e4fbdf369547f794397faeec5a90005c80a0d7b347c5d539ab435623e69,vn:bll-2019,,,,,,,,,264,fastembed-tokenizers:intfloat/multilingual-e5-large:document,262,264,2,512,0,False,False,"Điều 20.2.LQ.63 — Tổ chức đối thoại tại nơi làm việc Nguồn: Văn bản hợp nhất 1. Đối thoại tại nơi làm việc là việc chia sẻ thông tin, tham khảo, thảo luận, trao đổi ý kiến giữa người sử dụng lao động với người lao động hoặc tổ chức đại diện",,,,
aa00ae98-80fe-5b72-ae44-80e4d816fdf0,20.2.LQ.64,Nội dung đối thoại tại nơi làm việc,article,official-docx:sha256:41341e4fbdf369547f794397faeec5a90005c80a0d7b347c5d539ab435623e69,vn:bll-2019,,,,,,,,,208,fastembed-tokenizers:intfloat/multilingual-e5-large:document,206,208,2,512,0,False,False,"Điều 20.2.LQ.64 — Nội dung đối thoại tại nơi làm việc Nguồn: Văn bản hợp nhất 1. Nội dung đối thoại bắt buộc theo quy định tại điểm c khoản 2 Điều 63 của Bộ luật này. 2. Ngoài nội dung quy định tại khoản 1 Điều này, các bên lựa chọn một hoặ",,,,
7f12e0a7-a7c9-5741-9527-d3807a7afdcb,20.2.LQ.65,Thương lượng tập thể,article,official-docx:sha256:41341e4fbdf369547f794397faeec5a90005c80a0d7b347c5d539ab435623e69,vn:bll-2019,,,,,,,,,107,fastembed-tokenizers:intfloat/multilingual-e5-large:document,105,107,2,512,0,False,False,"Điều 20.2.LQ.65 — Thương lượng tập thể Nguồn: Văn bản hợp nhất Thương lượng tập thể là việc đàm phán, thỏa thuận giữa một bên là một hoặc nhiều tổ chức đại diện người lao động với một bên là một hoặc nhiều người sử dụng lao động hoặc tổ chứ",,,,
761cd047-6bd3-55fd-bc2b-e9cc723936ca,20.2.LQ.66,Nguyên tắc thương lượng tập thể,article,official-docx:sha256:41341e4fbdf369547f794397faeec5a90005c80a0d7b347c5d539ab435623e69,vn:bll-2019,,,,,,,,,52,fastembed-tokenizers:intfloat/multilingual-e5-large:document,50,52,2,512,0,False,False,"Điều 20.2.LQ.66 — Nguyên tắc thương lượng tập thể Nguồn: Văn bản hợp nhất Thương lượng tập thể được tiến hành theo nguyên tắc tự nguyện, hợp tác, thiện chí, bình đẳng, công khai và minh bạch.",,,,
854ac551-d658-5b14-9ba9-05cb1666ddaf,20.2.LQ.67,Nội dung thương lượng tập thể,article,official-docx:sha256:41341e4fbdf369547f794397faeec5a90005c80a0d7b347c5d539ab435623e69,vn:bll-2019,,,,,,,,,222,fastembed-tokenizers:intfloat/multilingual-e5-large:document,220,222,2,512,0,False,False,"Điều 20.2.LQ.67 — Nội dung thương lượng tập thể Nguồn: Văn bản hợp nhất Các bên thương lượng lựa chọn một hoặc một số nội dung sau để tiến hành thương lượng tập thể: 1. Tiền lương, trợ cấp, nâng lương, thưởng, bữa ăn và các chế độ khác; 2.",,,,
7daceeb1-c0a8-5b1d-bd4f-fa38ca1c4723,20.2.LQ.68,Quyền thương lượng tập thể của tổ chức đại diện người lao động tại cơ sở trong doanh nghiệp,article,official-docx:sha256:41341e4fbdf369547f794397faeec5a90005c80a0d7b347c5d539ab435623e69,vn:bll-2019,,,,,,,,,273,fastembed-tokenizers:intfloat/multilingual-e5-large:document,271,273,2,512,0,False,False,Điều 20.2.LQ.68 — Quyền thương lượng tập thể của tổ chức đại diện người lao động tại cơ sở trong doanh nghiệp Nguồn: Văn bản hợp nhất 1. Tổ chức đại diện người lao động tại cơ sở có quyền yêu cầu thương lượng tập thể khi đạt tỷ lệ thành viê,,,,
96cee7dd-48d7-56bb-95bf-430f00d7b0b3,20.2.LQ.69,Đại diện thương lượng tập thể tại doanh nghiệp,article,official-docx:sha256:41341e4fbdf369547f794397faeec5a90005c80a0d7b347c5d539ab435623e69,vn:bll-2019,,,,,,,,,276,fastembed-tokenizers:intfloat/multilingual-e5-large:document,274,276,2,512,0,False,False,Điều 20.2.LQ.69 — Đại diện thương lượng tập thể tại doanh nghiệp Nguồn: Văn bản hợp nhất 1. Số lượng người tham gia thương lượng tập thể của mỗi bên do các bên thỏa thuận. 2. Thành phần tham gia thương lượng tập thể của mỗi bên do bên đó qu,,,,
0fffe4cf-8d6f-5333-b532-c494208f294c,20.2.LQ.70,Quy trình thương lượng tập thể tại doanh nghiệp,clause,official-docx:sha256:41341e4fbdf369547f794397faeec5a90005c80a0d7b347c5d539ab435623e69,vn:bll-2019,,,,,,,,,184,fastembed-tokenizers:intfloat/multilingual-e5-large:document,182,184,2,512,0,False,False,Điều 20.2.LQ.70 — Quy trình thương lượng tập thể tại doanh nghiệp Khoản: 1 Nguồn: Văn bản hợp nhất 1. Khi có yêu cầu thương lượng tập thể của tổ chức đại diện người lao động tại cơ sở có quyền yêu cầu thương lượng tập thể theo quy định tại,,,,
f0ded56b-07a1-50a7-a2ff-df50ee436fc4,20.2.LQ.70,Quy trình thương lượng tập thể tại doanh nghiệp,clause,official-docx:sha256:41341e4fbdf369547f794397faeec5a90005c80a0d7b347c5d539ab435623e69,vn:bll-2019,,,,,,,,,142,fastembed-tokenizers:intfloat/multilingual-e5-large:document,140,142,2,512,0,False,False,"Điều 20.2.LQ.70 — Quy trình thương lượng tập thể tại doanh nghiệp Khoản: 2 Nguồn: Văn bản hợp nhất 2. Thời gian thương lượng tập thể không được quá 90 ngày kể từ ngày bắt đầu thương lượng, trừ trường hợp các bên có thỏa thuận khác. Thời gia",,,,
93b9ef90-e82c-529d-ba46-a4662711a4f3,20.2.LQ.70,Quy trình thương lượng tập thể tại doanh nghiệp,clause,official-docx:sha256:41341e4fbdf369547f794397faeec5a90005c80a0d7b347c5d539ab435623e69,vn:bll-2019,,,,,,,,,140,fastembed-tokenizers:intfloat/multilingual-e5-large:document,138,140,2,512,0,False,False,"Điều 20.2.LQ.70 — Quy trình thương lượng tập thể tại doanh nghiệp Khoản: 3 Nguồn: Văn bản hợp nhất 3. Trong quá trình thương lượng tập thể, nếu có yêu cầu của bên đại diện người lao động thì trong thời hạn 10 ngày kể từ ngày nhận được yêu c",,,,
dbd64726-8380-56bf-8c6f-a4a6d3602238,20.2.LQ.70,Quy trình thương lượng tập thể tại doanh nghiệp,clause,official-docx:sha256:41341e4fbdf369547f794397faeec5a90005c80a0d7b347c5d539ab435623e69,vn:bll-2019,,,,,,,,,169,fastembed-tokenizers:intfloat/multilingual-e5-large:document,167,169,2,512,0,False,False,"Điều 20.2.LQ.70 — Quy trình thương lượng tập thể tại doanh nghiệp Khoản: 4 Nguồn: Văn bản hợp nhất 4. Tổ chức đại diện người lao động tại cơ sở có quyền tổ chức thảo luận, lấy ý kiến người lao động về nội dung, cách thức tiến hành và kết qu",,,,
414e2936-53d7-5d9b-9b30-1ec1c8507e87,20.2.LQ.70,Quy trình thương lượng tập thể tại doanh nghiệp,clause,official-docx:sha256:41341e4fbdf369547f794397faeec5a90005c80a0d7b347c5d539ab435623e69,vn:bll-2019,,,,,,,,,119,fastembed-tokenizers:intfloat/multilingual-e5-large:document,117,119,2,512,0,False,False,"Điều 20.2.LQ.70 — Quy trình thương lượng tập thể tại doanh nghiệp Khoản: 5 Nguồn: Văn bản hợp nhất 5. Việc thương lượng tập thể phải được lập biên bản, trong đó ghi rõ nội dung đã được các bên thống nhất, nội dung còn ý kiến khác nhau. Biên",,,,
9ca35f56-ce1a-513d-8055-078db2f4ab25,20.2.LQ.71,Thương lượng tập thể không thành,article,official-docx:sha256:41341e4fbdf369547f794397faeec5a90005c80a0d7b347c5d539ab435623e69,vn:bll-2019,,,,,,,,,189,fastembed-tokenizers:intfloat/multilingual-e5-large:document,187,189,2,512,0,False,False,Điều 20.2.LQ.71 — Thương lượng tập thể không thành Nguồn: Văn bản hợp nhất 1. Thương lượng tập thể không thành thuộc một trong các trường hợp sau đây: a) Một bên từ chối thương lượng hoặc không tiến hành thương lượng trong thời hạn quy định,,,,
4147f328-c062-58f2-bacd-22a58b920fe5,20.2.LQ.72,"Thương lượng tập thể ngành, thương lượng tập thể có nhiều doanh nghiệp tham gia",article,official-docx:sha256:41341e4fbdf369547f794397faeec5a90005c80a0d7b347c5d539ab435623e69,vn:bll-2019,,,,,,,,,199,fastembed-tokenizers:intfloat/multilingual-e5-large:document,197,199,2,512,0,False,False,"Điều 20.2.LQ.72 — Thương lượng tập thể ngành, thương lượng tập thể có nhiều doanh nghiệp tham gia Nguồn: Văn bản hợp nhất 1. Nguyên tắc, nội dung thương lượng tập thể ngành, thương lượng tập thể có nhiều doanh nghiệp tham gia thực hiện theo",,,,
2036fb00-e6b4-54f7-8580-84d33aa5b64b,20.2.LQ.73,Thương lượng tập thể có nhiều doanh nghiệp tham gia thông qua Hội đồng thương lượng tập thể,article,official-docx:sha256:41341e4fbdf369547f794397faeec5a90005c80a0d7b347c5d539ab435623e69,vn:bll-2019,,,,,,,,,342,fastembed-tokenizers:intfloat/multilingual-e5-large:document,340,342,2,512,0,False,False,"Điều 20.2.LQ.73 — Thương lượng tập thể có nhiều doanh nghiệp tham gia thông qua Hội đồng thương lượng tập thể Nguồn: Văn bản hợp nhất 1. Trên cơ sở đồng thuận, các bên thương lượng tập thể có nhiều doanh nghiệp tham gia có thể yêu cầu Ủy ba",,,,
55a64ddd-cc73-525f-b5a3-a91a95455a00,20.2.LQ.74,Trách nhiệm của Ủy ban nhân dân cấp tỉnh trong thương lượng tập thể,article,official-docx:sha256:41341e4fbdf369547f794397faeec5a90005c80a0d7b347c5d539ab435623e69,vn:bll-2019,,,,,,,,,194,fastembed-tokenizers:intfloat/multilingual-e5-large:document,192,194,2,512,0,False,False,"Điều 20.2.LQ.74 — Trách nhiệm của Ủy ban nhân dân cấp tỉnh trong thương lượng tập thể Nguồn: Văn bản hợp nhất 1. Tổ chức đào tạo, bồi dưỡng kỹ năng thương lượng tập thể cho các bên thương lượng tập thể. 2. Xây dựng và cung cấp các thông tin",,,,
28a4731f-4f26-528a-be7e-99370a7ba04b,20.2.LQ.75,Thỏa ước lao động tập thể,article,official-docx:sha256:41341e4fbdf369547f794397faeec5a90005c80a0d7b347c5d539ab435623e69,vn:bll-2019,,,,,,,,,148,fastembed-tokenizers:intfloat/multilingual-e5-large:document,146,148,2,512,0,False,False,Điều 20.2.LQ.75 — Thỏa ước lao động tập thể Nguồn: Văn bản hợp nhất 1. Thỏa ước lao động tập thể là thỏa thuận đạt được thông qua thương lượng tập thể và được các bên ký kết bằng văn bản. Thỏa ước lao động tập thể bao gồm thỏa ước lao động,,,,
15bc12a6-25ba-544e-8fe9-0854e7f1c568,20.2.LQ.76,Lấy ý kiến và ký kết thỏa ước lao động tập thể,clause,official-docx:sha256:41341e4fbdf369547f794397faeec5a90005c80a0d7b347c5d539ab435623e69,vn:bll-2019,,,,,,,,,116,fastembed-tokenizers:intfloat/multilingual-e5-large:document,114,116,2,512,0,False,False,"Điều 20.2.LQ.76 — Lấy ý kiến và ký kết thỏa ước lao động tập thể Khoản: 1 Nguồn: Văn bản hợp nhất 1. Đối với thỏa ước lao động tập thể doanh nghiệp, trước khi ký kết, dự thảo thỏa ước lao động tập thể đã được các bên đàm phán phải được lấy",,,,
6cb9e87d-c24d-5cc1-beda-12d4dd364871,20.2.LQ.76,Lấy ý kiến và ký kết thỏa ước lao động tập thể,clause,official-docx:sha256:41341e4fbdf369547f794397faeec5a90005c80a0d7b347c5d539ab435623e69,vn:bll-2019,,,,,,,,,207,fastembed-tokenizers:intfloat/multilingual-e5-large:document,205,207,2,512,0,False,False,"Điều 20.2.LQ.76 — Lấy ý kiến và ký kết thỏa ước lao động tập thể Khoản: 2 Nguồn: Văn bản hợp nhất 2. Đối với thỏa ước lao động tập thể ngành, đối tượng lấy ý kiến bao gồm toàn bộ thành viên ban lãnh đạo của các tổ chức đại diện người lao độ",,,,
11a8e77c-a6a5-52f8-970e-4e8ea1913c1f,20.2.LQ.76,Lấy ý kiến và ký kết thỏa ước lao động tập thể,clause,official-docx:sha256:41341e4fbdf369547f794397faeec5a90005c80a0d7b347c5d539ab435623e69,vn:bll-2019,,,,,,,,,136,fastembed-tokenizers:intfloat/multilingual-e5-large:document,134,136,2,512,0,False,False,"Điều 20.2.LQ.76 — Lấy ý kiến và ký kết thỏa ước lao động tập thể Khoản: 3 Nguồn: Văn bản hợp nhất 3. Thời gian, địa điểm và cách thức lấy ý kiến biểu quyết đối với dự thảo thỏa ước lao động tập thể do tổ chức đại diện người lao động quyết đ",,,,
554f6b66-2def-531b-854c-ceaa72c62696,20.2.LQ.76,Lấy ý kiến và ký kết thỏa ước lao động tập thể,clause,official-docx:sha256:41341e4fbdf369547f794397faeec5a90005c80a0d7b347c5d539ab435623e69,vn:bll-2019,,,,,,,,,108,fastembed-tokenizers:intfloat/multilingual-e5-large:document,106,108,2,512,0,False,False,Điều 20.2.LQ.76 — Lấy ý kiến và ký kết thỏa ước lao động tập thể Khoản: 4 Nguồn: Văn bản hợp nhất 4. Thỏa ước lao động tập thể được ký kết bởi đại diện hợp pháp của các bên thương lượng. Trường hợp thỏa ước lao động tập thể có nhiều doanh n,,,,
3c50a043-2773-5483-83e7-862561b5cb6b,20.2.LQ.76,Lấy ý kiến và ký kết thỏa ước lao động tập thể,clause,official-docx:sha256:41341e4fbdf369547f794397faeec5a90005c80a0d7b347c5d539ab435623e69,vn:bll-2019,,,,,,,,,136,fastembed-tokenizers:intfloat/multilingual-e5-large:document,134,136,2,512,0,False,False,Điều 20.2.LQ.76 — Lấy ý kiến và ký kết thỏa ước lao động tập thể Khoản: 5 Nguồn: Văn bản hợp nhất 5. Thỏa ước lao động tập thể phải được gửi cho mỗi bên ký kết và cho cơ quan chuyên môn về lao động thuộc Ủy ban nhân dân cấp tỉnh theo quy đị,,,,
f1d2c252-9fdc-580f-bdce-497f4b19502e,20.2.LQ.76,Lấy ý kiến và ký kết thỏa ước lao động tập thể,clause,official-docx:sha256:41341e4fbdf369547f794397faeec5a90005c80a0d7b347c5d539ab435623e69,vn:bll-2019,,,,,,,,,68,fastembed-tokenizers:intfloat/multilingual-e5-large:document,66,68,2,512,0,False,False,"Điều 20.2.LQ.76 — Lấy ý kiến và ký kết thỏa ước lao động tập thể Khoản: 6 Nguồn: Văn bản hợp nhất 6. Sau khi thỏa ước lao động tập thể được ký kết, người sử dụng lao động phải công bố cho người lao động của mình biết.",,,,
fc48b277-95fe-5ef0-aec5-3650d514dcc2,20.2.LQ.76,Lấy ý kiến và ký kết thỏa ước lao động tập thể,clause,official-docx:sha256:41341e4fbdf369547f794397faeec5a90005c80a0d7b347c5d539ab435623e69,vn:bll-2019,,,,,,,,,46,fastembed-tokenizers:intfloat/multilingual-e5-large:document,44,46,2,512,0,False,False,Điều 20.2.LQ.76 — Lấy ý kiến và ký kết thỏa ước lao động tập thể Khoản: 7 Nguồn: Văn bản hợp nhất 7. Chính phủ quy định chi tiết Điều này.,,,,
7613c6ff-d731-5fd1-bd54-8ffed97a9995,20.2.LQ.77,Gửi thỏa ước lao động tập thể,article,official-docx:sha256:41341e4fbdf369547f794397faeec5a90005c80a0d7b347c5d539ab435623e69,vn:bll-2019,,,,,,,,,88,fastembed-tokenizers:intfloat/multilingual-e5-large:document,86,88,2,512,0,False,False,"Điều 20.2.LQ.77 — Gửi thỏa ước lao động tập thể Nguồn: Văn bản hợp nhất Trong thời hạn 10 ngày kể từ ngày thỏa ước lao động tập thể được ký kết, người sử dụng lao động tham gia thỏa ước phải gửi 01 bản thỏa ước lao động tập thể đến cơ quan",,,,
324a4afe-fb11-5802-9187-dcbc1a8d3890,20.2.LQ.78,Hiệu lực và thời hạn của thỏa ước lao động tập thể,article,official-docx:sha256:41341e4fbdf369547f794397faeec5a90005c80a0d7b347c5d539ab435623e69,vn:bll-2019,,,,,,,,,263,fastembed-tokenizers:intfloat/multilingual-e5-large:document,261,263,2,512,0,False,False,Điều 20.2.LQ.78 — Hiệu lực và thời hạn của thỏa ước lao động tập thể Nguồn: Văn bản hợp nhất 1. Ngày có hiệu lực của thỏa ước lao động tập thể do các bên thỏa thuận và được ghi trong thỏa ước. Trường hợp các bên không thỏa thuận ngày có hiệ,,,,
43aa49ce-1bc5-54b0-8428-83299123ffa0,20.2.LQ.79,Thực hiện thỏa ước lao động tập thể tại doanh nghiệp,article,official-docx:sha256:41341e4fbdf369547f794397faeec5a90005c80a0d7b347c5d539ab435623e69,vn:bll-2019,,,,,,,,,277,fastembed-tokenizers:intfloat/multilingual-e5-large:document,275,277,2,512,0,False,False,"Điều 20.2.LQ.79 — Thực hiện thỏa ước lao động tập thể tại doanh nghiệp Nguồn: Văn bản hợp nhất 1. Người sử dụng lao động, người lao động, bao gồm cả người lao động vào làm việc sau ngày thỏa ước lao động tập thể có hiệu lực, có nghĩa vụ thự",,,,
a9715e15-bf2d-5bc9-9d8a-c210fa19bbc3,20.2.LQ.80,"Thực hiện thỏa ước lao động tập thể doanh nghiệp trong trường hợp chia, tách, hợp nhất, sáp nhập; bán, cho thuê, chuyển đổi loại hình doanh nghiệp; chuyển nhượng quyền sở hữu, quyền sử dụng tài sản của doanh nghiệp",article,official-docx:sha256:41341e4fbdf369547f794397faeec5a90005c80a0d7b347c5d539ab435623e69,vn:bll-2019,,,,,,,,,238,fastembed-tokenizers:intfloat/multilingual-e5-large:document,236,238,2,512,0,False,False,"Điều 20.2.LQ.80 — Thực hiện thỏa ước lao động tập thể doanh nghiệp trong trường hợp chia, tách, hợp nhất, sáp nhập; bán, cho thuê, chuyển đổi loại hình doanh nghiệp; chuyển nhượng quyền sở hữu, quyền sử dụng tài sản của doanh nghiệp Nguồn:",,,,
b8f57592-682a-5b7a-b0eb-505b94cb56a8,20.2.LQ.81,"Quan hệ giữa thỏa ước lao động tập thể doanh nghiệp, thỏa ước lao động tập thể ngành và thỏa ước lao động tập thể có nhiều doanh nghiệp",article,official-docx:sha256:41341e4fbdf369547f794397faeec5a90005c80a0d7b347c5d539ab435623e69,vn:bll-2019,,,,,,,,,270,fastembed-tokenizers:intfloat/multilingual-e5-large:document,268,270,2,512,0,False,False,"Điều 20.2.LQ.81 — Quan hệ giữa thỏa ước lao động tập thể doanh nghiệp, thỏa ước lao động tập thể ngành và thỏa ước lao động tập thể có nhiều doanh nghiệp Nguồn: Văn bản hợp nhất 1. Trường hợp thỏa ước lao động tập thể doanh nghiệp, thỏa ước",,,,
bbc02301-3fc7-5775-a95a-46c4f16dc647,20.2.LQ.82,"Sửa đổi, bổ sung thỏa ước lao động tập thể",article,official-docx:sha256:41341e4fbdf369547f794397faeec5a90005c80a0d7b347c5d539ab435623e69,vn:bll-2019,,,,,,,,,187,fastembed-tokenizers:intfloat/multilingual-e5-large:document,185,187,2,512,0,False,False,"Điều 20.2.LQ.82 — Sửa đổi, bổ sung thỏa ước lao động tập thể Nguồn: Văn bản hợp nhất 1. Thỏa ước lao động tập thể chỉ được sửa đổi, bổ sung theo thỏa thuận tự nguyện của các bên, thông qua thương lượng tập thể. Việc sửa đổi, bổ sung thỏa ướ",,,,
7b70a5cf-ba26-5e70-acf1-221d68341d4f,20.2.LQ.83,Thỏa ước lao động tập thể hết hạn,article,official-docx:sha256:41341e4fbdf369547f794397faeec5a90005c80a0d7b347c5d539ab435623e69,vn:bll-2019,,,,,,,,,174,fastembed-tokenizers:intfloat/multilingual-e5-large:document,172,174,2,512,0,False,False,"Điều 20.2.LQ.83 — Thỏa ước lao động tập thể hết hạn Nguồn: Văn bản hợp nhất Trong thời hạn 90 ngày trước ngày thỏa ước lao động tập thể hết hạn, các bên có thể thương lượng để kéo dài thời hạn của thỏa ước lao động tập thể hoặc ký kết thỏa",,,,
7f867e16-35e4-50af-8dd0-a74e3f6e527c,20.2.LQ.84,Mở rộng phạm vi áp dụng của thỏa ước lao động tập thể ngành hoặc thỏa ước lao động tập thể có nhiều doanh nghiệp,article,official-docx:sha256:41341e4fbdf369547f794397faeec5a90005c80a0d7b347c5d539ab435623e69,vn:bll-2019,,,,,,,,,229,fastembed-tokenizers:intfloat/multilingual-e5-large:document,227,229,2,512,0,False,False,Điều 20.2.LQ.84 — Mở rộng phạm vi áp dụng của thỏa ước lao động tập thể ngành hoặc thỏa ước lao động tập thể có nhiều doanh nghiệp Nguồn: Văn bản hợp nhất 1. Khi một thỏa ước lao động tập thể ngành hoặc thỏa ước lao động tập thể có nhiều do,,,,
7e051e07-d8e0-58ce-afa3-bf128e8c0478,20.2.LQ.85,Gia nhập và rút khỏi thỏa ước lao động tập thể ngành hoặc thỏa ước lao động tập thể có nhiều doanh nghiệp,article,official-docx:sha256:41341e4fbdf369547f794397faeec5a90005c80a0d7b347c5d539ab435623e69,vn:bll-2019,,,,,,,,,214,fastembed-tokenizers:intfloat/multilingual-e5-large:document,212,214,2,512,0,False,False,"Điều 20.2.LQ.85 — Gia nhập và rút khỏi thỏa ước lao động tập thể ngành hoặc thỏa ước lao động tập thể có nhiều doanh nghiệp Nguồn: Văn bản hợp nhất 1. Doanh nghiệp có thể gia nhập thỏa ước lao động tập thể ngành, thỏa ước lao động tập thể c",,,,
5ef99d96-8e94-5b89-917c-87b8cad200fa,20.2.LQ.86,Thỏa ước lao động tập thể vô hiệu,article,official-docx:sha256:41341e4fbdf369547f794397faeec5a90005c80a0d7b347c5d539ab435623e69,vn:bll-2019,,,,,,,,,136,fastembed-tokenizers:intfloat/multilingual-e5-large:document,134,136,2,512,0,False,False,Điều 20.2.LQ.86 — Thỏa ước lao động tập thể vô hiệu Nguồn: Văn bản hợp nhất 1. Thỏa ước lao động tập thể vô hiệu từng phần khi một hoặc một số nội dung trong thỏa ước lao động tập thể vi phạm pháp luật. 2. Thỏa ước lao động tập thể vô hiệu,,,,
8e6eedf4-c739-5c25-ab0d-d9ca67b33750,20.2.LQ.87,Thẩm quyền tuyên bố thỏa ước lao động tập thể vô hiệu,article,official-docx:sha256:41341e4fbdf369547f794397faeec5a90005c80a0d7b347c5d539ab435623e69,vn:bll-2019,,,,,,,,,49,fastembed-tokenizers:intfloat/multilingual-e5-large:document,47,49,2,512,0,False,False,Điều 20.2.LQ.87 — Thẩm quyền tuyên bố thỏa ước lao động tập thể vô hiệu Nguồn: Văn bản hợp nhất Tòa án nhân dân có quyền tuyên bố thỏa ước lao động tập thể vô hiệu.,,,,
79e8de1a-51bc-565e-921f-4058028c5309,20.2.LQ.88,Xử lý thỏa ước lao động tập thể vô hiệu,article,official-docx:sha256:41341e4fbdf369547f794397faeec5a90005c80a0d7b347c5d539ab435623e69,vn:bll-2019,,,,,,,,,97,fastembed-tokenizers:intfloat/multilingual-e5-large:document,95,97,2,512,0,False,False,"Điều 20.2.LQ.88 — Xử lý thỏa ước lao động tập thể vô hiệu Nguồn: Văn bản hợp nhất Khi thỏa ước lao động tập thể bị tuyên bố vô hiệu thì quyền, nghĩa vụ và lợi ích của các bên ghi trong thỏa ước lao động tập thể tương ứng với toàn bộ hoặc ph",,,,
e442821d-08dd-5e6e-a03d-046ba3d3ff86,20.2.LQ.89,"Chi phí thương lượng, ký kết thỏa ước lao động tập thể",article,official-docx:sha256:41341e4fbdf369547f794397faeec5a90005c80a0d7b347c5d539ab435623e69,vn:bll-2019,,,,,,,,,71,fastembed-tokenizers:intfloat/multilingual-e5-large:document,69,71,2,512,0,False,False,"Điều 20.2.LQ.89 — Chi phí thương lượng, ký kết thỏa ước lao động tập thể Nguồn: Văn bản hợp nhất Mọi chi phí cho việc thương lượng, ký kết, sửa đổi, bổ sung, gửi và công bố thỏa ước lao động tập thể do phía người sử dụng lao động chi trả.",,,,
2ba95a0b-ec8d-5a51-9cb6-b4c85440d0cc,20.2.LQ.90,Tiền lương,article,official-docx:sha256:41341e4fbdf369547f794397faeec5a90005c80a0d7b347c5d539ab435623e69,vn:bll-2019,,,,,,,,,123,fastembed-tokenizers:intfloat/multilingual-e5-large:document,121,123,2,512,0,False,False,"Điều 20.2.LQ.90 — Tiền lương Nguồn: Văn bản hợp nhất 1. Tiền lương là số tiền mà người sử dụng lao động trả cho người lao động theo thỏa thuận để thực hiện công việc, bao gồm mức lương theo công việc hoặc chức danh, phụ cấp lương và các kho",,,,
d8ffe368-aa86-562f-bc6e-94f1ca0509d3,20.2.LQ.91,Mức lương tối thiểu,article,official-docx:sha256:41341e4fbdf369547f794397faeec5a90005c80a0d7b347c5d539ab435623e69,vn:bll-2019,,,,,,,,,217,fastembed-tokenizers:intfloat/multilingual-e5-large:document,215,217,2,512,0,False,False,Điều 20.2.LQ.91 — Mức lương tối thiểu Nguồn: Văn bản hợp nhất 1. Mức lương tối thiểu là mức lương thấp nhất được trả cho người lao động làm công việc giản đơn nhất trong điều kiện lao động bình thường nhằm bảo đảm mức sống tối thiểu của ngư,,,,
0c98124c-d478-56e8-9e3f-3ec4ed35a5da,20.2.LQ.92,Hội đồng tiền lương quốc gia,article,official-docx:sha256:41341e4fbdf369547f794397faeec5a90005c80a0d7b347c5d539ab435623e69,vn:bll-2019,,,,,,,,,143,fastembed-tokenizers:intfloat/multilingual-e5-large:document,141,143,2,512,0,False,False,Điều 20.2.LQ.92 — Hội đồng tiền lương quốc gia Nguồn: Văn bản hợp nhất 1. Hội đồng tiền lương quốc gia là cơ quan tư vấn cho Chính phủ về mức lương tối thiểu và chính sách tiền lương đối với người lao động. 2. Thủ tướng Chính phủ thành lập,,,,
892e53bc-0716-5f0d-b961-44cbc4c02579,20.2.LQ.93,"Xây dựng thang lương, bảng lương và định mức lao động",article,official-docx:sha256:41341e4fbdf369547f794397faeec5a90005c80a0d7b347c5d539ab435623e69,vn:bll-2019,,,,,,,,,217,fastembed-tokenizers:intfloat/multilingual-e5-large:document,215,217,2,512,0,False,False,"Điều 20.2.LQ.93 — Xây dựng thang lương, bảng lương và định mức lao động Nguồn: Văn bản hợp nhất 1. Người sử dụng lao động phải xây dựng thang lương, bảng lương và định mức lao động làm cơ sở để tuyển dụng, sử dụng lao động, thỏa thuận mức l",,,,
90609d1b-fad6-59a7-9486-25c4f110e22f,20.2.LQ.94,Nguyên tắc trả lương,article,official-docx:sha256:41341e4fbdf369547f794397faeec5a90005c80a0d7b347c5d539ab435623e69,vn:bll-2019,,,,,,,,,151,fastembed-tokenizers:intfloat/multilingual-e5-large:document,149,151,2,512,0,False,False,"Điều 20.2.LQ.94 — Nguyên tắc trả lương Nguồn: Văn bản hợp nhất 1. Người sử dụng lao động phải trả lương trực tiếp, đầy đủ, đúng hạn cho người lao động. Trường hợp người lao động không thể nhận lương trực tiếp thì người sử dụng lao động có t",,,,
4b4bbace-3ff6-5867-b8f2-39fde050a966,20.2.LQ.95,Trả lương,article,official-docx:sha256:41341e4fbdf369547f794397faeec5a90005c80a0d7b347c5d539ab435623e69,vn:bll-2019,,,,,,,,,161,fastembed-tokenizers:intfloat/multilingual-e5-large:document,159,161,2,512,0,False,False,"Điều 20.2.LQ.95 — Trả lương Nguồn: Văn bản hợp nhất 1. Người sử dụng lao động trả lương cho người lao động căn cứ vào tiền lương đã thỏa thuận, năng suất lao động và chất lượng thực hiện công việc. 2. Tiền lương ghi trong hợp đồng lao động",,,,
19142e1d-00d9-5ec0-abf1-8309112ff2f4,20.2.LQ.96,Hình thức trả lương,article,official-docx:sha256:41341e4fbdf369547f794397faeec5a90005c80a0d7b347c5d539ab435623e69,vn:bll-2019,,,,,,,,,128,fastembed-tokenizers:intfloat/multilingual-e5-large:document,126,128,2,512,0,False,False,"Điều 20.2.LQ.96 — Hình thức trả lương Nguồn: Văn bản hợp nhất 1. Người sử dụng lao động và người lao động thỏa thuận về hình thức trả lương theo thời gian, sản phẩm hoặc khoán. 2. Lương được trả bằng tiền mặt hoặc trả qua tài khoản cá nhân",,,,
20660aab-c214-5c1f-9473-82128a4e000c,20.2.LQ.97,Kỳ hạn trả lương,article,official-docx:sha256:41341e4fbdf369547f794397faeec5a90005c80a0d7b347c5d539ab435623e69,vn:bll-2019,,,,,,,,,283,fastembed-tokenizers:intfloat/multilingual-e5-large:document,281,283,2,512,0,False,False,"Điều 20.2.LQ.97 — Kỳ hạn trả lương Nguồn: Văn bản hợp nhất 1. Người lao động hưởng lương theo giờ, ngày, tuần thì được trả lương sau giờ, ngày, tuần làm việc hoặc được trả gộp do hai bên thỏa thuận nhưng không quá 15 ngày phải được trả gộp",,,,
20134481-5a32-5895-b3cd-cab475f5ba39,20.2.LQ.98,"Tiền lương làm thêm giờ, làm việc vào ban đêm",article,official-docx:sha256:41341e4fbdf369547f794397faeec5a90005c80a0d7b347c5d539ab435623e69,vn:bll-2019,,,,,,,,,261,fastembed-tokenizers:intfloat/multilingual-e5-large:document,259,261,2,512,0,False,False,"Điều 20.2.LQ.98 — Tiền lương làm thêm giờ, làm việc vào ban đêm Nguồn: Văn bản hợp nhất 1. Người lao động làm thêm giờ được trả lương tính theo đơn giá tiền lương hoặc tiền lương thực trả theo công việc đang làm như sau: a) Vào ngày thường,",,,,
356fc804-0bc0-5129-959e-0f058e54a505,20.2.LQ.99,Tiền lương ngừng việc,article,official-docx:sha256:41341e4fbdf369547f794397faeec5a90005c80a0d7b347c5d539ab435623e69,vn:bll-2019,,,,,,,,,264,fastembed-tokenizers:intfloat/multilingual-e5-large:document,262,264,2,512,0,False,False,"Điều 20.2.LQ.99 — Tiền lương ngừng việc Nguồn: Văn bản hợp nhất Trường hợp phải ngừng việc, người lao động được trả lương như sau: 1. Nếu do lỗi của người sử dụng lao động thì người lao động được trả đủ tiền lương theo hợp đồng lao động; 2.",,,,
3e650b1c-f8fa-5a37-9353-6955edbba0ad,20.2.LQ.100,Trả lương thông qua người cai thầu,article,official-docx:sha256:41341e4fbdf369547f794397faeec5a90005c80a0d7b347c5d539ab435623e69,vn:bll-2019,,,,,,,,,224,fastembed-tokenizers:intfloat/multilingual-e5-large:document,222,224,2,512,0,False,False,Điều 20.2.LQ.100 — Trả lương thông qua người cai thầu Nguồn: Văn bản hợp nhất 1. Nơi nào sử dụng người cai thầu hoặc người có vai trò trung gian tương tự thì người sử dụng lao động là chủ chính phải có danh sách và địa chỉ của những người n,,,,
440f6ac2-d937-50af-909c-25ba03e8c767,20.2.LQ.101,Tạm ứng tiền lương,article,official-docx:sha256:41341e4fbdf369547f794397faeec5a90005c80a0d7b347c5d539ab435623e69,vn:bll-2019,,,,,,,,,170,fastembed-tokenizers:intfloat/multilingual-e5-large:document,168,170,2,512,0,False,False,Điều 20.2.LQ.101 — Tạm ứng tiền lương Nguồn: Văn bản hợp nhất 1. Người lao động được tạm ứng tiền lương theo điều kiện do hai bên thỏa thuận và không bị tính lãi. 2. Người sử dụng lao động phải cho người lao động tạm ứng tiền lương tương ứn,,,,
f08a406e-423e-588d-b0c8-01e82b698100,20.2.LQ.102,Khấu trừ tiền lương,article,official-docx:sha256:41341e4fbdf369547f794397faeec5a90005c80a0d7b347c5d539ab435623e69,vn:bll-2019,,,,,,,,,149,fastembed-tokenizers:intfloat/multilingual-e5-large:document,147,149,2,512,0,False,False,"Điều 20.2.LQ.102 — Khấu trừ tiền lương Nguồn: Văn bản hợp nhất 1. Người sử dụng lao động chỉ được khấu trừ tiền lương của người lao động để bồi thường thiệt hại do làm hư hỏng dụng cụ, thiết bị, tài sản của người sử dụng lao động theo quy đ",,,,
502f8860-ffbd-5215-acbb-426902b79555,20.2.LQ.103,"Chế độ nâng lương, nâng bậc, phụ cấp, trợ cấp",article,official-docx:sha256:41341e4fbdf369547f794397faeec5a90005c80a0d7b347c5d539ab435623e69,vn:bll-2019,,,,,,,,,84,fastembed-tokenizers:intfloat/multilingual-e5-large:document,82,84,2,512,0,False,False,"Điều 20.2.LQ.103 — Chế độ nâng lương, nâng bậc, phụ cấp, trợ cấp Nguồn: Văn bản hợp nhất Chế độ nâng lương, nâng bậc, phụ cấp, trợ cấp và các chế độ khuyến khích đối với người lao động được thỏa thuận trong hợp đồng lao động, thỏa ước lao đ",,,,
9d1d07fc-3aeb-5d69-862e-f9c7af78e8e0,20.2.LQ.104,Thưởng,article,official-docx:sha256:41341e4fbdf369547f794397faeec5a90005c80a0d7b347c5d539ab435623e69,vn:bll-2019,,,,,,,,,127,fastembed-tokenizers:intfloat/multilingual-e5-large:document,125,127,2,512,0,False,False,"Điều 20.2.LQ.104 — Thưởng Nguồn: Văn bản hợp nhất 1. Thưởng là số tiền hoặc tài sản hoặc bằng các hình thức khác mà người sử dụng lao động thưởng cho người lao động căn cứ vào kết quả sản xuất, kinh doanh, mức độ hoàn thành công việc của ng",,,,
bfed27a2-f5f8-5411-84e3-a0b90b06394c,20.2.LQ.105,Thời giờ làm việc bình thường,article,official-docx:sha256:41341e4fbdf369547f794397faeec5a90005c80a0d7b347c5d539ab435623e69,vn:bll-2019,,,,,,,,,173,fastembed-tokenizers:intfloat/multilingual-e5-large:document,171,173,2,512,0,False,False,Điều 20.2.LQ.105 — Thời giờ làm việc bình thường Nguồn: Văn bản hợp nhất 1. Thời giờ làm việc bình thường không quá 08 giờ trong 01 ngày và không quá 48 giờ trong 01 tuần. 2. Người sử dụng lao động có quyền quy định thời giờ làm việc theo n,,,,
abab2376-7710-5d57-bbdc-85374a0ef799,20.2.LQ.106,Giờ làm việc ban đêm,article,official-docx:sha256:41341e4fbdf369547f794397faeec5a90005c80a0d7b347c5d539ab435623e69,vn:bll-2019,,,,,,,,,41,fastembed-tokenizers:intfloat/multilingual-e5-large:document,39,41,2,512,0,False,False,Điều 20.2.LQ.106 — Giờ làm việc ban đêm Nguồn: Văn bản hợp nhất Giờ làm việc ban đêm được tính từ 22 giờ đến 06 giờ sáng ngày hôm sau.,,,,
566780f2-5223-51ea-8b99-e0398301bdbf,20.2.LQ.107,Làm thêm giờ,clause,official-docx:sha256:41341e4fbdf369547f794397faeec5a90005c80a0d7b347c5d539ab435623e69,vn:bll-2019,,,,,,,,,64,fastembed-tokenizers:intfloat/multilingual-e5-large:document,62,64,2,512,0,False,False,"Điều 20.2.LQ.107 — Làm thêm giờ Khoản: 1 Nguồn: Văn bản hợp nhất 1. Thời gian làm thêm giờ là khoảng thời gian làm việc ngoài thời giờ làm việc bình thường theo quy định của pháp luật, thỏa ước lao động tập thể hoặc nội quy lao động.",,,,
493dc833-06d3-56bd-b88b-76f0a61dd477,20.2.LQ.107,Làm thêm giờ,clause,official-docx:sha256:41341e4fbdf369547f794397faeec5a90005c80a0d7b347c5d539ab435623e69,vn:bll-2019,,,,,,,,,173,fastembed-tokenizers:intfloat/multilingual-e5-large:document,171,173,2,512,0,False,False,"Điều 20.2.LQ.107 — Làm thêm giờ Khoản: 2 Điểm: a, b, c Nguồn: Văn bản hợp nhất 2. Người sử dụng lao động được sử dụng người lao động làm thêm giờ khi đáp ứng đầy đủ các yêu cầu sau đây: a) Phải được sự đồng ý của người lao động; b) Bảo đảm",,,,
c0e2f211-b725-5fbe-a92c-e409933dff9b,20.2.LQ.107,Làm thêm giờ,clause,official-docx:sha256:41341e4fbdf369547f794397faeec5a90005c80a0d7b347c5d539ab435623e69,vn:bll-2019,,,,,,,,,265,fastembed-tokenizers:intfloat/multilingual-e5-large:document,263,265,2,512,0,False,False,"Điều 20.2.LQ.107 — Làm thêm giờ Khoản: 3 Điểm: a, b, c, d, đ Nguồn: Văn bản hợp nhất 3. Người sử dụng lao động được sử dụng người lao động làm thêm không quá 300 giờ trong 01 năm trong một số ngành, nghề, công việc hoặc trường hợp sau đây:",,,,
99672066-b530-540f-a57a-042c75fe05e7,20.2.LQ.107,Làm thêm giờ,clause,official-docx:sha256:41341e4fbdf369547f794397faeec5a90005c80a0d7b347c5d539ab435623e69,vn:bll-2019,,,,,,,,,69,fastembed-tokenizers:intfloat/multilingual-e5-large:document,67,69,2,512,0,False,False,"Điều 20.2.LQ.107 — Làm thêm giờ Khoản: 4 Nguồn: Văn bản hợp nhất 4. Khi tổ chức làm thêm giờ theo quy định tại khoản 3 Điều này, người sử dụng lao động phải thông báo bằng văn bản cho cơ quan chuyên môn về lao động thuộc Ủy ban nhân dân cấp",,,,
8b487b71-7294-5898-9174-5253895b5e2f,20.2.LQ.107,Làm thêm giờ,clause,official-docx:sha256:41341e4fbdf369547f794397faeec5a90005c80a0d7b347c5d539ab435623e69,vn:bll-2019,,,,,,,,,34,fastembed-tokenizers:intfloat/multilingual-e5-large:document,32,34,2,512,0,False,False,Điều 20.2.LQ.107 — Làm thêm giờ Khoản: 5 Nguồn: Văn bản hợp nhất 5. Chính phủ quy định chi tiết Điều này.,,,,
3df78b85-94a6-56c4-a7d6-217a598ce399,20.2.LQ.108,Làm thêm giờ trong trường hợp đặc biệt,article,official-docx:sha256:41341e4fbdf369547f794397faeec5a90005c80a0d7b347c5d539ab435623e69,vn:bll-2019,,,,,,,,,192,fastembed-tokenizers:intfloat/multilingual-e5-large:document,190,192,2,512,0,False,False,Điều 20.2.LQ.108 — Làm thêm giờ trong trường hợp đặc biệt Nguồn: Văn bản hợp nhất Người sử dụng lao động có quyền yêu cầu người lao động làm thêm giờ vào bất kỳ ngày nào mà không bị giới hạn về số giờ làm thêm theo quy định tại Điều 107 của,,,,
fe4fe6fd-6f8d-53a3-aa88-95a475b5f357,20.2.LQ.109,Nghỉ trong giờ làm việc,article,official-docx:sha256:41341e4fbdf369547f794397faeec5a90005c80a0d7b347c5d539ab435623e69,vn:bll-2019,,,,,,,,,152,fastembed-tokenizers:intfloat/multilingual-e5-large:document,150,152,2,512,0,False,False,"Điều 20.2.LQ.109 — Nghỉ trong giờ làm việc Nguồn: Văn bản hợp nhất 1. Người lao động làm việc theo thời giờ làm việc quy định tại Điều 105 của Bộ luật này từ 06 giờ trở lên trong một ngày thì được nghỉ giữa giờ ít nhất 30 phút liên tục, làm",,,,
1bb1de57-a38c-5db2-8037-37c8882e3671,20.2.LQ.110,Nghỉ chuyển ca,article,official-docx:sha256:41341e4fbdf369547f794397faeec5a90005c80a0d7b347c5d539ab435623e69,vn:bll-2019,,,,,,,,,45,fastembed-tokenizers:intfloat/multilingual-e5-large:document,43,45,2,512,0,False,False,Điều 20.2.LQ.110 — Nghỉ chuyển ca Nguồn: Văn bản hợp nhất Người lao động làm việc theo ca được nghỉ ít nhất 12 giờ trước khi chuyển sang ca làm việc khác.,,,,
87d09f90-aa84-50f5-94f6-04292bc2db1c,20.2.LQ.111,Nghỉ hằng tuần,article,official-docx:sha256:41341e4fbdf369547f794397faeec5a90005c80a0d7b347c5d539ab435623e69,vn:bll-2019,,,,,,,,,167,fastembed-tokenizers:intfloat/multilingual-e5-large:document,165,167,2,512,0,False,False,"Điều 20.2.LQ.111 — Nghỉ hằng tuần Nguồn: Văn bản hợp nhất 1. Mỗi tuần, người lao động được nghỉ ít nhất 24 giờ liên tục. Trong trường hợp đặc biệt do chu kỳ lao động không thể nghỉ hằng tuần thì người sử dụng lao động có trách nhiệm bảo đảm",,,,
a862043e-40bf-5684-8323-2439363bc0fa,20.2.LQ.112,"Nghỉ lễ, tết",article,official-docx:sha256:41341e4fbdf369547f794397faeec5a90005c80a0d7b347c5d539ab435623e69,vn:bll-2019,,,,,,,,,232,fastembed-tokenizers:intfloat/multilingual-e5-large:document,230,232,2,512,0,False,False,"Điều 20.2.LQ.112 — Nghỉ lễ, tết Nguồn: Văn bản hợp nhất 1. Người lao động được nghỉ làm việc, hưởng nguyên lương trong những ngày lễ, tết sau đây: a) Tết Dương lịch: 01 ngày (ngày 01 tháng 01 dương lịch); b) Tết Âm lịch: 05 ngày; c) Ngày Ch",,,,
1af0c29c-f105-5eb9-a61b-9e9bef8ed853,20.2.LQ.113,Nghỉ hằng năm,article,official-docx:sha256:41341e4fbdf369547f794397faeec5a90005c80a0d7b347c5d539ab435623e69,vn:bll-2019,,,,,,,,,404,fastembed-tokenizers:intfloat/multilingual-e5-large:document,402,404,2,512,0,False,False,"Điều 20.2.LQ.113 — Nghỉ hằng năm Nguồn: Văn bản hợp nhất 1. Người lao động làm việc đủ 12 tháng cho một người sử dụng lao động thì được nghỉ hằng năm, hưởng nguyên lương theo hợp đồng lao động như sau: a) 12 ngày làm việc đối với người làm",,,,
880d7eba-c56d-5934-bec9-46c394b2bf4c,20.2.LQ.114,Ngày nghỉ hằng năm tăng thêm theo thâm niên làm việc,article,official-docx:sha256:41341e4fbdf369547f794397faeec5a90005c80a0d7b347c5d539ab435623e69,vn:bll-2019,,,,,,,,,74,fastembed-tokenizers:intfloat/multilingual-e5-large:document,72,74,2,512,0,False,False,Điều 20.2.LQ.114 — Ngày nghỉ hằng năm tăng thêm theo thâm niên làm việc Nguồn: Văn bản hợp nhất Cứ đủ 05 năm làm việc cho một người sử dụng lao động thì số ngày nghỉ hằng năm của người lao động theo quy định tại khoản 1 Điều 113 của Bộ luật,,,,
f446df4e-d3b6-5f2e-a871-5bb9a9a16187,20.2.LQ.115,"Nghỉ việc riêng, nghỉ không hưởng lương",article,official-docx:sha256:41341e4fbdf369547f794397faeec5a90005c80a0d7b347c5d539ab435623e69,vn:bll-2019,,,,,,,,,219,fastembed-tokenizers:intfloat/multilingual-e5-large:document,217,219,2,512,0,False,False,"Điều 20.2.LQ.115 — Nghỉ việc riêng, nghỉ không hưởng lương Nguồn: Văn bản hợp nhất 1. Người lao động được nghỉ việc riêng mà vẫn hưởng nguyên lương và phải thông báo với người sử dụng lao động trong trường hợp sau đây: a) Kết hôn: nghỉ 03 n",,,,
4d4fdb6b-066f-5f2c-97ad-aa8af09705c0,20.2.LQ.116,"Thời giờ làm việc, thời giờ nghỉ ngơi đối với người làm công việc có tính chất đặc biệt",article,official-docx:sha256:41341e4fbdf369547f794397faeec5a90005c80a0d7b347c5d539ab435623e69,vn:bll-2019,,,,,,,,,242,fastembed-tokenizers:intfloat/multilingual-e5-large:document,240,242,2,512,0,False,False,"Điều 20.2.LQ.116 — Thời giờ làm việc, thời giờ nghỉ ngơi đối với người làm công việc có tính chất đặc biệt Nguồn: Văn bản hợp nhất Đối với các công việc có tính chất đặc biệt trong lĩnh vực vận tải đường bộ, đường sắt, đường thủy, đường hàn",,,,
c5a126de-8984-5830-8077-5216eb97b568,20.2.LQ.117,Kỷ luật lao động,article,official-docx:sha256:41341e4fbdf369547f794397faeec5a90005c80a0d7b347c5d539ab435623e69,vn:bll-2019,,,,,,,,,74,fastembed-tokenizers:intfloat/multilingual-e5-large:document,72,74,2,512,0,False,False,"Điều 20.2.LQ.117 — Kỷ luật lao động Nguồn: Văn bản hợp nhất Kỷ luật lao động là những quy định về việc tuân theo thời gian, công nghệ và điều hành sản xuất, kinh doanh do người sử dụng lao động ban hành trong nội quy lao động và do pháp luậ",,,,
e387ba25-2843-5d1e-a984-11aa3f2dad3d,20.2.LQ.118,Nội quy lao động,article,official-docx:sha256:41341e4fbdf369547f794397faeec5a90005c80a0d7b347c5d539ab435623e69,vn:bll-2019,,,,,,,,,384,fastembed-tokenizers:intfloat/multilingual-e5-large:document,382,384,2,512,0,False,False,"Điều 20.2.LQ.118 — Nội quy lao động Nguồn: Văn bản hợp nhất 1. Người sử dụng lao động phải ban hành nội quy lao động, nếu sử dụng từ 10 người lao động trở lên thì nội quy lao động phải bằng văn bản. 2. Nội dung nội quy lao động không được t",,,,
7bbae293-e731-566e-b332-6a6719a6302b,20.2.LQ.119,Đăng ký nội quy lao động,article,official-docx:sha256:41341e4fbdf369547f794397faeec5a90005c80a0d7b347c5d539ab435623e69,vn:bll-2019,,,,,,,,,320,fastembed-tokenizers:intfloat/multilingual-e5-large:document,318,320,2,512,0,False,False,Điều 20.2.LQ.119 — Đăng ký nội quy lao động Nguồn: Văn bản hợp nhất 1. Người sử dụng lao động sử dụng từ 10 người lao động trở lên phải đăng ký nội quy lao động tại cơ quan chuyên môn về lao động thuộc Ủy ban nhân dân cấp tỉnh nơi người sử,,,,
75f59392-d9ab-587d-ac0f-c89f09bef790,20.2.LQ.120,Hồ sơ đăng ký nội quy lao động,article,official-docx:sha256:41341e4fbdf369547f794397faeec5a90005c80a0d7b347c5d539ab435623e69,vn:bll-2019,,,,,,,,,124,fastembed-tokenizers:intfloat/multilingual-e5-large:document,122,124,2,512,0,False,False,Điều 20.2.LQ.120 — Hồ sơ đăng ký nội quy lao động Nguồn: Văn bản hợp nhất Hồ sơ đăng ký nội quy lao động bao gồm: 1. Văn bản đề nghị đăng ký nội quy lao động; 2. Nội quy lao động; 3. Văn bản góp ý của tổ chức đại diện người lao động tại cơ,,,,
599d15fa-90fc-5749-90d1-5e6965c7917d,20.2.LQ.121,Hiệu lực của nội quy lao động,article,official-docx:sha256:41341e4fbdf369547f794397faeec5a90005c80a0d7b347c5d539ab435623e69,vn:bll-2019,,,,,,,,,115,fastembed-tokenizers:intfloat/multilingual-e5-large:document,113,115,2,512,0,False,False,Điều 20.2.LQ.121 — Hiệu lực của nội quy lao động Nguồn: Văn bản hợp nhất Nội quy lao động có hiệu lực sau 15 ngày kể từ ngày cơ quan nhà nước có thẩm quyền quy định tại Điều 119 của Bộ luật này nhận được đầy đủ hồ sơ đăng ký nội quy lao độn,,,,
42963c0c-22e4-5f03-a66b-f107d2d6510e,20.2.LQ.122,"Nguyên tắc, trình tự, thủ tục xử lý kỷ luật lao động",article,official-docx:sha256:41341e4fbdf369547f794397faeec5a90005c80a0d7b347c5d539ab435623e69,vn:bll-2019,,,,,,,,,431,fastembed-tokenizers:intfloat/multilingual-e5-large:document,429,431,2,512,0,False,False,"Điều 20.2.LQ.122 — Nguyên tắc, trình tự, thủ tục xử lý kỷ luật lao động Nguồn: Văn bản hợp nhất 1. Việc xử lý kỷ luật lao động được quy định như sau: a) Người sử dụng lao động phải chứng minh được lỗi của người lao động; b) Phải có sự tham",,,,
b30a237f-2b51-554b-a361-21e07bfb91c0,20.2.LQ.123,Thời hiệu xử lý kỷ luật lao động,article,official-docx:sha256:41341e4fbdf369547f794397faeec5a90005c80a0d7b347c5d539ab435623e69,vn:bll-2019,,,,,,,,,191,fastembed-tokenizers:intfloat/multilingual-e5-large:document,189,191,2,512,0,False,False,"Điều 20.2.LQ.123 — Thời hiệu xử lý kỷ luật lao động Nguồn: Văn bản hợp nhất 1. Thời hiệu xử lý kỷ luật lao động là 06 tháng kể từ ngày xảy ra hành vi vi phạm; trường hợp hành vi vi phạm liên quan trực tiếp đến tài chính, tài sản, tiết lộ bí",,,,
ba771131-ce90-5471-bc5c-1f14a6d4bf3b,20.2.LQ.124,Hình thức xử lý kỷ luật lao động,article,official-docx:sha256:41341e4fbdf369547f794397faeec5a90005c80a0d7b347c5d539ab435623e69,vn:bll-2019,,,,,,,,,54,fastembed-tokenizers:intfloat/multilingual-e5-large:document,52,54,2,512,0,False,False,Điều 20.2.LQ.124 — Hình thức xử lý kỷ luật lao động Nguồn: Văn bản hợp nhất 1. Khiển trách. 2. Kéo dài thời hạn nâng lương không quá 06 tháng. 3. Cách chức. 4. Sa thải.,,,,
bf0d029a-dc70-5b7a-bbb6-205f55b1d835,20.2.LQ.125,Áp dụng hình thức xử lý kỷ luật sa thải,article,official-docx:sha256:41341e4fbdf369547f794397faeec5a90005c80a0d7b347c5d539ab435623e69,vn:bll-2019,,,,,,,,,348,fastembed-tokenizers:intfloat/multilingual-e5-large:document,346,348,2,512,0,False,False,"Điều 20.2.LQ.125 — Áp dụng hình thức xử lý kỷ luật sa thải Nguồn: Văn bản hợp nhất Hình thức xử lý kỷ luật sa thải được người sử dụng lao động áp dụng trong trường hợp sau đây: 1. Người lao động có hành vi trộm cắp, tham ô, đánh bạc, cố ý g",,,,
731086e4-c1cf-540e-b6ed-ffb5caf83603,20.2.LQ.126,"Xóa kỷ luật, giảm thời hạn chấp hành kỷ luật lao động",article,official-docx:sha256:41341e4fbdf369547f794397faeec5a90005c80a0d7b347c5d539ab435623e69,vn:bll-2019,,,,,,,,,142,fastembed-tokenizers:intfloat/multilingual-e5-large:document,140,142,2,512,0,False,False,"Điều 20.2.LQ.126 — Xóa kỷ luật, giảm thời hạn chấp hành kỷ luật lao động Nguồn: Văn bản hợp nhất 1. Người lao động bị khiển trách sau 03 tháng hoặc bị xử lý kỷ luật kéo dài thời hạn nâng lương sau 06 tháng hoặc bị xử lý kỷ luật cách chức sa",,,,
a0815cbb-3ca0-5e05-b193-18b5df810a2b,20.2.LQ.127,Các hành vi bị nghiêm cấm khi xử lý kỷ luật lao động,article,official-docx:sha256:41341e4fbdf369547f794397faeec5a90005c80a0d7b347c5d539ab435623e69,vn:bll-2019,,,,,,,,,128,fastembed-tokenizers:intfloat/multilingual-e5-large:document,126,128,2,512,0,False,False,"Điều 20.2.LQ.127 — Các hành vi bị nghiêm cấm khi xử lý kỷ luật lao động Nguồn: Văn bản hợp nhất 1. Xâm phạm sức khỏe, danh dự, tính mạng, uy tín, nhân phẩm của người lao động. 2. Phạt tiền, cắt lương thay việc xử lý kỷ luật lao động. 3. Xử",,,,
20d81f9d-06e0-5c42-ab45-63a9adfa45c9,20.2.LQ.128,Tạm đình chỉ công việc,article,official-docx:sha256:41341e4fbdf369547f794397faeec5a90005c80a0d7b347c5d539ab435623e69,vn:bll-2019,,,,,,,,,276,fastembed-tokenizers:intfloat/multilingual-e5-large:document,274,276,2,512,0,False,False,Điều 20.2.LQ.128 — Tạm đình chỉ công việc Nguồn: Văn bản hợp nhất 1. Người sử dụng lao động có quyền tạm đình chỉ công việc của người lao động khi vụ việc vi phạm có những tình tiết phức tạp nếu xét thấy để người lao động tiếp tục làm việc,,,,
852b5e73-0a00-53d3-93c3-d5ee02862304,20.2.LQ.129,Bồi thường thiệt hại,article,official-docx:sha256:41341e4fbdf369547f794397faeec5a90005c80a0d7b347c5d539ab435623e69,vn:bll-2019,,,,,,,,,301,fastembed-tokenizers:intfloat/multilingual-e5-large:document,299,301,2,512,0,False,False,"Điều 20.2.LQ.129 — Bồi thường thiệt hại Nguồn: Văn bản hợp nhất 1. Người lao động làm hư hỏng dụng cụ, thiết bị hoặc có hành vi khác gây thiệt hại tài sản của người sử dụng lao động thì phải bồi thường theo quy định của pháp luật hoặc nội q",,,,
dffa99e7-eeea-584f-ae8e-9b4cb0f0e612,20.2.LQ.130,Xử lý bồi thường thiệt hại,article,official-docx:sha256:41341e4fbdf369547f794397faeec5a90005c80a0d7b347c5d539ab435623e69,vn:bll-2019,,,,,,,,,89,fastembed-tokenizers:intfloat/multilingual-e5-large:document,87,89,2,512,0,False,False,"Điều 20.2.LQ.130 — Xử lý bồi thường thiệt hại Nguồn: Văn bản hợp nhất 1. Việc xem xét, quyết định mức bồi thường thiệt hại phải căn cứ vào lỗi, mức độ thiệt hại thực tế và hoàn cảnh thực tế gia đình, nhân thân và tài sản của người lao động.",,,,
b48a1a55-5482-5cb6-b81b-b90db312dfd6,20.2.LQ.131,"Khiếu nại về kỷ luật lao động, trách nhiệm vật chất",article,official-docx:sha256:41341e4fbdf369547f794397faeec5a90005c80a0d7b347c5d539ab435623e69,vn:bll-2019,,,,,,,,,118,fastembed-tokenizers:intfloat/multilingual-e5-large:document,116,118,2,512,0,False,False,"Điều 20.2.LQ.131 — Khiếu nại về kỷ luật lao động, trách nhiệm vật chất Nguồn: Văn bản hợp nhất Người bị xử lý kỷ luật lao động, bị tạm đình chỉ công việc hoặc phải bồi thường theo chế độ trách nhiệm vật chất nếu thấy không thỏa đáng có quyề",,,,
b3ed4e2e-3c67-5c77-9a95-9f0a2366a793,20.2.LQ.132,"Tuân thủ pháp luật về an toàn, vệ sinh lao động",article,official-docx:sha256:41341e4fbdf369547f794397faeec5a90005c80a0d7b347c5d539ab435623e69,vn:bll-2019,,,,,,,,,83,fastembed-tokenizers:intfloat/multilingual-e5-large:document,81,83,2,512,0,False,False,"Điều 20.2.LQ.132 — Tuân thủ pháp luật về an toàn, vệ sinh lao động Nguồn: Văn bản hợp nhất Người sử dụng lao động, người lao động và cơ quan, tổ chức, cá nhân có liên quan đến lao động, sản xuất, kinh doanh phải thực hiện quy định của pháp",,,,
ca062d91-64e9-5644-8d64-69493411f4be,20.2.LQ.133,"Chương trình an toàn, vệ sinh lao động",article,official-docx:sha256:41341e4fbdf369547f794397faeec5a90005c80a0d7b347c5d539ab435623e69,vn:bll-2019,,,,,,,,,89,fastembed-tokenizers:intfloat/multilingual-e5-large:document,87,89,2,512,0,False,False,"Điều 20.2.LQ.133 — Chương trình an toàn, vệ sinh lao động Nguồn: Văn bản hợp nhất 1. Chính phủ quyết định Chương trình quốc gia về an toàn, vệ sinh lao động. 2. Ủy ban nhân dân cấp tỉnh trình Hội đồng nhân dân cùng cấp quyết định Chương trì",,,,
01bd18fc-a4f0-5d04-b7c8-76a895364e71,20.2.LQ.134,"Bảo đảm an toàn, vệ sinh lao động tại nơi làm việc",article,official-docx:sha256:41341e4fbdf369547f794397faeec5a90005c80a0d7b347c5d539ab435623e69,vn:bll-2019,,,,,,,,,128,fastembed-tokenizers:intfloat/multilingual-e5-large:document,126,128,2,512,0,False,False,"Điều 20.2.LQ.134 — Bảo đảm an toàn, vệ sinh lao động tại nơi làm việc Nguồn: Văn bản hợp nhất 1. Người sử dụng lao động có trách nhiệm thực hiện đầy đủ các giải pháp nhằm bảo đảm an toàn, vệ sinh lao động tại nơi làm việc. 2. Người lao động",,,,
be069ad3-6933-5cf6-839d-0fc5040e15ac,20.2.LQ.135,Chính sách của Nhà nước,article,official-docx:sha256:41341e4fbdf369547f794397faeec5a90005c80a0d7b347c5d539ab435623e69,vn:bll-2019,,,,,,,,,304,fastembed-tokenizers:intfloat/multilingual-e5-large:document,302,304,2,512,0,False,False,"Điều 20.2.LQ.135 — Chính sách của Nhà nước Nguồn: Văn bản hợp nhất 1. Bảo đảm quyền bình đẳng của lao động nữ, lao động nam, thực hiện các biện pháp bảo đảm bình đẳng giới và phòng, chống quấy rối tình dục tại nơi làm việc. 2. Khuyến khích",,,,
c579875b-5535-502d-93af-b0a104b09e96,20.2.LQ.136,Trách nhiệm của người sử dụng lao động,article,official-docx:sha256:41341e4fbdf369547f794397faeec5a90005c80a0d7b347c5d539ab435623e69,vn:bll-2019,,,,,,,,,161,fastembed-tokenizers:intfloat/multilingual-e5-large:document,159,161,2,512,0,False,False,"Điều 20.2.LQ.136 — Trách nhiệm của người sử dụng lao động Nguồn: Văn bản hợp nhất 1. Bảo đảm thực hiện bình đẳng giới và các biện pháp thúc đẩy bình đẳng giới trong tuyển dụng, bố trí, sắp xếp việc làm, đào tạo, thời giờ làm việc, thời giờ",,,,
beeaf23f-a054-51c6-bcb6-eaa6a028c0e3,20.2.LQ.137,Bảo vệ thai sản,article,official-docx:sha256:41341e4fbdf369547f794397faeec5a90005c80a0d7b347c5d539ab435623e69,vn:bll-2019,,,,,,,,,458,fastembed-tokenizers:intfloat/multilingual-e5-large:document,456,458,2,512,0,False,False,"Điều 20.2.LQ.137 — Bảo vệ thai sản Nguồn: Văn bản hợp nhất 1. Người sử dụng lao động không được sử dụng người lao động làm việc ban đêm, làm thêm giờ và đi công tác xa trong trường hợp sau đây: a) Mang thai từ tháng thứ 07 hoặc từ tháng thứ",,,,
80a0d1d0-7df3-5b1b-b1eb-0805e735e518,20.2.LQ.138,"Quyền đơn phương chấm dứt, tạm hoãn hợp đồng lao động của lao động nữ mang thai",article,official-docx:sha256:41341e4fbdf369547f794397faeec5a90005c80a0d7b347c5d539ab435623e69,vn:bll-2019,,,,,,,,,262,fastembed-tokenizers:intfloat/multilingual-e5-large:document,260,262,2,512,0,False,False,"Điều 20.2.LQ.138 — Quyền đơn phương chấm dứt, tạm hoãn hợp đồng lao động của lao động nữ mang thai Nguồn: Văn bản hợp nhất 1. Lao động nữ mang thai nếu có xác nhận của cơ sở khám bệnh, chữa bệnh có thẩm quyền về việc tiếp tục làm việc sẽ ản",,,,
d0d33541-efbf-5f7f-850f-8f7c8cd2e164,20.2.LQ.139,Nghỉ thai sản,article,official-docx:sha256:41341e4fbdf369547f794397faeec5a90005c80a0d7b347c5d539ab435623e69,vn:bll-2019,,,,,,,,,379,fastembed-tokenizers:intfloat/multilingual-e5-large:document,377,379,2,512,0,False,False,"Điều 20.2.LQ.139 — Nghỉ thai sản Nguồn: Văn bản hợp nhất 1.4 Lao động nữ được nghỉ thai sản trước và sau khi sinh con là 06 tháng; trường hợp sinh con thứ hai, lao động nữ được nghỉ thai sản trước và sau khi sinh con là 07 tháng; thời gian",,,,
123fca0e-3d3c-5ec3-8cbb-87e921aeaed0,20.2.LQ.140,Bảo đảm việc làm cho lao động nghỉ thai sản,article,official-docx:sha256:41341e4fbdf369547f794397faeec5a90005c80a0d7b347c5d539ab435623e69,vn:bll-2019,,,,,,,,,121,fastembed-tokenizers:intfloat/multilingual-e5-large:document,119,121,2,512,0,False,False,"Điều 20.2.LQ.140 — Bảo đảm việc làm cho lao động nghỉ thai sản Nguồn: Văn bản hợp nhất Lao động được bảo đảm việc làm cũ khi trở lại làm việc sau khi nghỉ hết thời gian theo quy định tại các khoản 1, 3 và 5 Điều 139 của Bộ luật này mà không",,,,
bb60260d-8cb2-55f0-86f3-7190d9531d5a,20.2.LQ.141,"Trợ cấp trong thời gian chăm sóc con ốm đau, thai sản và thực hiện các biện pháp tránh thai",article,official-docx:sha256:41341e4fbdf369547f794397faeec5a90005c80a0d7b347c5d539ab435623e69,vn:bll-2019,,,,,,,,,112,fastembed-tokenizers:intfloat/multilingual-e5-large:document,110,112,2,512,0,False,False,"Điều 20.2.LQ.141 — Trợ cấp trong thời gian chăm sóc con ốm đau, thai sản và thực hiện các biện pháp tránh thai Nguồn: Văn bản hợp nhất Thời gian nghỉ việc khi chăm sóc con dưới 07 tuổi ốm đau, khám thai, sẩy thai, nạo, hút thai, thai chết l",,,,
124b6c9a-7929-50f4-8717-0d32f3e68ec0,20.2.LQ.142,"Nghề, công việc có ảnh hưởng xấu tới chức năng sinh sản và nuôi con",article,official-docx:sha256:41341e4fbdf369547f794397faeec5a90005c80a0d7b347c5d539ab435623e69,vn:bll-2019,,,,,,,,,143,fastembed-tokenizers:intfloat/multilingual-e5-large:document,141,143,2,512,0,False,False,"Điều 20.2.LQ.142 — Nghề, công việc có ảnh hưởng xấu tới chức năng sinh sản và nuôi con Nguồn: Văn bản hợp nhất 1. Bộ trưởng Bộ Lao động - Thương binh và Xã hội ban hành danh mục nghề, công việc có ảnh hưởng xấu tới chức năng sinh sản và nuô",,,,
b575e851-d714-5770-a341-722ac4a5a28f,20.2.LQ.143,Lao động chưa thành niên,article,official-docx:sha256:41341e4fbdf369547f794397faeec5a90005c80a0d7b347c5d539ab435623e69,vn:bll-2019,,,,,,,,,132,fastembed-tokenizers:intfloat/multilingual-e5-large:document,130,132,2,512,0,False,False,Điều 20.2.LQ.143 — Lao động chưa thành niên Nguồn: Văn bản hợp nhất 1. Lao động chưa thành niên là người lao động chưa đủ 18 tuổi. 2. Người từ đủ 15 tuổi đến chưa đủ 18 tuổi không được làm công việc hoặc làm việc ở nơi làm việc quy định tại,,,,
81fc4a9e-9d63-5c0d-8a91-399648520bb3,20.2.LQ.144,Nguyên tắc sử dụng lao động chưa thành niên,article,official-docx:sha256:41341e4fbdf369547f794397faeec5a90005c80a0d7b347c5d539ab435623e69,vn:bll-2019,,,,,,,,,224,fastembed-tokenizers:intfloat/multilingual-e5-large:document,222,224,2,512,0,False,False,"Điều 20.2.LQ.144 — Nguyên tắc sử dụng lao động chưa thành niên Nguồn: Văn bản hợp nhất 1. Lao động chưa thành niên chỉ được làm công việc phù hợp với sức khỏe để bảo đảm sự phát triển thể lực, trí lực, nhân cách. 2. Người sử dụng lao động k",,,,
5f9fbf75-d1fe-541c-8080-486f2793b74a,20.2.LQ.145,Sử dụng người chưa đủ 15 tuổi làm việc,article,official-docx:sha256:41341e4fbdf369547f794397faeec5a90005c80a0d7b347c5d539ab435623e69,vn:bll-2019,,,,,,,,,324,fastembed-tokenizers:intfloat/multilingual-e5-large:document,322,324,2,512,0,False,False,"Điều 20.2.LQ.145 — Sử dụng người chưa đủ 15 tuổi làm việc Nguồn: Văn bản hợp nhất 1. Khi sử dụng người chưa đủ 15 tuổi làm việc, người sử dụng lao động phải tuân theo quy định sau đây: a) Phải giao kết hợp đồng lao động bằng văn bản với ngư",,,,
38620a4e-8bef-5ae1-8a57-5c05a82b693b,20.2.LQ.146,Thời giờ làm việc của người chưa thành niên,article,official-docx:sha256:41341e4fbdf369547f794397faeec5a90005c80a0d7b347c5d539ab435623e69,vn:bll-2019,,,,,,,,,143,fastembed-tokenizers:intfloat/multilingual-e5-large:document,141,143,2,512,0,False,False,"Điều 20.2.LQ.146 — Thời giờ làm việc của người chưa thành niên Nguồn: Văn bản hợp nhất 1. Thời giờ làm việc của người chưa đủ 15 tuổi không được quá 04 giờ trong 01 ngày và 20 giờ trong 01 tuần; không được làm thêm giờ, làm việc vào ban đêm",,,,
1ea0792d-0507-5802-8538-0b4b6953f08c,20.2.LQ.147,Công việc và nơi làm việc cấm sử dụng người lao động từ đủ 15 tuổi đến chưa đủ 18 tuổi,article,official-docx:sha256:41341e4fbdf369547f794397faeec5a90005c80a0d7b347c5d539ab435623e69,vn:bll-2019,,,,,,,,,392,fastembed-tokenizers:intfloat/multilingual-e5-large:document,390,392,2,512,0,False,False,"Điều 20.2.LQ.147 — Công việc và nơi làm việc cấm sử dụng người lao động từ đủ 15 tuổi đến chưa đủ 18 tuổi Nguồn: Văn bản hợp nhất 1. Cấm sử dụng người lao động từ đủ 15 tuổi đến chưa đủ 18 tuổi làm các công việc sau đây: a) Mang, vác, nâng",,,,
1312e561-2884-5d8e-84cb-e1993de3ec21,20.2.LQ.148,Người lao động cao tuổi,article,official-docx:sha256:41341e4fbdf369547f794397faeec5a90005c80a0d7b347c5d539ab435623e69,vn:bll-2019,,,,,,,,,130,fastembed-tokenizers:intfloat/multilingual-e5-large:document,128,130,2,512,0,False,False,Điều 20.2.LQ.148 — Người lao động cao tuổi Nguồn: Văn bản hợp nhất 1. Người lao động cao tuổi là người tiếp tục lao động sau độ tuổi theo quy định tại khoản 2 Điều 169 của Bộ luật này. 2. Người lao động cao tuổi có quyền thỏa thuận với ngườ,,,,
0ff2c9bb-fbb4-5899-a06a-f7eac5516c0a,20.2.LQ.149,Sử dụng người lao động cao tuổi,article,official-docx:sha256:41341e4fbdf369547f794397faeec5a90005c80a0d7b347c5d539ab435623e69,vn:bll-2019,,,,,,,,,222,fastembed-tokenizers:intfloat/multilingual-e5-large:document,220,222,2,512,0,False,False,"Điều 20.2.LQ.149 — Sử dụng người lao động cao tuổi Nguồn: Văn bản hợp nhất 1. Khi sử dụng người lao động cao tuổi, hai bên có thể thỏa thuận giao kết nhiều lần hợp đồng lao động xác định thời hạn. 2. Khi người lao động cao tuổi đang hưởng l",,,,
744424ed-ba45-5965-858e-c558838c4495,20.2.LQ.150,"Người lao động Việt Nam đi làm việc ở nước ngoài, lao động cho các tổ chức, cá nhân nước ngoài tại Việt Nam",article,official-docx:sha256:41341e4fbdf369547f794397faeec5a90005c80a0d7b347c5d539ab435623e69,vn:bll-2019,,,,,,,,,238,fastembed-tokenizers:intfloat/multilingual-e5-large:document,236,238,2,512,0,False,False,"Điều 20.2.LQ.150 — Người lao động Việt Nam đi làm việc ở nước ngoài, lao động cho các tổ chức, cá nhân nước ngoài tại Việt Nam Nguồn: Văn bản hợp nhất 1. Nhà nước khuyến khích doanh nghiệp, cơ quan, tổ chức, cá nhân tìm kiếm và mở rộng thị",,,,
1a1bd43d-e257-577f-ba8a-4a19c1e705c8,20.2.LQ.151,Điều kiện người lao động nước ngoài làm việc tại Việt Nam,article,official-docx:sha256:41341e4fbdf369547f794397faeec5a90005c80a0d7b347c5d539ab435623e69,vn:bll-2019,,,,,,,,,319,fastembed-tokenizers:intfloat/multilingual-e5-large:document,317,319,2,512,0,False,False,Điều 20.2.LQ.151 — Điều kiện người lao động nước ngoài làm việc tại Việt Nam Nguồn: Văn bản hợp nhất 1. Người lao động nước ngoài làm việc tại Việt Nam là người có quốc tịch nước ngoài và phải đáp ứng các điều kiện sau đây: a) Đủ 18 tuổi tr,,,,
67c75c3b-6d00-5ec2-9efa-8d0c7b73c424,20.2.LQ.152,"Điều kiện tuyển dụng, sử dụng người lao động nước ngoài làm việc tại Việt Nam",article,official-docx:sha256:41341e4fbdf369547f794397faeec5a90005c80a0d7b347c5d539ab435623e69,vn:bll-2019,,,,,,,,,233,fastembed-tokenizers:intfloat/multilingual-e5-large:document,231,233,2,512,0,False,False,"Điều 20.2.LQ.152 — Điều kiện tuyển dụng, sử dụng người lao động nước ngoài làm việc tại Việt Nam Nguồn: Văn bản hợp nhất 1. Doanh nghiệp, cơ quan, tổ chức, cá nhân, nhà thầu chỉ được tuyển dụng người lao động nước ngoài vào làm vị trí công",,,,
c77352b4-bfb2-566c-98c8-5523055da3e5,20.2.LQ.153,Trách nhiệm của người sử dụng lao động và người lao động nước ngoài,article,official-docx:sha256:41341e4fbdf369547f794397faeec5a90005c80a0d7b347c5d539ab435623e69,vn:bll-2019,,,,,,,,,154,fastembed-tokenizers:intfloat/multilingual-e5-large:document,152,154,2,512,0,False,False,Điều 20.2.LQ.153 — Trách nhiệm của người sử dụng lao động và người lao động nước ngoài Nguồn: Văn bản hợp nhất 1. Người lao động nước ngoài phải xuất trình giấy phép lao động khi có yêu cầu của cơ quan nhà nước có thẩm quyền. 2. Người lao đ,,,,
75628413-5dec-5e96-8ab3-305aec010901,20.2.LQ.154,Người lao động nước ngoài làm việc tại Việt Nam không thuộc diện cấp giấy phép lao động,article,official-docx:sha256:41341e4fbdf369547f794397faeec5a90005c80a0d7b347c5d539ab435623e69,vn:bll-2019,,,,,,,,,326,fastembed-tokenizers:intfloat/multilingual-e5-large:document,324,326,2,512,0,False,False,Điều 20.2.LQ.154 — Người lao động nước ngoài làm việc tại Việt Nam không thuộc diện cấp giấy phép lao động Nguồn: Văn bản hợp nhất 1. Là chủ sở hữu hoặc thành viên góp vốn của công ty trách nhiệm hữu hạn có giá trị góp vốn theo quy định của,,,,
31f46b2c-10ac-5f5e-9fa0-863e463bfc9f,20.2.LQ.155,Thời hạn của giấy phép lao động,article,official-docx:sha256:41341e4fbdf369547f794397faeec5a90005c80a0d7b347c5d539ab435623e69,vn:bll-2019,,,,,,,,,60,fastembed-tokenizers:intfloat/multilingual-e5-large:document,58,60,2,512,0,False,False,"Điều 20.2.LQ.155 — Thời hạn của giấy phép lao động Nguồn: Văn bản hợp nhất Thời hạn của giấy phép lao động tối đa là 02 năm, trường hợp gia hạn thì chỉ được gia hạn một lần với thời hạn tối đa là 02 năm.",,,,
a3b415ba-6c28-50d4-b6d8-6ccf955283c6,20.2.LQ.156,Các trường hợp giấy phép lao động hết hiệu lực,article,official-docx:sha256:41341e4fbdf369547f794397faeec5a90005c80a0d7b347c5d539ab435623e69,vn:bll-2019,,,,,,,,,185,fastembed-tokenizers:intfloat/multilingual-e5-large:document,183,185,2,512,0,False,False,Điều 20.2.LQ.156 — Các trường hợp giấy phép lao động hết hiệu lực Nguồn: Văn bản hợp nhất 1. Giấy phép lao động hết thời hạn. 2. Chấm dứt hợp đồng lao động. 3. Nội dung của hợp đồng lao động không đúng với nội dung của giấy phép lao động đã,,,,
b6b0826d-7e33-5295-be17-8d0774ea88e1,20.2.LQ.157,"Cấp, cấp lại, gia hạn, thu hồi giấy phép lao động, giấy xác nhận không thuộc diện cấp giấy phép lao động",article,official-docx:sha256:41341e4fbdf369547f794397faeec5a90005c80a0d7b347c5d539ab435623e69,vn:bll-2019,,,,,,,,,102,fastembed-tokenizers:intfloat/multilingual-e5-large:document,100,102,2,512,0,False,False,"Điều 20.2.LQ.157 — Cấp, cấp lại, gia hạn, thu hồi giấy phép lao động, giấy xác nhận không thuộc diện cấp giấy phép lao động Nguồn: Văn bản hợp nhất Chính phủ quy định điều kiện, trình tự, thủ tục cấp, cấp lại, gia hạn, thu hồi giấy phép lao",,,,
6537faf8-58bc-5f8c-b102-24f7399878d3,20.2.LQ.158,Chính sách của Nhà nước đối với lao động là người khuyết tật,article,official-docx:sha256:41341e4fbdf369547f794397faeec5a90005c80a0d7b347c5d539ab435623e69,vn:bll-2019,,,,,,,,,102,fastembed-tokenizers:intfloat/multilingual-e5-large:document,100,102,2,512,0,False,False,"Điều 20.2.LQ.158 — Chính sách của Nhà nước đối với lao động là người khuyết tật Nguồn: Văn bản hợp nhất Nhà nước bảo trợ quyền lao động, tự tạo việc làm của người lao động là người khuyết tật; có chính sách khuyến khích, ưu đãi phù hợp đối",,,,
c62a8c77-3518-5c0b-9b29-90d8541133b0,20.2.LQ.159,Sử dụng lao động là người khuyết tật,article,official-docx:sha256:41341e4fbdf369547f794397faeec5a90005c80a0d7b347c5d539ab435623e69,vn:bll-2019,,,,,,,,,115,fastembed-tokenizers:intfloat/multilingual-e5-large:document,113,115,2,512,0,False,False,"Điều 20.2.LQ.159 — Sử dụng lao động là người khuyết tật Nguồn: Văn bản hợp nhất 1. Người sử dụng lao động phải bảo đảm về điều kiện lao động, công cụ lao động, an toàn, vệ sinh lao động và tổ chức khám sức khỏe định kỳ phù hợp với người lao",,,,
7221ce2b-a16a-5565-866a-f9552297ff23,20.2.LQ.160,Các hành vi bị nghiêm cấm khi sử dụng lao động là người khuyết tật,article,official-docx:sha256:41341e4fbdf369547f794397faeec5a90005c80a0d7b347c5d539ab435623e69,vn:bll-2019,,,,,,,,,163,fastembed-tokenizers:intfloat/multilingual-e5-large:document,161,163,2,512,0,False,False,"Điều 20.2.LQ.160 — Các hành vi bị nghiêm cấm khi sử dụng lao động là người khuyết tật Nguồn: Văn bản hợp nhất 1. Sử dụng người lao động là người khuyết tật nhẹ suy giảm khả năng lao động từ 51% trở lên, khuyết tật nặng hoặc khuyết tật đặc b",,,,
77ecd456-bf66-5cb3-9e86-a7bc22100fea,20.2.LQ.161,Lao động là người giúp việc gia đình,article,official-docx:sha256:41341e4fbdf369547f794397faeec5a90005c80a0d7b347c5d539ab435623e69,vn:bll-2019,,,,,,,,,128,fastembed-tokenizers:intfloat/multilingual-e5-large:document,126,128,2,512,0,False,False,Điều 20.2.LQ.161 — Lao động là người giúp việc gia đình Nguồn: Văn bản hợp nhất 1. Lao động là người giúp việc gia đình là người lao động làm thường xuyên các công việc trong gia đình của một hoặc nhiều hộ gia đình. Các công việc trong gia,,,,
a4a6283b-6c75-5ce2-9ca7-047412033f9e,20.2.LQ.162,Hợp đồng lao động đối với lao động là người giúp việc gia đình,article,official-docx:sha256:41341e4fbdf369547f794397faeec5a90005c80a0d7b347c5d539ab435623e69,vn:bll-2019,,,,,,,,,148,fastembed-tokenizers:intfloat/multilingual-e5-large:document,146,148,2,512,0,False,False,Điều 20.2.LQ.162 — Hợp đồng lao động đối với lao động là người giúp việc gia đình Nguồn: Văn bản hợp nhất 1. Người sử dụng lao động phải giao kết hợp đồng lao động bằng văn bản với lao động là người giúp việc gia đình. 2. Thời hạn của hợp đ,,,,
0e615471-ce53-507e-9a83-4fdd3ad12f09,20.2.LQ.163,Nghĩa vụ của người sử dụng lao động khi sử dụng lao động là người giúp việc gia đình,article,official-docx:sha256:41341e4fbdf369547f794397faeec5a90005c80a0d7b347c5d539ab435623e69,vn:bll-2019,,,,,,,,,200,fastembed-tokenizers:intfloat/multilingual-e5-large:document,198,200,2,512,0,False,False,Điều 20.2.LQ.163 — Nghĩa vụ của người sử dụng lao động khi sử dụng lao động là người giúp việc gia đình Nguồn: Văn bản hợp nhất 1. Thực hiện đầy đủ thỏa thuận đã giao kết trong hợp đồng lao động. 2. Trả cho người giúp việc gia đình khoản ti,,,,
c31c847a-9da0-52dd-b54f-89f3e05de45c,20.2.LQ.164,Nghĩa vụ của lao động là người giúp việc gia đình,article,official-docx:sha256:41341e4fbdf369547f794397faeec5a90005c80a0d7b347c5d539ab435623e69,vn:bll-2019,,,,,,,,,174,fastembed-tokenizers:intfloat/multilingual-e5-large:document,172,174,2,512,0,False,False,Điều 20.2.LQ.164 — Nghĩa vụ của lao động là người giúp việc gia đình Nguồn: Văn bản hợp nhất 1. Thực hiện đầy đủ thỏa thuận đã giao kết trong hợp đồng lao động. 2. Phải bồi thường theo thỏa thuận hoặc theo quy định của pháp luật nếu làm hỏn,,,,
505b6665-6f23-5962-a60d-8bfbe70c8180,20.2.LQ.165,Các hành vi bị nghiêm cấm đối với người sử dụng lao động,article,official-docx:sha256:41341e4fbdf369547f794397faeec5a90005c80a0d7b347c5d539ab435623e69,vn:bll-2019,,,,,,,,,97,fastembed-tokenizers:intfloat/multilingual-e5-large:document,95,97,2,512,0,False,False,"Điều 20.2.LQ.165 — Các hành vi bị nghiêm cấm đối với người sử dụng lao động Nguồn: Văn bản hợp nhất 1. Ngược đãi, quấy rối tình dục, cưỡng bức lao động, dùng vũ lực đối với lao động là người giúp việc gia đình. 2. Giao việc cho người giúp v",,,,
cf7a7a9b-38f3-59bf-adb4-180aebd5acce,20.2.LQ.166,"Người lao động làm việc trong lĩnh vực nghệ thuật, thể dục, thể thao, hàng hải, hàng không",article,official-docx:sha256:41341e4fbdf369547f794397faeec5a90005c80a0d7b347c5d539ab435623e69,vn:bll-2019,,,,,,,,,126,fastembed-tokenizers:intfloat/multilingual-e5-large:document,124,126,2,512,0,False,False,"Điều 20.2.LQ.166 — Người lao động làm việc trong lĩnh vực nghệ thuật, thể dục, thể thao, hàng hải, hàng không Nguồn: Văn bản hợp nhất Người lao động làm việc trong lĩnh vực nghệ thuật, thể dục, thể thao, hàng hải, hàng không được áp dụng mộ",,,,
ce077baa-8f29-5312-a298-b28280cd1d17,20.2.LQ.167,Người lao động nhận công việc về làm tại nhà,article,official-docx:sha256:41341e4fbdf369547f794397faeec5a90005c80a0d7b347c5d539ab435623e69,vn:bll-2019,,,,,,,,,52,fastembed-tokenizers:intfloat/multilingual-e5-large:document,50,52,2,512,0,False,False,Điều 20.2.LQ.167 — Người lao động nhận công việc về làm tại nhà Nguồn: Văn bản hợp nhất Người lao động có thể thỏa thuận với người sử dụng lao động để nhận việc về làm tại nhà.,,,,
3458c3f4-ed2e-58e7-97ac-c0f579173525,20.2.LQ.168,"Tham gia bảo hiểm xã hội, bảo hiểm y tế, bảo hiểm thất nghiệp",article,official-docx:sha256:41341e4fbdf369547f794397faeec5a90005c80a0d7b347c5d539ab435623e69,vn:bll-2019,,,,,,,,,281,fastembed-tokenizers:intfloat/multilingual-e5-large:document,279,281,2,512,0,False,False,"Điều 20.2.LQ.168 — Tham gia bảo hiểm xã hội, bảo hiểm y tế, bảo hiểm thất nghiệp Nguồn: Văn bản hợp nhất 1. Người sử dụng lao động, người lao động phải tham gia bảo hiểm xã hội bắt buộc, bảo hiểm y tế, bảo hiểm thất nghiệp; người lao động đ",,,,
eb7dbe51-735c-5ed0-9318-da5a98889ece,20.2.LQ.169,Tuổi nghỉ hưu,article,official-docx:sha256:41341e4fbdf369547f794397faeec5a90005c80a0d7b347c5d539ab435623e69,vn:bll-2019,,,,,,,,,366,fastembed-tokenizers:intfloat/multilingual-e5-large:document,364,366,2,512,0,False,False,Điều 20.2.LQ.169 — Tuổi nghỉ hưu Nguồn: Văn bản hợp nhất 1. Người lao động bảo đảm điều kiện về thời gian đóng bảo hiểm xã hội theo quy định của pháp luật về bảo hiểm xã hội được hưởng lương hưu khi đủ tuổi nghỉ hưu. 2. Tuổi nghỉ hưu của ng,,,,
2dce903c-0252-5f16-96ec-c9ffcc485ab5,20.2.LQ.170,"Quyền thành lập, gia nhập và tham gia hoạt động của tổ chức đại diện người lao động tại cơ sở",article,official-docx:sha256:41341e4fbdf369547f794397faeec5a90005c80a0d7b347c5d539ab435623e69,vn:bll-2019,,,,,,,,,167,fastembed-tokenizers:intfloat/multilingual-e5-large:document,165,167,2,512,0,False,False,"Điều 20.2.LQ.170 — Quyền thành lập, gia nhập và tham gia hoạt động của tổ chức đại diện người lao động tại cơ sở Nguồn: Văn bản hợp nhất 1. Người lao động có quyền thành lập, gia nhập và hoạt động công đoàn theo quy định của Luật Công đoàn.",,,,
8a4ec3e5-2d3e-5e71-80cd-532544a95d26,20.2.LQ.171,Công đoàn cơ sở thuộc hệ thống tổ chức Công đoàn Việt Nam,article,official-docx:sha256:41341e4fbdf369547f794397faeec5a90005c80a0d7b347c5d539ab435623e69,vn:bll-2019,,,,,,,,,91,fastembed-tokenizers:intfloat/multilingual-e5-large:document,89,91,2,512,0,False,False,"Điều 20.2.LQ.171 — Công đoàn cơ sở thuộc hệ thống tổ chức Công đoàn Việt Nam Nguồn: Văn bản hợp nhất 1. Công đoàn cơ sở thuộc hệ thống tổ chức Công đoàn Việt Nam được thành lập ở các cơ quan, tổ chức, đơn vị, doanh nghiệp. 2. Việc thành lập",,,,
730ba495-a29b-5399-8e21-d5145a528f7c,20.2.LQ.172,"Thành lập, gia nhập tổ chức của người lao động tại doanh nghiệp",article,official-docx:sha256:41341e4fbdf369547f794397faeec5a90005c80a0d7b347c5d539ab435623e69,vn:bll-2019,,,,,,,,,309,fastembed-tokenizers:intfloat/multilingual-e5-large:document,307,309,2,512,0,False,False,"Điều 20.2.LQ.172 — Thành lập, gia nhập tổ chức của người lao động tại doanh nghiệp Nguồn: Văn bản hợp nhất 1. Tổ chức của người lao động tại doanh nghiệp được thành lập và hoạt động hợp pháp sau khi cơ quan nhà nước có thẩm quyền cấp đăng k",,,,
ae7a2dfd-cd0d-5c84-a3bb-01c1e1355847,20.2.LQ.173,Ban lãnh đạo và thành viên tổ chức của người lao động tại doanh nghiệp,article,official-docx:sha256:41341e4fbdf369547f794397faeec5a90005c80a0d7b347c5d539ab435623e69,vn:bll-2019,,,,,,,,,185,fastembed-tokenizers:intfloat/multilingual-e5-large:document,183,185,2,512,0,False,False,"Điều 20.2.LQ.173 — Ban lãnh đạo và thành viên tổ chức của người lao động tại doanh nghiệp Nguồn: Văn bản hợp nhất 1. Tại thời điểm đăng ký, tổ chức của người lao động tại doanh nghiệp phải có số lượng tối thiểu thành viên là người lao động",,,,
1a70dd43-fc01-53a8-8b9e-203c3cef4add,20.2.LQ.174,Điều lệ tổ chức của người lao động tại doanh nghiệp,article,official-docx:sha256:41341e4fbdf369547f794397faeec5a90005c80a0d7b347c5d539ab435623e69,vn:bll-2019,,,,,,,,,475,fastembed-tokenizers:intfloat/multilingual-e5-large:document,473,475,2,512,0,False,False,"Điều 20.2.LQ.174 — Điều lệ tổ chức của người lao động tại doanh nghiệp Nguồn: Văn bản hợp nhất 1. Điều lệ tổ chức của người lao động tại doanh nghiệp phải có các nội dung chủ yếu sau đây: a) Tên, địa chỉ tổ chức; biểu tượng (nếu có); b) Tôn",,,,
deebe49a-fa70-554f-a3b4-4d69ce0f589c,20.2.LQ.175,"Các hành vi bị nghiêm cấm đối với người sử dụng lao động liên quan đến thành lập, gia nhập và hoạt động của tổ chức đại diện người lao động tại cơ sở",article,official-docx:sha256:41341e4fbdf369547f794397faeec5a90005c80a0d7b347c5d539ab435623e69,vn:bll-2019,,,,,,,,,353,fastembed-tokenizers:intfloat/multilingual-e5-large:document,351,353,2,512,0,False,False,"Điều 20.2.LQ.175 — Các hành vi bị nghiêm cấm đối với người sử dụng lao động liên quan đến thành lập, gia nhập và hoạt động của tổ chức đại diện người lao động tại cơ sở Nguồn: Văn bản hợp nhất 1. Phân biệt đối xử đối với người lao động, thà",,,,
055b21e6-5cc2-5334-875c-3f41ccdb1802,20.2.LQ.176,Quyền của thành viên ban lãnh đạo của tổ chức đại diện người lao động tại cơ sở,article,official-docx:sha256:41341e4fbdf369547f794397faeec5a90005c80a0d7b347c5d539ab435623e69,vn:bll-2019,,,,,,,,,359,fastembed-tokenizers:intfloat/multilingual-e5-large:document,357,359,2,512,0,False,False,Điều 20.2.LQ.176 — Quyền của thành viên ban lãnh đạo của tổ chức đại diện người lao động tại cơ sở Nguồn: Văn bản hợp nhất 1. Thành viên ban lãnh đạo của tổ chức đại diện người lao động tại cơ sở có quyền sau đây: a) Tiếp cận người lao động,,,,
1468aa5b-b6db-56fb-a97e-88ec8014c69c,20.2.LQ.177,Nghĩa vụ của người sử dụng lao động đối với tổ chức đại diện người lao động tại cơ sở,article,official-docx:sha256:41341e4fbdf369547f794397faeec5a90005c80a0d7b347c5d539ab435623e69,vn:bll-2019,,,,,,,,,374,fastembed-tokenizers:intfloat/multilingual-e5-large:document,372,374,2,512,0,False,False,"Điều 20.2.LQ.177 — Nghĩa vụ của người sử dụng lao động đối với tổ chức đại diện người lao động tại cơ sở Nguồn: Văn bản hợp nhất 1. Không được cản trở, gây khó khăn khi người lao động tiến hành các hoạt động hợp pháp nhằm thành lập, gia nhậ",,,,
aa95aff6-91a6-54ff-bd53-0f2d7be64398,20.2.LQ.178,Quyền và nghĩa vụ của tổ chức đại diện người lao động tại cơ sở trong quan hệ lao động,article,official-docx:sha256:41341e4fbdf369547f794397faeec5a90005c80a0d7b347c5d539ab435623e69,vn:bll-2019,,,,,,,,,312,fastembed-tokenizers:intfloat/multilingual-e5-large:document,310,312,2,512,0,False,False,Điều 20.2.LQ.178 — Quyền và nghĩa vụ của tổ chức đại diện người lao động tại cơ sở trong quan hệ lao động Nguồn: Văn bản hợp nhất 1. Thương lượng tập thể với người sử dụng lao động theo quy định của Bộ luật này. 2. Đối thoại tại nơi làm việ,,,,
65895d0b-cc9d-5f1a-8874-27460dac1939,20.2.LQ.179,Tranh chấp lao động,article,official-docx:sha256:41341e4fbdf369547f794397faeec5a90005c80a0d7b347c5d539ab435623e69,vn:bll-2019,,,,,,,,,478,fastembed-tokenizers:intfloat/multilingual-e5-large:document,476,478,2,512,0,False,False,"Điều 20.2.LQ.179 — Tranh chấp lao động Nguồn: Văn bản hợp nhất 1. Tranh chấp lao động là tranh chấp về quyền và nghĩa vụ, lợi ích phát sinh giữa các bên trong quá trình xác lập, thực hiện hoặc chấm dứt quan hệ lao động; tranh chấp giữa các",,,,
fe77c759-e3f3-59e9-a6d6-983a0879ff30,20.2.LQ.180,Nguyên tắc giải quyết tranh chấp lao động,article,official-docx:sha256:41341e4fbdf369547f794397faeec5a90005c80a0d7b347c5d539ab435623e69,vn:bll-2019,,,,,,,,,206,fastembed-tokenizers:intfloat/multilingual-e5-large:document,204,206,2,512,0,False,False,Điều 20.2.LQ.180 — Nguyên tắc giải quyết tranh chấp lao động Nguồn: Văn bản hợp nhất 1. Tôn trọng quyền tự định đoạt thông qua thương lượng của các bên trong suốt quá trình giải quyết tranh chấp lao động. 2. Coi trọng giải quyết tranh chấp,,,,
913ca9d9-c941-5781-8f8a-d138c146bea5,20.2.LQ.181,"Trách nhiệm của cơ quan, tổ chức trong giải quyết tranh chấp lao động",article,official-docx:sha256:41341e4fbdf369547f794397faeec5a90005c80a0d7b347c5d539ab435623e69,vn:bll-2019,,,,,,,,,273,fastembed-tokenizers:intfloat/multilingual-e5-large:document,271,273,2,512,0,False,False,"Điều 20.2.LQ.181 — Trách nhiệm của cơ quan, tổ chức trong giải quyết tranh chấp lao động Nguồn: Văn bản hợp nhất 1. Cơ quan quản lý nhà nước về lao động có trách nhiệm phối hợp với tổ chức đại diện người lao động, tổ chức đại diện người sử",,,,
3a115c73-df82-5021-b7d3-c4656cb94905,20.2.LQ.182,Quyền và nghĩa vụ của hai bên trong giải quyết tranh chấp lao động,article,official-docx:sha256:41341e4fbdf369547f794397faeec5a90005c80a0d7b347c5d539ab435623e69,vn:bll-2019,,,,,,,,,196,fastembed-tokenizers:intfloat/multilingual-e5-large:document,194,196,2,512,0,False,False,"Điều 20.2.LQ.182 — Quyền và nghĩa vụ của hai bên trong giải quyết tranh chấp lao động Nguồn: Văn bản hợp nhất 1. Trong giải quyết tranh chấp lao động, các bên có quyền sau đây: a) Trực tiếp hoặc thông qua đại diện để tham gia vào quá trình",,,,
bbd62895-c8c1-50d8-928d-ddb3c834a958,20.2.LQ.183,"Quyền của cơ quan, tổ chức, cá nhân có thẩm quyền giải quyết tranh chấp lao động",article,official-docx:sha256:41341e4fbdf369547f794397faeec5a90005c80a0d7b347c5d539ab435623e69,vn:bll-2019,,,,,,,,,112,fastembed-tokenizers:intfloat/multilingual-e5-large:document,110,112,2,512,0,False,False,"Điều 20.2.LQ.183 — Quyền của cơ quan, tổ chức, cá nhân có thẩm quyền giải quyết tranh chấp lao động Nguồn: Văn bản hợp nhất Cơ quan, tổ chức, cá nhân có thẩm quyền giải quyết tranh chấp lao động, trong phạm vi nhiệm vụ, quyền hạn của mình,",,,,
cd30c718-eb8d-517d-8940-c7d2ec7100cf,20.2.LQ.184,Hòa giải viên lao động,article,official-docx:sha256:41341e4fbdf369547f794397faeec5a90005c80a0d7b347c5d539ab435623e69,vn:bll-2019,,,,,,,,,123,fastembed-tokenizers:intfloat/multilingual-e5-large:document,121,123,2,512,0,False,False,"Điều 20.2.LQ.184 — Hòa giải viên lao động Nguồn: Văn bản hợp nhất 1. Hòa giải viên lao động là người do Chủ tịch Ủy ban nhân dân cấp tỉnh bổ nhiệm để hòa giải tranh chấp lao động, tranh chấp về hợp đồng đào tạo nghề; hỗ trợ phát triển quan",,,,
1880d42b-c12f-5c9b-8e73-c81c211040ef,20.2.LQ.185,Hội đồng trọng tài lao động,clause,official-docx:sha256:41341e4fbdf369547f794397faeec5a90005c80a0d7b347c5d539ab435623e69,vn:bll-2019,,,,,,,,,88,fastembed-tokenizers:intfloat/multilingual-e5-large:document,86,88,2,512,0,False,False,"Điều 20.2.LQ.185 — Hội đồng trọng tài lao động Khoản: 1 Nguồn: Văn bản hợp nhất 1. Chủ tịch Ủy ban nhân dân cấp tỉnh quyết định thành lập Hội đồng trọng tài lao động, bổ nhiệm Chủ tịch, thư ký và các trọng tài viên lao động của Hội đồng trọ",,,,
ef35dcde-fc37-5889-8a6b-ec00e5d5490c,20.2.LQ.185,Hội đồng trọng tài lao động,clause,official-docx:sha256:41341e4fbdf369547f794397faeec5a90005c80a0d7b347c5d539ab435623e69,vn:bll-2019,,,,,,,,,197,fastembed-tokenizers:intfloat/multilingual-e5-large:document,195,197,2,512,0,False,False,"Điều 20.2.LQ.185 — Hội đồng trọng tài lao động Khoản: 2 Điểm: a, b, c Nguồn: Văn bản hợp nhất 2. Số lượng trọng tài viên lao động của Hội đồng trọng tài lao động do Chủ tịch Ủy ban nhân dân cấp tỉnh quyết định, ít nhất là 15 người, bao gồm",,,,
d6dc7975-5a65-5e17-9a85-a13ddeea14e3,20.2.LQ.185,Hội đồng trọng tài lao động,clause,official-docx:sha256:41341e4fbdf369547f794397faeec5a90005c80a0d7b347c5d539ab435623e69,vn:bll-2019,,,,,,,,,220,fastembed-tokenizers:intfloat/multilingual-e5-large:document,218,220,2,512,0,False,False,"Điều 20.2.LQ.185 — Hội đồng trọng tài lao động Khoản: 3 Điểm: a, b, c Nguồn: Văn bản hợp nhất 3. Tiêu chuẩn và chế độ làm việc của trọng tài viên lao động được quy định như sau: a) Trọng tài viên lao động là người hiểu biết pháp luật, có ki",,,,
d05f2150-9c23-51b0-a0b6-d0ad27f437e9,20.2.LQ.185,Hội đồng trọng tài lao động,clause,official-docx:sha256:41341e4fbdf369547f794397faeec5a90005c80a0d7b347c5d539ab435623e69,vn:bll-2019,,,,,,,,,198,fastembed-tokenizers:intfloat/multilingual-e5-large:document,196,198,2,512,0,False,False,"Điều 20.2.LQ.185 — Hội đồng trọng tài lao động Khoản: 4 Điểm: a, b, c Nguồn: Văn bản hợp nhất 4. Khi có yêu cầu giải quyết tranh chấp lao động theo quy định tại các điều 189, 193 và 197 của Bộ luật này, Hội đồng trọng tài lao động quyết địn",,,,
cf36f546-78fa-504e-a19c-1de27770c509,20.2.LQ.185,Hội đồng trọng tài lao động,clause,official-docx:sha256:41341e4fbdf369547f794397faeec5a90005c80a0d7b347c5d539ab435623e69,vn:bll-2019,,,,,,,,,62,fastembed-tokenizers:intfloat/multilingual-e5-large:document,60,62,2,512,0,False,False,"Điều 20.2.LQ.185 — Hội đồng trọng tài lao động Khoản: 5 Nguồn: Văn bản hợp nhất 5. Ban trọng tài lao động làm việc theo nguyên tắc tập thể và quyết định theo đa số, trừ trường hợp quy định tại điểm c khoản 4 Điều này.",,,,
51dd4450-2bdd-5a9d-84a6-28df0366881b,20.2.LQ.185,Hội đồng trọng tài lao động,clause,official-docx:sha256:41341e4fbdf369547f794397faeec5a90005c80a0d7b347c5d539ab435623e69,vn:bll-2019,,,,,,,,,109,fastembed-tokenizers:intfloat/multilingual-e5-large:document,107,109,2,512,0,False,False,"Điều 20.2.LQ.185 — Hội đồng trọng tài lao động Khoản: 6 Nguồn: Văn bản hợp nhất 6. Chính phủ quy định chi tiết về tiêu chuẩn, điều kiện, trình tự, thủ tục bổ nhiệm, miễn nhiệm, chế độ và điều kiện hoạt động của trọng tài viên lao động, Hội",,,,
e4ad8dd5-0ef8-5121-b841-cd516d8c2783,20.2.LQ.186,Cấm hành động đơn phương trong khi tranh chấp lao động đang được giải quyết,article,official-docx:sha256:41341e4fbdf369547f794397faeec5a90005c80a0d7b347c5d539ab435623e69,vn:bll-2019,,,,,,,,,82,fastembed-tokenizers:intfloat/multilingual-e5-large:document,80,82,2,512,0,False,False,"Điều 20.2.LQ.186 — Cấm hành động đơn phương trong khi tranh chấp lao động đang được giải quyết Nguồn: Văn bản hợp nhất Khi tranh chấp lao động đang được cơ quan, tổ chức, cá nhân có thẩm quyền giải quyết trong thời hạn theo quy định của Bộ",,,,
03ce3539-93b2-5718-bdee-2ddd019b330f,20.2.LQ.187,Thẩm quyền giải quyết tranh chấp lao động cá nhân,article,official-docx:sha256:41341e4fbdf369547f794397faeec5a90005c80a0d7b347c5d539ab435623e69,vn:bll-2019,,,,,,,,,75,fastembed-tokenizers:intfloat/multilingual-e5-large:document,73,75,2,512,0,False,False,"Điều 20.2.LQ.187 — Thẩm quyền giải quyết tranh chấp lao động cá nhân Nguồn: Văn bản hợp nhất Cơ quan, tổ chức, cá nhân có thẩm quyền giải quyết tranh chấp lao động cá nhân bao gồm: 1. Hòa giải viên lao động; 2. Hội đồng trọng tài lao động;",,,,
f9406c89-f25d-56b7-8186-138fc2c21cb7,20.2.LQ.188,"Trình tự, thủ tục hòa giải tranh chấp lao động cá nhân của hòa giải viên lao động",clause,official-docx:sha256:41341e4fbdf369547f794397faeec5a90005c80a0d7b347c5d539ab435623e69,vn:bll-2019,,,,,,,,,317,fastembed-tokenizers:intfloat/multilingual-e5-large:document,315,317,2,512,0,False,False,"Điều 20.2.LQ.188 — Trình tự, thủ tục hòa giải tranh chấp lao động cá nhân của hòa giải viên lao động Khoản: 1 Điểm: a, b, c, d, đ, e Nguồn: Văn bản hợp nhất 1. Tranh chấp lao động cá nhân phải được giải quyết thông qua thủ tục hòa giải của",,,,
a0909f23-4869-592e-8a15-30952bfe3c35,20.2.LQ.188,"Trình tự, thủ tục hòa giải tranh chấp lao động cá nhân của hòa giải viên lao động",clause,official-docx:sha256:41341e4fbdf369547f794397faeec5a90005c80a0d7b347c5d539ab435623e69,vn:bll-2019,,,,,,,,,100,fastembed-tokenizers:intfloat/multilingual-e5-large:document,98,100,2,512,0,False,False,"Điều 20.2.LQ.188 — Trình tự, thủ tục hòa giải tranh chấp lao động cá nhân của hòa giải viên lao động Khoản: 2 Nguồn: Văn bản hợp nhất 2. Trong thời hạn 05 ngày làm việc kể từ ngày hòa giải viên lao động nhận được yêu cầu từ bên yêu cầu giải",,,,
cd65b834-6263-543b-b2d8-235b5a5d1e17,20.2.LQ.188,"Trình tự, thủ tục hòa giải tranh chấp lao động cá nhân của hòa giải viên lao động",clause,official-docx:sha256:41341e4fbdf369547f794397faeec5a90005c80a0d7b347c5d539ab435623e69,vn:bll-2019,,,,,,,,,74,fastembed-tokenizers:intfloat/multilingual-e5-large:document,72,74,2,512,0,False,False,"Điều 20.2.LQ.188 — Trình tự, thủ tục hòa giải tranh chấp lao động cá nhân của hòa giải viên lao động Khoản: 3 Nguồn: Văn bản hợp nhất 3. Tại phiên họp hòa giải phải có mặt hai bên tranh chấp. Các bên tranh chấp có thể ủy quyền cho người khá",,,,
0e245cbd-6fbe-5cfd-8f0f-3a975f03734c,20.2.LQ.188,"Trình tự, thủ tục hòa giải tranh chấp lao động cá nhân của hòa giải viên lao động",clause,official-docx:sha256:41341e4fbdf369547f794397faeec5a90005c80a0d7b347c5d539ab435623e69,vn:bll-2019,,,,,,,,,259,fastembed-tokenizers:intfloat/multilingual-e5-large:document,257,259,2,512,0,False,False,"Điều 20.2.LQ.188 — Trình tự, thủ tục hòa giải tranh chấp lao động cá nhân của hòa giải viên lao động Khoản: 4 Nguồn: Văn bản hợp nhất 4. Hòa giải viên lao động có trách nhiệm hướng dẫn, hỗ trợ các bên thương lượng để giải quyết tranh chấp.",,,,
744562ff-35f4-5066-bc0a-a291784f7b48,20.2.LQ.188,"Trình tự, thủ tục hòa giải tranh chấp lao động cá nhân của hòa giải viên lao động",clause,official-docx:sha256:41341e4fbdf369547f794397faeec5a90005c80a0d7b347c5d539ab435623e69,vn:bll-2019,,,,,,,,,77,fastembed-tokenizers:intfloat/multilingual-e5-large:document,75,77,2,512,0,False,False,"Điều 20.2.LQ.188 — Trình tự, thủ tục hòa giải tranh chấp lao động cá nhân của hòa giải viên lao động Khoản: 5 Nguồn: Văn bản hợp nhất 5. Bản sao biên bản hòa giải thành hoặc hòa giải không thành phải được gửi cho các bên tranh chấp trong th",,,,
5599145d-f332-5c61-ac86-f1424998964d,20.2.LQ.188,"Trình tự, thủ tục hòa giải tranh chấp lao động cá nhân của hòa giải viên lao động",clause,official-docx:sha256:41341e4fbdf369547f794397faeec5a90005c80a0d7b347c5d539ab435623e69,vn:bll-2019,,,,,,,,,81,fastembed-tokenizers:intfloat/multilingual-e5-large:document,79,81,2,512,0,False,False,"Điều 20.2.LQ.188 — Trình tự, thủ tục hòa giải tranh chấp lao động cá nhân của hòa giải viên lao động Khoản: 6 Nguồn: Văn bản hợp nhất 6. Trường hợp một trong các bên không thực hiện các thỏa thuận trong biên bản hòa giải thành thì bên kia c",,,,
82d93416-4b1f-575b-b2b0-e1b8712c068b,20.2.LQ.188,"Trình tự, thủ tục hòa giải tranh chấp lao động cá nhân của hòa giải viên lao động",clause,official-docx:sha256:41341e4fbdf369547f794397faeec5a90005c80a0d7b347c5d539ab435623e69,vn:bll-2019,,,,,,,,,162,fastembed-tokenizers:intfloat/multilingual-e5-large:document,160,162,2,512,0,False,False,"Điều 20.2.LQ.188 — Trình tự, thủ tục hòa giải tranh chấp lao động cá nhân của hòa giải viên lao động Khoản: 7 Điểm: a, b Nguồn: Văn bản hợp nhất 7. Trường hợp không bắt buộc phải qua thủ tục hòa giải quy định tại khoản 1 Điều này hoặc trườn",,,,
e570b99f-13fc-5e8c-a379-2c7191156fb4,20.2.LQ.189,Giải quyết tranh chấp lao động cá nhân của Hội đồng trọng tài lao động,article,official-docx:sha256:41341e4fbdf369547f794397faeec5a90005c80a0d7b347c5d539ab435623e69,vn:bll-2019,,,,,,,,,299,fastembed-tokenizers:intfloat/multilingual-e5-large:document,297,299,2,512,0,False,False,"Điều 20.2.LQ.189 — Giải quyết tranh chấp lao động cá nhân của Hội đồng trọng tài lao động Nguồn: Văn bản hợp nhất 1. Trên cơ sở đồng thuận, các bên tranh chấp có quyền yêu cầu Hội đồng trọng tài lao động giải quyết tranh chấp trong trường h",,,,
ce5da195-5403-54f4-8f6b-0d89e7250aad,20.2.LQ.190,Thời hiệu yêu cầu giải quyết tranh chấp lao động cá nhân,article,official-docx:sha256:41341e4fbdf369547f794397faeec5a90005c80a0d7b347c5d539ab435623e69,vn:bll-2019,,,,,,,,,255,fastembed-tokenizers:intfloat/multilingual-e5-large:document,253,255,2,512,0,False,False,Điều 20.2.LQ.190 — Thời hiệu yêu cầu giải quyết tranh chấp lao động cá nhân Nguồn: Văn bản hợp nhất 1. Thời hiệu yêu cầu hòa giải viên lao động thực hiện hòa giải tranh chấp lao động cá nhân là 06 tháng kể từ ngày phát hiện ra hành vi mà bê,,,,
a705f41e-fa45-5758-a26f-4b62cc5864da,20.2.LQ.191,Thẩm quyền giải quyết tranh chấp lao động tập thể về quyền,article,official-docx:sha256:41341e4fbdf369547f794397faeec5a90005c80a0d7b347c5d539ab435623e69,vn:bll-2019,,,,,,,,,129,fastembed-tokenizers:intfloat/multilingual-e5-large:document,127,129,2,512,0,False,False,"Điều 20.2.LQ.191 — Thẩm quyền giải quyết tranh chấp lao động tập thể về quyền Nguồn: Văn bản hợp nhất 1. Cơ quan, tổ chức, cá nhân có thẩm quyền giải quyết tranh chấp lao động tập thể về quyền bao gồm: a) Hòa giải viên lao động; b) Hội đồng",,,,
b28c7c3c-2397-5886-956f-89e747d8b671,20.2.LQ.192,"Trình tự, thủ tục giải quyết tranh chấp lao động tập thể về quyền",article,official-docx:sha256:41341e4fbdf369547f794397faeec5a90005c80a0d7b347c5d539ab435623e69,vn:bll-2019,,,,,,,,,233,fastembed-tokenizers:intfloat/multilingual-e5-large:document,231,233,2,512,0,False,False,"Điều 20.2.LQ.192 — Trình tự, thủ tục giải quyết tranh chấp lao động tập thể về quyền Nguồn: Văn bản hợp nhất 1. Trình tự, thủ tục hòa giải tranh chấp lao động tập thể về quyền được thực hiện theo quy định tại các khoản 2, 3, 4, 5 và 6 Điều",,,,
7f9e6612-f4dc-5667-b348-634ba7fe57aa,20.2.LQ.193,Giải quyết tranh chấp lao động tập thể về quyền của Hội đồng trọng tài lao động,article,official-docx:sha256:41341e4fbdf369547f794397faeec5a90005c80a0d7b347c5d539ab435623e69,vn:bll-2019,,,,,,,,,462,fastembed-tokenizers:intfloat/multilingual-e5-large:document,460,462,2,512,0,False,False,"Điều 20.2.LQ.193 — Giải quyết tranh chấp lao động tập thể về quyền của Hội đồng trọng tài lao động Nguồn: Văn bản hợp nhất 1. Trên cơ sở đồng thuận, các bên tranh chấp có quyền yêu cầu Hội đồng trọng tài lao động giải quyết tranh chấp trong",,,,
29d3dab4-4085-5a73-9485-191eb2a19bd2,20.2.LQ.194,Thời hiệu yêu cầu giải quyết tranh chấp lao động tập thể về quyền,article,official-docx:sha256:41341e4fbdf369547f794397faeec5a90005c80a0d7b347c5d539ab435623e69,vn:bll-2019,,,,,,,,,177,fastembed-tokenizers:intfloat/multilingual-e5-large:document,175,177,2,512,0,False,False,Điều 20.2.LQ.194 — Thời hiệu yêu cầu giải quyết tranh chấp lao động tập thể về quyền Nguồn: Văn bản hợp nhất 1. Thời hiệu yêu cầu hòa giải viên lao động thực hiện hòa giải tranh chấp lao động tập thể về quyền là 06 tháng kể từ ngày phát hiệ,,,,
a8994be9-ec58-5ac7-a27f-fd2fac57e6c0,20.2.LQ.195,Thẩm quyền giải quyết tranh chấp lao động tập thể về lợi ích,article,official-docx:sha256:41341e4fbdf369547f794397faeec5a90005c80a0d7b347c5d539ab435623e69,vn:bll-2019,,,,,,,,,125,fastembed-tokenizers:intfloat/multilingual-e5-large:document,123,125,2,512,0,False,False,"Điều 20.2.LQ.195 — Thẩm quyền giải quyết tranh chấp lao động tập thể về lợi ích Nguồn: Văn bản hợp nhất 1. Tổ chức, cá nhân có thẩm quyền giải quyết tranh chấp lao động tập thể về lợi ích bao gồm: a) Hòa giải viên lao động; b) Hội đồng trọn",,,,
fb2aae45-9dec-5f3f-93ac-3fe07fda73d0,20.2.LQ.196,"Trình tự, thủ tục giải quyết tranh chấp lao động tập thể về lợi ích",article,official-docx:sha256:41341e4fbdf369547f794397faeec5a90005c80a0d7b347c5d539ab435623e69,vn:bll-2019,,,,,,,,,273,fastembed-tokenizers:intfloat/multilingual-e5-large:document,271,273,2,512,0,False,False,"Điều 20.2.LQ.196 — Trình tự, thủ tục giải quyết tranh chấp lao động tập thể về lợi ích Nguồn: Văn bản hợp nhất 1. Trình tự, thủ tục hòa giải tranh chấp lao động tập thể về lợi ích được thực hiện theo quy định tại các khoản 2, 3, 4 và 5 Điều",,,,
d776f091-a9ed-535a-b6aa-64ed1aaf9387,20.2.LQ.197,Giải quyết tranh chấp lao động tập thể về lợi ích của Hội đồng trọng tài lao động,article,official-docx:sha256:41341e4fbdf369547f794397faeec5a90005c80a0d7b347c5d539ab435623e69,vn:bll-2019,,,,,,,,,407,fastembed-tokenizers:intfloat/multilingual-e5-large:document,405,407,2,512,0,False,False,"Điều 20.2.LQ.197 — Giải quyết tranh chấp lao động tập thể về lợi ích của Hội đồng trọng tài lao động Nguồn: Văn bản hợp nhất 1. Trên cơ sở đồng thuận, các bên tranh chấp có quyền yêu cầu Hội đồng trọng tài lao động giải quyết tranh chấp tro",,,,
4ba33427-35ed-5e7f-8f27-5403e489831a,20.2.LQ.198,Đình công,article,official-docx:sha256:41341e4fbdf369547f794397faeec5a90005c80a0d7b347c5d539ab435623e69,vn:bll-2019,,,,,,,,,88,fastembed-tokenizers:intfloat/multilingual-e5-large:document,86,88,2,512,0,False,False,"Điều 20.2.LQ.198 — Đình công Nguồn: Văn bản hợp nhất Đình công là sự ngừng việc tạm thời, tự nguyện và có tổ chức của người lao động nhằm đạt được yêu cầu trong quá trình giải quyết tranh chấp lao động và do tổ chức đại diện người lao động",,,,
aabfefc0-dbc6-558d-b711-e208289297ab,20.2.LQ.199,Trường hợp người lao động có quyền đình công,article,official-docx:sha256:41341e4fbdf369547f794397faeec5a90005c80a0d7b347c5d539ab435623e69,vn:bll-2019,,,,,,,,,163,fastembed-tokenizers:intfloat/multilingual-e5-large:document,161,163,2,512,0,False,False,"Điều 20.2.LQ.199 — Trường hợp người lao động có quyền đình công Nguồn: Văn bản hợp nhất Tổ chức đại diện người lao động là bên tranh chấp lao động tập thể về lợi ích có quyền tiến hành thủ tục quy định tại các điều 200, 201 và 202 của Bộ lu",,,,
d2f09e99-4e8c-598d-b6e9-6d4d7e9696bb,20.2.LQ.200,Trình tự đình công,article,official-docx:sha256:41341e4fbdf369547f794397faeec5a90005c80a0d7b347c5d539ab435623e69,vn:bll-2019,,,,,,,,,70,fastembed-tokenizers:intfloat/multilingual-e5-large:document,68,70,2,512,0,False,False,Điều 20.2.LQ.200 — Trình tự đình công Nguồn: Văn bản hợp nhất 1. Lấy ý kiến về đình công theo quy định tại Điều 201 của Bộ luật này. 2. Ra quyết định đình công và thông báo đình công theo quy định tại Điều 202 của Bộ luật này. 3. Tiến hành,,,,
d2400259-8237-55f4-912f-1a983cebdd13,20.2.LQ.201,Lấy ý kiến về đình công,article,official-docx:sha256:41341e4fbdf369547f794397faeec5a90005c80a0d7b347c5d539ab435623e69,vn:bll-2019,,,,,,,,,283,fastembed-tokenizers:intfloat/multilingual-e5-large:document,281,283,2,512,0,False,False,"Điều 20.2.LQ.201 — Lấy ý kiến về đình công Nguồn: Văn bản hợp nhất 1. Trước khi tiến hành đình công, tổ chức đại diện người lao động có quyền tổ chức và lãnh đạo đình công quy định tại Điều 198 của Bộ luật này có trách nhiệm lấy ý kiến của",,,,
a278895c-f019-5316-8d51-1d7920a16406,20.2.LQ.202,Quyết định đình công và thông báo thời điểm bắt đầu đình công,article,official-docx:sha256:41341e4fbdf369547f794397faeec5a90005c80a0d7b347c5d539ab435623e69,vn:bll-2019,,,,,,,,,286,fastembed-tokenizers:intfloat/multilingual-e5-large:document,284,286,2,512,0,False,False,Điều 20.2.LQ.202 — Quyết định đình công và thông báo thời điểm bắt đầu đình công Nguồn: Văn bản hợp nhất 1. Khi có trên 50% số người được lấy ý kiến đồng ý với nội dung lấy ý kiến đình công theo quy định tại khoản 2 Điều 201 của Bộ luật này,,,,
bce2627e-0d5c-50ac-a089-12ad7cac7775,20.2.LQ.203,Quyền của các bên trước và trong quá trình đình công,article,official-docx:sha256:41341e4fbdf369547f794397faeec5a90005c80a0d7b347c5d539ab435623e69,vn:bll-2019,,,,,,,,,246,fastembed-tokenizers:intfloat/multilingual-e5-large:document,244,246,2,512,0,False,False,"Điều 20.2.LQ.203 — Quyền của các bên trước và trong quá trình đình công Nguồn: Văn bản hợp nhất 1. Tiếp tục thỏa thuận để giải quyết nội dung tranh chấp lao động tập thể hoặc cùng đề nghị hòa giải viên lao động, Hội đồng trọng tài lao động",,,,
93d5d0c2-ba85-5b90-94b9-c77ce53a3a17,20.2.LQ.204,Trường hợp đình công bất hợp pháp,article,official-docx:sha256:41341e4fbdf369547f794397faeec5a90005c80a0d7b347c5d539ab435623e69,vn:bll-2019,,,,,,,,,172,fastembed-tokenizers:intfloat/multilingual-e5-large:document,170,172,2,512,0,False,False,Điều 20.2.LQ.204 — Trường hợp đình công bất hợp pháp Nguồn: Văn bản hợp nhất 1. Không thuộc trường hợp được đình công quy định tại Điều 199 của Bộ luật này. 2. Không do tổ chức đại diện người lao động có quyền tổ chức và lãnh đạo đình công.,,,,
f7e5226d-80ce-51a2-9d67-507e02c1412b,20.2.LQ.205,Thông báo quyết định đóng cửa tạm thời nơi làm việc,article,official-docx:sha256:41341e4fbdf369547f794397faeec5a90005c80a0d7b347c5d539ab435623e69,vn:bll-2019,,,,,,,,,135,fastembed-tokenizers:intfloat/multilingual-e5-large:document,133,135,2,512,0,False,False,"Điều 20.2.LQ.205 — Thông báo quyết định đóng cửa tạm thời nơi làm việc Nguồn: Văn bản hợp nhất Ít nhất 03 ngày làm việc trước ngày đóng cửa tạm thời nơi làm việc, người sử dụng lao động phải niêm yết công khai quyết định đóng cửa tạm thời n",,,,
e072b167-b6ae-5cbb-932f-be6e4d2ba1d1,20.2.LQ.206,Trường hợp cấm đóng cửa tạm thời nơi làm việc,article,official-docx:sha256:41341e4fbdf369547f794397faeec5a90005c80a0d7b347c5d539ab435623e69,vn:bll-2019,,,,,,,,,58,fastembed-tokenizers:intfloat/multilingual-e5-large:document,56,58,2,512,0,False,False,Điều 20.2.LQ.206 — Trường hợp cấm đóng cửa tạm thời nơi làm việc Nguồn: Văn bản hợp nhất 1. Trước 12 giờ so với thời điểm bắt đầu đình công ghi trong quyết định đình công. 2. Sau khi người lao động ngừng đình công.,,,,
c2df3fd1-9ec0-5bb7-af9c-3d55f810a272,20.2.LQ.207,Tiền lương và các quyền lợi hợp pháp khác của người lao động trong thời gian đình công,article,official-docx:sha256:41341e4fbdf369547f794397faeec5a90005c80a0d7b347c5d539ab435623e69,vn:bll-2019,,,,,,,,,126,fastembed-tokenizers:intfloat/multilingual-e5-large:document,124,126,2,512,0,False,False,Điều 20.2.LQ.207 — Tiền lương và các quyền lợi hợp pháp khác của người lao động trong thời gian đình công Nguồn: Văn bản hợp nhất 1. Người lao động không tham gia đình công nhưng phải ngừng việc vì lý do đình công thì được trả lương ngừng v,,,,
0c65920a-f659-5043-ab0b-ec46db9cb953,20.2.LQ.208,"Các hành vi bị nghiêm cấm trước, trong và sau khi đình công",article,official-docx:sha256:41341e4fbdf369547f794397faeec5a90005c80a0d7b347c5d539ab435623e69,vn:bll-2019,,,,,,,,,217,fastembed-tokenizers:intfloat/multilingual-e5-large:document,215,217,2,512,0,False,False,"Điều 20.2.LQ.208 — Các hành vi bị nghiêm cấm trước, trong và sau khi đình công Nguồn: Văn bản hợp nhất 1. Cản trở việc thực hiện quyền đình công hoặc kích động, lôi kéo, ép buộc người lao động đình công; cản trở người lao động không tham gi",,,,
a7179ff3-8fe5-57b2-99bf-2833daa3320f,20.2.LQ.209,Nơi sử dụng lao động không được đình công,article,official-docx:sha256:41341e4fbdf369547f794397faeec5a90005c80a0d7b347c5d539ab435623e69,vn:bll-2019,,,,,,,,,115,fastembed-tokenizers:intfloat/multilingual-e5-large:document,113,115,2,512,0,False,False,"Điều 20.2.LQ.209 — Nơi sử dụng lao động không được đình công Nguồn: Văn bản hợp nhất 1. Không được đình công ở nơi sử dụng lao động mà việc đình công có thể đe dọa đến quốc phòng, an ninh, trật tự công cộng, sức khỏe của con người. 2. Chính",,,,
c9b8eb87-d511-5519-8c8e-23a15a1bd154,20.2.LQ.210,"Quyết định hoãn, ngừng đình công",article,official-docx:sha256:41341e4fbdf369547f794397faeec5a90005c80a0d7b347c5d539ab435623e69,vn:bll-2019,,,,,,,,,119,fastembed-tokenizers:intfloat/multilingual-e5-large:document,117,119,2,512,0,False,False,"Điều 20.2.LQ.210 — Quyết định hoãn, ngừng đình công Nguồn: Văn bản hợp nhất 1. Khi xét thấy cuộc đình công có nguy cơ gây thiệt hại nghiêm trọng cho nền kinh tế quốc dân, lợi ích công cộng, đe dọa đến quốc phòng, an ninh, trật tự công cộng,",,,,
735b874f-9fcc-5aba-b387-875927424268,20.2.LQ.211,"Xử lý cuộc đình công không đúng trình tự, thủ tục",article,official-docx:sha256:41341e4fbdf369547f794397faeec5a90005c80a0d7b347c5d539ab435623e69,vn:bll-2019,,,,,,,,,254,fastembed-tokenizers:intfloat/multilingual-e5-large:document,252,254,2,512,0,False,False,"Điều 20.2.LQ.211 — Xử lý cuộc đình công không đúng trình tự, thủ tục Nguồn: Văn bản hợp nhất Trong thời hạn 12 giờ kể từ khi nhận được thông báo về cuộc đình công không tuân theo quy định tại các điều 200, 201 và 202 của Bộ luật này, Chủ tị",,,,
e0479710-60a1-5170-9d4c-731db1ba3b28,20.2.LQ.212,Nội dung quản lý nhà nước về lao động,article,official-docx:sha256:41341e4fbdf369547f794397faeec5a90005c80a0d7b347c5d539ab435623e69,vn:bll-2019,,,,,,,,,371,fastembed-tokenizers:intfloat/multilingual-e5-large:document,369,371,2,512,0,False,False,"Điều 20.2.LQ.212 — Nội dung quản lý nhà nước về lao động Nguồn: Văn bản hợp nhất 1. Ban hành và tổ chức thực hiện văn bản quy phạm pháp luật về lao động. 2. Theo dõi, thống kê, cung cấp thông tin về cung cầu và biến động cung, cầu lao động;",,,,
5e803cbc-f587-555c-a77b-0b717c584005,20.2.LQ.213,Thẩm quyền quản lý nhà nước về lao động,article,official-docx:sha256:41341e4fbdf369547f794397faeec5a90005c80a0d7b347c5d539ab435623e69,vn:bll-2019,,,,,,,,,146,fastembed-tokenizers:intfloat/multilingual-e5-large:document,144,146,2,512,0,False,False,Điều 20.2.LQ.213 — Thẩm quyền quản lý nhà nước về lao động Nguồn: Văn bản hợp nhất 1. Chính phủ thống nhất quản lý nhà nước về lao động trong phạm vi cả nước. 2. Bộ Lao động - Thương binh và Xã hội chịu trách nhiệm trước Chính phủ thực hiện,,,,
6f2d85aa-e994-5a3b-9605-90a1a7186f39,20.2.LQ.214,Nội dung thanh tra lao động,article,official-docx:sha256:41341e4fbdf369547f794397faeec5a90005c80a0d7b347c5d539ab435623e69,vn:bll-2019,,,,,,,,,140,fastembed-tokenizers:intfloat/multilingual-e5-large:document,138,140,2,512,0,False,False,"Điều 20.2.LQ.214 — Nội dung thanh tra lao động Nguồn: Văn bản hợp nhất 1. Thanh tra việc chấp hành quy định của pháp luật về lao động. 2. Điều tra tai nạn lao động và vi phạm an toàn, vệ sinh lao động. 3. Tham gia hướng dẫn áp dụng hệ thống",,,,
9d3ebccc-6d54-5e82-a6f7-4723470940f3,20.2.LQ.215,Thanh tra chuyên ngành về lao động,article,official-docx:sha256:41341e4fbdf369547f794397faeec5a90005c80a0d7b347c5d539ab435623e69,vn:bll-2019,,,,,,,,,76,fastembed-tokenizers:intfloat/multilingual-e5-large:document,74,76,2,512,0,False,False,"Điều 20.2.LQ.215 — Thanh tra chuyên ngành về lao động Nguồn: Văn bản hợp nhất 1. Thẩm quyền thanh tra chuyên ngành về lao động thực hiện theo quy định của Luật Thanh tra. 2. Việc thanh tra an toàn, vệ sinh lao động thực hiện theo quy định c",,,,
fd18e329-36f4-52f5-b340-7aa2a5c35bcf,20.2.LQ.216,Quyền của thanh tra lao động,article,official-docx:sha256:41341e4fbdf369547f794397faeec5a90005c80a0d7b347c5d539ab435623e69,vn:bll-2019,,,,,,,,,108,fastembed-tokenizers:intfloat/multilingual-e5-large:document,106,108,2,512,0,False,False,"Điều 20.2.LQ.216 — Quyền của thanh tra lao động Nguồn: Văn bản hợp nhất Thanh tra lao động có quyền thanh tra, điều tra nơi thuộc đối tượng, phạm vi thanh tra được giao theo quyết định thanh tra. Khi thanh tra đột xuất theo quyết định của n",,,,
f6a6d3de-b114-53da-86ec-bbf40ecaf3df,20.2.LQ.217,Xử lý vi phạm,article,official-docx:sha256:41341e4fbdf369547f794397faeec5a90005c80a0d7b347c5d539ab435623e69,vn:bll-2019,,,,,,,,,339,fastembed-tokenizers:intfloat/multilingual-e5-large:document,337,339,2,512,0,False,False,"Điều 20.2.LQ.217 — Xử lý vi phạm Nguồn: Văn bản hợp nhất 1. Người nào có hành vi vi phạm quy định của Bộ luật này thì tùy theo tính chất, mức độ vi phạm mà bị xử lý kỷ luật, xử phạt vi phạm hành chính hoặc bị truy cứu trách nhiệm hình sự, n",,,,
02ab25d7-93ab-5709-986a-1a4564c93c76,20.2.LQ.218,"Miễn, giảm thủ tục đối với trường hợp sử dụng dưới 10 lao động",article,official-docx:sha256:41341e4fbdf369547f794397faeec5a90005c80a0d7b347c5d539ab435623e69,vn:bll-2019,,,,,,,,,75,fastembed-tokenizers:intfloat/multilingual-e5-large:document,73,75,2,512,0,False,False,"Điều 20.2.LQ.218 — Miễn, giảm thủ tục đối với trường hợp sử dụng dưới 10 lao động Nguồn: Văn bản hợp nhất Người sử dụng lao động sử dụng dưới 10 người lao động thực hiện quy định của Bộ luật này nhưng được miễn, giảm một số thủ tục theo quy",,,,
9bb064da-a376-584c-a852-9ce87b1aeca9,20.2.LQ.219,"Sửa đổi, bổ sung một số điều của các luật có liên quan đến lao động",clause,official-docx:sha256:41341e4fbdf369547f794397faeec5a90005c80a0d7b347c5d539ab435623e69,vn:bll-2019,,,,,,,,,117,fastembed-tokenizers:intfloat/multilingual-e5-large:document,115,117,2,512,0,False,False,"Điều 20.2.LQ.219 — Sửa đổi, bổ sung một số điều của các luật có liên quan đến lao động Khoản: 1 Điểm: a Nguồn: Văn bản hợp nhất 1. Sửa đổi, bổ sung một số điều của Luật Bảo hiểm xã hội số 58/2014/QH13 đã được sửa đổi, bổ sung theo Luật số 8",,,,
ce091b7f-1a45-55c1-9104-c7425efe3da0,20.2.LQ.219,"Sửa đổi, bổ sung một số điều của các luật có liên quan đến lao động",clause,official-docx:sha256:41341e4fbdf369547f794397faeec5a90005c80a0d7b347c5d539ab435623e69,vn:bll-2019,,,,,,,,,330,fastembed-tokenizers:intfloat/multilingual-e5-large:document,328,330,2,512,0,False,False,"Điều 20.2.LQ.219 — Sửa đổi, bổ sung một số điều của các luật có liên quan đến lao động Khoản: 1 Điểm: a, b, c, d Nguồn: Văn bản hợp nhất 1. Người lao động quy định tại các điểm a, b, c, d, g, h và i khoản 1 Điều 2 của Luật này, trừ trường h",,,,
d4d9886c-9403-5f99-a4bb-06382ea3dcaf,20.2.LQ.219,"Sửa đổi, bổ sung một số điều của các luật có liên quan đến lao động",clause,official-docx:sha256:41341e4fbdf369547f794397faeec5a90005c80a0d7b347c5d539ab435623e69,vn:bll-2019,,,,,,,,,311,fastembed-tokenizers:intfloat/multilingual-e5-large:document,309,311,2,512,0,False,False,"Điều 20.2.LQ.219 — Sửa đổi, bổ sung một số điều của các luật có liên quan đến lao động Khoản: 2 Điểm: a, b, c Nguồn: Văn bản hợp nhất 2. Người lao động quy định tại điểm đ và điểm e khoản 1 Điều 2 của Luật này nghỉ việc có đủ 20 năm đóng bả",,,,
ba696236-3517-5cfe-8881-265bf45fdfbb,20.2.LQ.219,"Sửa đổi, bổ sung một số điều của các luật có liên quan đến lao động",clause,official-docx:sha256:41341e4fbdf369547f794397faeec5a90005c80a0d7b347c5d539ab435623e69,vn:bll-2019,,,,,,,,,117,fastembed-tokenizers:intfloat/multilingual-e5-large:document,115,117,2,512,0,False,False,"Điều 20.2.LQ.219 — Sửa đổi, bổ sung một số điều của các luật có liên quan đến lao động Khoản: 3 Nguồn: Văn bản hợp nhất 3. Lao động nữ là cán bộ, công chức cấp xã hoặc là người hoạt động không chuyên trách ở xã, phường, thị trấn tham gia bả",,,,
993461b7-5912-595e-b217-6e7bcb72e6b8,20.2.LQ.219,"Sửa đổi, bổ sung một số điều của các luật có liên quan đến lao động",clause,official-docx:sha256:41341e4fbdf369547f794397faeec5a90005c80a0d7b347c5d539ab435623e69,vn:bll-2019,,,,,,,,,101,fastembed-tokenizers:intfloat/multilingual-e5-large:document,99,101,2,512,0,False,False,"Điều 20.2.LQ.219 — Sửa đổi, bổ sung một số điều của các luật có liên quan đến lao động Khoản: 4 Điểm: b Nguồn: Văn bản hợp nhất 4. Điều kiện về tuổi hưởng lương hưu đối với một số trường hợp đặc biệt theo quy định của Chính phủ.”; b) Sửa đổ",,,,
ab9f8c02-e7e4-5603-a3f2-225d06c43da2,20.2.LQ.219,"Sửa đổi, bổ sung một số điều của các luật có liên quan đến lao động",clause,official-docx:sha256:41341e4fbdf369547f794397faeec5a90005c80a0d7b347c5d539ab435623e69,vn:bll-2019,,,,,,,,,280,fastembed-tokenizers:intfloat/multilingual-e5-large:document,278,280,2,512,0,False,False,"Điều 20.2.LQ.219 — Sửa đổi, bổ sung một số điều của các luật có liên quan đến lao động Khoản: 1 Điểm: a, b, c Nguồn: Văn bản hợp nhất 1. Người lao động quy định tại các điểm a, b, c, d, g, h và i khoản 1 Điều 2 của Luật này khi nghỉ việc có",,,,
5fe1ebe3-2f4d-5d50-872c-db23e8fde87d,20.2.LQ.219,"Sửa đổi, bổ sung một số điều của các luật có liên quan đến lao động",clause,official-docx:sha256:41341e4fbdf369547f794397faeec5a90005c80a0d7b347c5d539ab435623e69,vn:bll-2019,,,,,,,,,286,fastembed-tokenizers:intfloat/multilingual-e5-large:document,284,286,2,512,0,False,False,"Điều 20.2.LQ.219 — Sửa đổi, bổ sung một số điều của các luật có liên quan đến lao động Khoản: 2 Điểm: a, b, c, a, b Nguồn: Văn bản hợp nhất 2. Người lao động quy định tại điểm đ và điểm e khoản 1 Điều 2 của Luật này khi nghỉ việc có đủ 20 n",,,,
7eca30d5-6b05-5ee6-9607-930429c791d8,20.2.LQ.219,"Sửa đổi, bổ sung một số điều của các luật có liên quan đến lao động",clause,official-docx:sha256:41341e4fbdf369547f794397faeec5a90005c80a0d7b347c5d539ab435623e69,vn:bll-2019,,,,,,,,,133,fastembed-tokenizers:intfloat/multilingual-e5-large:document,131,133,2,512,0,False,False,"Điều 20.2.LQ.219 — Sửa đổi, bổ sung một số điều của các luật có liên quan đến lao động Khoản: 2 Điểm: a Nguồn: Văn bản hợp nhất 2. Sửa đổi, bổ sung Điều 32 của Bộ luật Tố tụng dân sự số 92/2015/QH13 như sau: a) Sửa đổi, bổ sung tên điều, kh",,,,
8ff02d3e-f706-55d4-9a7a-8ae4e9a67772,20.2.LQ.219,"Sửa đổi, bổ sung một số điều của các luật có liên quan đến lao động",points,official-docx:sha256:41341e4fbdf369547f794397faeec5a90005c80a0d7b347c5d539ab435623e69,vn:bll-2019,,,,,,,,,334,fastembed-tokenizers:intfloat/multilingual-e5-large:document,332,334,2,512,0,False,False,"Điều 20.2.LQ.219 — Sửa đổi, bổ sung một số điều của các luật có liên quan đến lao động Khoản: 1 Điểm: a, b, c, d, đ Nguồn: Văn bản hợp nhất 1. Tranh chấp lao động cá nhân giữa người lao động với người sử dụng lao động phải thông qua thủ tục",,,,
c3e5af14-9211-5be4-9de4-ffea0de697f3,20.2.LQ.219,"Sửa đổi, bổ sung một số điều của các luật có liên quan đến lao động",points,official-docx:sha256:41341e4fbdf369547f794397faeec5a90005c80a0d7b347c5d539ab435623e69,vn:bll-2019,,,,,,,,,463,fastembed-tokenizers:intfloat/multilingual-e5-large:document,461,463,2,512,0,False,False,"Điều 20.2.LQ.219 — Sửa đổi, bổ sung một số điều của các luật có liên quan đến lao động Khoản: 1 Điểm: e, b Nguồn: Văn bản hợp nhất 1. Tranh chấp lao động cá nhân giữa người lao động với người sử dụng lao động phải thông qua thủ tục hòa giải",,,,
0ee317ae-25c7-5979-b497-6ffea536ff31,20.2.LQ.220,Hiệu lực thi hành,article,official-docx:sha256:41341e4fbdf369547f794397faeec5a90005c80a0d7b347c5d539ab435623e69,vn:bll-2019,,,,,,,,,244,fastembed-tokenizers:intfloat/multilingual-e5-large:document,242,244,2,512,0,False,False,Điều 20.2.LQ.220 — Hiệu lực thi hành Nguồn: Văn bản hợp nhất 1. Bộ luật này có hiệu lực thi hành từ ngày 01 tháng 01 năm 2021. Bộ luật Lao động số 10/2012/QH13 hết hiệu lực thi hành kể từ ngày Bộ luật này có hiệu lực. 2. Kể từ ngày Bộ luật,,,,
7ed447ff-c7e8-5fd5-8dfd-e583eae84f21,20.2.NĐ.2.1,Phạm vi điều chỉnh,article,official-gazette-word:sha256:83aa59abd9d6a5a0da88b2b996cfbc4f7c83bc329e95ed1dc03dccb004639020,vn:135-2020-nd-cp,,,,,,,,,39,fastembed-tokenizers:intfloat/multilingual-e5-large:document,37,39,2,512,0,False,False,Điều 20.2.NĐ.2.1 — Phạm vi điều chỉnh Nguồn: NĐ Nghị định này quy định chi tiết Điều 169 của Bộ luật Lao động về tuổi nghỉ hưu.,,,,
837eaf08-2a7b-5603-b27d-d85a29a53951,20.2.NĐ.2.2,Đối tượng áp dụng,article,official-gazette-word:sha256:83aa59abd9d6a5a0da88b2b996cfbc4f7c83bc329e95ed1dc03dccb004639020,vn:135-2020-nd-cp,,,,,,,,,67,fastembed-tokenizers:intfloat/multilingual-e5-large:document,65,67,2,512,0,False,False,"Điều 20.2.NĐ.2.2 — Đối tượng áp dụng Nguồn: NĐ 1. Người lao động và người sử dụng lao động quy định tại các khoản 1, 2 và 3 Điều 2 của Bộ luật Lao động. 2. Cơ quan, tổ chức và cá nhân có liên quan đến bảo hiểm xã hội.",,,,
f7b06789-7656-59ed-b933-da103ce9382b,20.2.NĐ.2.3,Thời điểm nghỉ hưu và thời điểm hưởng chế độ hưu trí,article,official-gazette-word:sha256:83aa59abd9d6a5a0da88b2b996cfbc4f7c83bc329e95ed1dc03dccb004639020,vn:135-2020-nd-cp,,,,,,,,,145,fastembed-tokenizers:intfloat/multilingual-e5-large:document,143,145,2,512,0,False,False,Điều 20.2.NĐ.2.3 — Thời điểm nghỉ hưu và thời điểm hưởng chế độ hưu trí Nguồn: NĐ 1. Thời điểm nghỉ hưu là kết thúc ngày cuối cùng của tháng đủ tuổi nghỉ hưu theo quy định. Đối với trường hợp người lao động tiếp tục làm việc sau khi đã đủ t,,,,
70bc2193-392b-5852-911f-35289cb35851,20.2.NĐ.2.4,Tuổi nghỉ hưu trong điều kiện lao động bình thường,article,official-gazette-word:sha256:83aa59abd9d6a5a0da88b2b996cfbc4f7c83bc329e95ed1dc03dccb004639020,vn:135-2020-nd-cp,,,,,,,,,381,fastembed-tokenizers:intfloat/multilingual-e5-large:document,379,381,2,512,0,False,False,Điều 20.2.NĐ.2.4 — Tuổi nghỉ hưu trong điều kiện lao động bình thường Nguồn: NĐ Tuổi nghỉ hưu của người lao động trong điều kiện lao động bình thường theo khoản 2 Điều 169 của Bộ luật Lao động được quy định cụ thể như sau: 1. Kể từ ngày 01,,,,
b2af3abb-5a18-56ae-be71-fbebb9f41e54,20.2.NĐ.2.5,Nghỉ hưu ở tuổi thấp hơn tuổi nghỉ hưu trong điều kiện lao động bình thường,clause,official-gazette-word:sha256:83aa59abd9d6a5a0da88b2b996cfbc4f7c83bc329e95ed1dc03dccb004639020,vn:135-2020-nd-cp,,,,,,,,,349,fastembed-tokenizers:intfloat/multilingual-e5-large:document,347,349,2,512,0,False,False,"Điều 20.2.NĐ.2.5 — Nghỉ hưu ở tuổi thấp hơn tuổi nghỉ hưu trong điều kiện lao động bình thường Khoản: 1 Điểm: a, b, c, d Nguồn: NĐ Nghỉ hưu ở tuổi thấp hơn tuổi nghỉ hưu trong điều kiện lao động bình thường của người lao động theo khoản 3 Đ",,,,
5b610cb8-92bd-5f52-9cd0-d2c66cba5f6a,20.2.NĐ.2.5,Nghỉ hưu ở tuổi thấp hơn tuổi nghỉ hưu trong điều kiện lao động bình thường,clause,official-gazette-word:sha256:83aa59abd9d6a5a0da88b2b996cfbc4f7c83bc329e95ed1dc03dccb004639020,vn:135-2020-nd-cp,,,,,,,,,253,fastembed-tokenizers:intfloat/multilingual-e5-large:document,251,253,2,512,0,False,False,Điều 20.2.NĐ.2.5 — Nghỉ hưu ở tuổi thấp hơn tuổi nghỉ hưu trong điều kiện lao động bình thường Khoản: 2 Nguồn: NĐ 2. Tuổi nghỉ hưu thấp nhất của người lao động quy định tại khoản 1 Điều này được thực hiện theo bảng dưới đây: Lao động nam La,,,,
fe1e3d09-a3bf-57e0-8f78-3b0807803b36,20.2.NĐ.2.6,Nghỉ hưu ở tuổi cao hơn tuổi nghỉ hưu trong điều kiện lao động bình thường,article,official-gazette-word:sha256:83aa59abd9d6a5a0da88b2b996cfbc4f7c83bc329e95ed1dc03dccb004639020,vn:135-2020-nd-cp,,,,,,,,,179,fastembed-tokenizers:intfloat/multilingual-e5-large:document,177,179,2,512,0,False,False,Điều 20.2.NĐ.2.6 — Nghỉ hưu ở tuổi cao hơn tuổi nghỉ hưu trong điều kiện lao động bình thường Nguồn: NĐ Nghỉ hưu ở tuổi cao hơn tuổi nghỉ hưu trong điều kiện lao động bình thường của người lao động theo khoản 4 Điều 169 của Bộ luật Lao động,,,,
b16f410d-959b-5c23-b75e-a1b2105c5db4,20.2.NĐ.2.7,Quy định chuyển tiếp,article,official-gazette-word:sha256:83aa59abd9d6a5a0da88b2b996cfbc4f7c83bc329e95ed1dc03dccb004639020,vn:135-2020-nd-cp,,,,,,,,,84,fastembed-tokenizers:intfloat/multilingual-e5-large:document,82,84,2,512,0,False,False,Điều 20.2.NĐ.2.7 — Quy định chuyển tiếp Nguồn: NĐ 2. Đối với lao động nam sinh tháng 12 năm 1960 và lao động nữ sinh tháng 12 năm 1965 làm việc trong điều kiện lao động bình thường thì thời điểm nghỉ hưu là kết thúc ngày 31 tháng 12 năm 202,,,,
bf02f928-79a3-5212-94d8-07d0ecefd85e,20.2.NĐ.2.8,Hiệu lực thi hành,article,official-gazette-word:sha256:83aa59abd9d6a5a0da88b2b996cfbc4f7c83bc329e95ed1dc03dccb004639020,vn:135-2020-nd-cp,,,,,,,,,36,fastembed-tokenizers:intfloat/multilingual-e5-large:document,34,36,2,512,0,False,False,Điều 20.2.NĐ.2.8 — Hiệu lực thi hành Nguồn: NĐ 1. Nghị định này có hiệu lực thi hành từ ngày 01 tháng 01 năm 2021.,,,,
5b870267-2356-542a-b006-d486382f7af8,20.2.NĐ.2.9,Trách nhiệm hướng dẫn thi hành,article,official-gazette-word:sha256:83aa59abd9d6a5a0da88b2b996cfbc4f7c83bc329e95ed1dc03dccb004639020,vn:135-2020-nd-cp,,,,,,,,,67,fastembed-tokenizers:intfloat/multilingual-e5-large:document,65,67,2,512,0,False,False,"Điều 20.2.NĐ.2.9 — Trách nhiệm hướng dẫn thi hành Nguồn: NĐ Các Bộ trưởng, Thủ trưởng cơ quan ngang Bộ, Thủ trưởng cơ quan thuộc Chính phủ, Chủ tịch Ủy ban nhân dân tỉnh, thành phố trực thuộc Trung ương chịu trách nhiệm thi hành Nghị định n",,,,
5f4d6c91-6e9a-54d2-ac57-86e33f609e5a,20.2.NĐ.3.1,Phạm vi điều chỉnh,article,official-gazette-word:sha256:54600f4a809b341462c39f7ef4982f0e33bf21a0af462027ea2c93e6d88f5c83,vn:145-2020-nd-cp,,,,,,,,,284,fastembed-tokenizers:intfloat/multilingual-e5-large:document,282,284,2,512,0,False,False,"Điều 20.2.NĐ.3.1 — Phạm vi điều chỉnh Nguồn: NĐ Nghị định này quy định chi tiết và hướng dẫn thi hành một số nội dung về điều kiện lao động và quan hệ lao động theo các điều, khoản sau đây của Bộ luật Lao động: 1. Quản lý lao động theo khoả",,,,
89ceb9a1-f028-542e-a99d-b2385b849bd9,20.2.NĐ.3.2,Đối tượng áp dụng,article,official-gazette-word:sha256:54600f4a809b341462c39f7ef4982f0e33bf21a0af462027ea2c93e6d88f5c83,vn:145-2020-nd-cp,,,,,,,,,85,fastembed-tokenizers:intfloat/multilingual-e5-large:document,83,85,2,512,0,False,False,"Điều 20.2.NĐ.3.2 — Đối tượng áp dụng Nguồn: NĐ 1. Người lao động, người học nghề, tập nghề theo khoản 1 Điều 2 của Bộ luật Lao động. 2. Người sử dụng lao động theo khoản 2 Điều 2 của Bộ luật Lao động. 3. Các cơ quan, tổ chức, cá nhân khác c",,,,
7d11b4d9-a104-5832-8f42-41d468a4e782,20.2.NĐ.3.3,Sổ quản lý lao động,article,official-gazette-word:sha256:54600f4a809b341462c39f7ef4982f0e33bf21a0af462027ea2c93e6d88f5c83,vn:145-2020-nd-cp,,,,,,,,,353,fastembed-tokenizers:intfloat/multilingual-e5-large:document,351,353,2,512,0,False,False,"Điều 20.2.NĐ.3.3 — Sổ quản lý lao động Nguồn: NĐ Việc lập, cập nhật, quản lý, sử dụng sổ quản lý lao động tại khoản 1 Điều 12 của Bộ luật Lao động được quy định như sau: 1. Trong thời hạn 30 ngày kể từ ngày bắt đầu hoạt động, người sử dụng",,,,
2d7570d2-d870-5ff3-a0c8-a7cb2b348427,20.2.NĐ.3.4,Báo cáo sử dụng lao động,clause,official-gazette-word:sha256:54600f4a809b341462c39f7ef4982f0e33bf21a0af462027ea2c93e6d88f5c83,vn:145-2020-nd-cp,,,,,,,,,153,fastembed-tokenizers:intfloat/multilingual-e5-large:document,151,153,2,512,0,False,False,"Điều 20.2.NĐ.3.4 — Báo cáo sử dụng lao động Khoản: 1 Nguồn: NĐ Việc khai trình sử dụng lao động, định kỳ báo cáo tình hình thay đổi về lao động tại khoản 2 Điều 12 của Bộ luật Lao động được quy định như sau: 1. Người sử dụng lao động khai t",,,,
4630e8e3-b067-58b0-bb7b-97e67e7999c5,20.2.NĐ.3.4,Báo cáo sử dụng lao động,clause,official-gazette-word:sha256:54600f4a809b341462c39f7ef4982f0e33bf21a0af462027ea2c93e6d88f5c83,vn:145-2020-nd-cp,,,,,,,,,177,fastembed-tokenizers:intfloat/multilingual-e5-large:document,175,177,2,512,0,False,False,"Điều 20.2.NĐ.3.4 — Báo cáo sử dụng lao động Khoản: 3 Nguồn: NĐ 3. Định kỳ 06 tháng, trước ngày 15 tháng 6 và hằng năm, trước ngày 15 tháng 12, Sở Lao động - Thương binh và Xã hội có trách nhiệm báo cáo Bộ Lao động - Thương binh và Xã hội về",,,,
a7f7edad-6add-53ee-8a24-16d6cec9b896,20.2.NĐ.3.4,Báo cáo sử dụng lao động,clause,official-gazette-word:sha256:54600f4a809b341462c39f7ef4982f0e33bf21a0af462027ea2c93e6d88f5c83,vn:145-2020-nd-cp,,,,,,,,,242,fastembed-tokenizers:intfloat/multilingual-e5-large:document,240,242,2,512,0,False,False,"Điều 20.2.NĐ.3.4 — Báo cáo sử dụng lao động Khoản: 4 Điểm: a, b Nguồn: NĐ 4. Đối với khu công nghệ cao, việc báo cáo sử dụng lao động thực hiện như sau: a) Người sử dụng lao động báo cáo tình hình thay đổi lao động đến Sở Lao động - Thương",,,,
006cfbf4-64e2-5d38-98c1-3f167b8e6caf,20.2.NĐ.3.5,Nội dung hợp đồng lao động đối với người lao động được thuê làm giám đốc trong doanh nghiệp do Nhà nước nắm giữ 100% vốn điều lệ hoặc Nhà nước nắm giữ trên 50% vốn điều lệ hoặc tổng số cổ phần có quyền biểu quyết,clause,official-gazette-word:sha256:54600f4a809b341462c39f7ef4982f0e33bf21a0af462027ea2c93e6d88f5c83,vn:145-2020-nd-cp,,,,,,,,,203,fastembed-tokenizers:intfloat/multilingual-e5-large:document,201,203,2,512,0,False,False,Điều 20.2.NĐ.3.5 — Nội dung hợp đồng lao động đối với người lao động được thuê làm giám đốc trong doanh nghiệp do Nhà nước nắm giữ 100% vốn điều lệ hoặc Nhà nước nắm giữ trên 50% vốn điều lệ hoặc tổng số cổ phần có quyền biểu quyết Khoản: 1,,,,
3391792b-9ad1-57c4-abb7-7948ffa550da,20.2.NĐ.3.5,Nội dung hợp đồng lao động đối với người lao động được thuê làm giám đốc trong doanh nghiệp do Nhà nước nắm giữ 100% vốn điều lệ hoặc Nhà nước nắm giữ trên 50% vốn điều lệ hoặc tổng số cổ phần có quyền biểu quyết,clause,official-gazette-word:sha256:54600f4a809b341462c39f7ef4982f0e33bf21a0af462027ea2c93e6d88f5c83,vn:145-2020-nd-cp,,,,,,,,,212,fastembed-tokenizers:intfloat/multilingual-e5-large:document,210,212,2,512,0,False,False,Điều 20.2.NĐ.3.5 — Nội dung hợp đồng lao động đối với người lao động được thuê làm giám đốc trong doanh nghiệp do Nhà nước nắm giữ 100% vốn điều lệ hoặc Nhà nước nắm giữ trên 50% vốn điều lệ hoặc tổng số cổ phần có quyền biểu quyết Khoản: 2,,,,
b090c27e-97d2-5b2a-8127-34811ac96457,20.2.NĐ.3.5,Nội dung hợp đồng lao động đối với người lao động được thuê làm giám đốc trong doanh nghiệp do Nhà nước nắm giữ 100% vốn điều lệ hoặc Nhà nước nắm giữ trên 50% vốn điều lệ hoặc tổng số cổ phần có quyền biểu quyết,clause,official-gazette-word:sha256:54600f4a809b341462c39f7ef4982f0e33bf21a0af462027ea2c93e6d88f5c83,vn:145-2020-nd-cp,,,,,,,,,98,fastembed-tokenizers:intfloat/multilingual-e5-large:document,96,98,2,512,0,False,False,Điều 20.2.NĐ.3.5 — Nội dung hợp đồng lao động đối với người lao động được thuê làm giám đốc trong doanh nghiệp do Nhà nước nắm giữ 100% vốn điều lệ hoặc Nhà nước nắm giữ trên 50% vốn điều lệ hoặc tổng số cổ phần có quyền biểu quyết Khoản: 3,,,,
48af5251-4219-5890-9c1c-27d69ba0f876,20.2.NĐ.3.5,Nội dung hợp đồng lao động đối với người lao động được thuê làm giám đốc trong doanh nghiệp do Nhà nước nắm giữ 100% vốn điều lệ hoặc Nhà nước nắm giữ trên 50% vốn điều lệ hoặc tổng số cổ phần có quyền biểu quyết,clause,official-gazette-word:sha256:54600f4a809b341462c39f7ef4982f0e33bf21a0af462027ea2c93e6d88f5c83,vn:145-2020-nd-cp,,,,,,,,,83,fastembed-tokenizers:intfloat/multilingual-e5-large:document,81,83,2,512,0,False,False,Điều 20.2.NĐ.3.5 — Nội dung hợp đồng lao động đối với người lao động được thuê làm giám đốc trong doanh nghiệp do Nhà nước nắm giữ 100% vốn điều lệ hoặc Nhà nước nắm giữ trên 50% vốn điều lệ hoặc tổng số cổ phần có quyền biểu quyết Khoản: 4,,,,
ff549d75-12cf-5736-8026-ab06ea15f33c,20.2.NĐ.3.5,Nội dung hợp đồng lao động đối với người lao động được thuê làm giám đốc trong doanh nghiệp do Nhà nước nắm giữ 100% vốn điều lệ hoặc Nhà nước nắm giữ trên 50% vốn điều lệ hoặc tổng số cổ phần có quyền biểu quyết,clause,official-gazette-word:sha256:54600f4a809b341462c39f7ef4982f0e33bf21a0af462027ea2c93e6d88f5c83,vn:145-2020-nd-cp,,,,,,,,,132,fastembed-tokenizers:intfloat/multilingual-e5-large:document,130,132,2,512,0,False,False,Điều 20.2.NĐ.3.5 — Nội dung hợp đồng lao động đối với người lao động được thuê làm giám đốc trong doanh nghiệp do Nhà nước nắm giữ 100% vốn điều lệ hoặc Nhà nước nắm giữ trên 50% vốn điều lệ hoặc tổng số cổ phần có quyền biểu quyết Khoản: 5,,,,
b3be74e3-6086-5d83-8bb0-468d8726f668,20.2.NĐ.3.5,Nội dung hợp đồng lao động đối với người lao động được thuê làm giám đốc trong doanh nghiệp do Nhà nước nắm giữ 100% vốn điều lệ hoặc Nhà nước nắm giữ trên 50% vốn điều lệ hoặc tổng số cổ phần có quyền biểu quyết,clause,official-gazette-word:sha256:54600f4a809b341462c39f7ef4982f0e33bf21a0af462027ea2c93e6d88f5c83,vn:145-2020-nd-cp,,,,,,,,,107,fastembed-tokenizers:intfloat/multilingual-e5-large:document,105,107,2,512,0,False,False,Điều 20.2.NĐ.3.5 — Nội dung hợp đồng lao động đối với người lao động được thuê làm giám đốc trong doanh nghiệp do Nhà nước nắm giữ 100% vốn điều lệ hoặc Nhà nước nắm giữ trên 50% vốn điều lệ hoặc tổng số cổ phần có quyền biểu quyết Khoản: 6,,,,
4c00c98b-a2f7-50a7-80bf-f51cc1aced4a,20.2.NĐ.3.5,Nội dung hợp đồng lao động đối với người lao động được thuê làm giám đốc trong doanh nghiệp do Nhà nước nắm giữ 100% vốn điều lệ hoặc Nhà nước nắm giữ trên 50% vốn điều lệ hoặc tổng số cổ phần có quyền biểu quyết,clause,official-gazette-word:sha256:54600f4a809b341462c39f7ef4982f0e33bf21a0af462027ea2c93e6d88f5c83,vn:145-2020-nd-cp,,,,,,,,,244,fastembed-tokenizers:intfloat/multilingual-e5-large:document,242,244,2,512,0,False,False,Điều 20.2.NĐ.3.5 — Nội dung hợp đồng lao động đối với người lao động được thuê làm giám đốc trong doanh nghiệp do Nhà nước nắm giữ 100% vốn điều lệ hoặc Nhà nước nắm giữ trên 50% vốn điều lệ hoặc tổng số cổ phần có quyền biểu quyết Khoản: 7,,,,
b31e1a12-db33-568e-8573-e5d8bd741fe5,20.2.NĐ.3.5,Nội dung hợp đồng lao động đối với người lao động được thuê làm giám đốc trong doanh nghiệp do Nhà nước nắm giữ 100% vốn điều lệ hoặc Nhà nước nắm giữ trên 50% vốn điều lệ hoặc tổng số cổ phần có quyền biểu quyết,clause,official-gazette-word:sha256:54600f4a809b341462c39f7ef4982f0e33bf21a0af462027ea2c93e6d88f5c83,vn:145-2020-nd-cp,,,,,,,,,251,fastembed-tokenizers:intfloat/multilingual-e5-large:document,249,251,2,512,0,False,False,Điều 20.2.NĐ.3.5 — Nội dung hợp đồng lao động đối với người lao động được thuê làm giám đốc trong doanh nghiệp do Nhà nước nắm giữ 100% vốn điều lệ hoặc Nhà nước nắm giữ trên 50% vốn điều lệ hoặc tổng số cổ phần có quyền biểu quyết Khoản: 8,,,,
7d24bc1f-bdc7-5865-a693-886da21c46c2,20.2.NĐ.3.5,Nội dung hợp đồng lao động đối với người lao động được thuê làm giám đốc trong doanh nghiệp do Nhà nước nắm giữ 100% vốn điều lệ hoặc Nhà nước nắm giữ trên 50% vốn điều lệ hoặc tổng số cổ phần có quyền biểu quyết,clause,official-gazette-word:sha256:54600f4a809b341462c39f7ef4982f0e33bf21a0af462027ea2c93e6d88f5c83,vn:145-2020-nd-cp,,,,,,,,,97,fastembed-tokenizers:intfloat/multilingual-e5-large:document,95,97,2,512,0,False,False,Điều 20.2.NĐ.3.5 — Nội dung hợp đồng lao động đối với người lao động được thuê làm giám đốc trong doanh nghiệp do Nhà nước nắm giữ 100% vốn điều lệ hoặc Nhà nước nắm giữ trên 50% vốn điều lệ hoặc tổng số cổ phần có quyền biểu quyết Khoản: 9,,,,
90659d23-f807-5307-b19d-6e39468b61d2,20.2.NĐ.3.5,Nội dung hợp đồng lao động đối với người lao động được thuê làm giám đốc trong doanh nghiệp do Nhà nước nắm giữ 100% vốn điều lệ hoặc Nhà nước nắm giữ trên 50% vốn điều lệ hoặc tổng số cổ phần có quyền biểu quyết,clause,official-gazette-word:sha256:54600f4a809b341462c39f7ef4982f0e33bf21a0af462027ea2c93e6d88f5c83,vn:145-2020-nd-cp,,,,,,,,,98,fastembed-tokenizers:intfloat/multilingual-e5-large:document,96,98,2,512,0,False,False,Điều 20.2.NĐ.3.5 — Nội dung hợp đồng lao động đối với người lao động được thuê làm giám đốc trong doanh nghiệp do Nhà nước nắm giữ 100% vốn điều lệ hoặc Nhà nước nắm giữ trên 50% vốn điều lệ hoặc tổng số cổ phần có quyền biểu quyết Khoản: 1,,,,
f17a29cc-23b9-5b59-9f76-e4ca7fe84573,20.2.NĐ.3.5,Nội dung hợp đồng lao động đối với người lao động được thuê làm giám đốc trong doanh nghiệp do Nhà nước nắm giữ 100% vốn điều lệ hoặc Nhà nước nắm giữ trên 50% vốn điều lệ hoặc tổng số cổ phần có quyền biểu quyết,clause,official-gazette-word:sha256:54600f4a809b341462c39f7ef4982f0e33bf21a0af462027ea2c93e6d88f5c83,vn:145-2020-nd-cp,,,,,,,,,92,fastembed-tokenizers:intfloat/multilingual-e5-large:document,90,92,2,512,0,False,False,Điều 20.2.NĐ.3.5 — Nội dung hợp đồng lao động đối với người lao động được thuê làm giám đốc trong doanh nghiệp do Nhà nước nắm giữ 100% vốn điều lệ hoặc Nhà nước nắm giữ trên 50% vốn điều lệ hoặc tổng số cổ phần có quyền biểu quyết Khoản: 1,,,,
280f15f6-d5e3-56a4-88f4-b629be69c02f,20.2.NĐ.3.5,Nội dung hợp đồng lao động đối với người lao động được thuê làm giám đốc trong doanh nghiệp do Nhà nước nắm giữ 100% vốn điều lệ hoặc Nhà nước nắm giữ trên 50% vốn điều lệ hoặc tổng số cổ phần có quyền biểu quyết,clause,official-gazette-word:sha256:54600f4a809b341462c39f7ef4982f0e33bf21a0af462027ea2c93e6d88f5c83,vn:145-2020-nd-cp,,,,,,,,,78,fastembed-tokenizers:intfloat/multilingual-e5-large:document,76,78,2,512,0,False,False,Điều 20.2.NĐ.3.5 — Nội dung hợp đồng lao động đối với người lao động được thuê làm giám đốc trong doanh nghiệp do Nhà nước nắm giữ 100% vốn điều lệ hoặc Nhà nước nắm giữ trên 50% vốn điều lệ hoặc tổng số cổ phần có quyền biểu quyết Khoản: 1,,,,
9a6bd68d-ada1-5356-b602-de3f4b19b67f,20.2.NĐ.3.6,Nội dung hợp đồng lao động đối với người lao động được thuê làm giám đốc trong doanh nghiệp do Nhà nước nắm giữ từ 50% vốn điều lệ hoặc tổng số cổ phần có quyền biểu quyết trở xuống,article,official-gazette-word:sha256:54600f4a809b341462c39f7ef4982f0e33bf21a0af462027ea2c93e6d88f5c83,vn:145-2020-nd-cp,,,,,,,,,115,fastembed-tokenizers:intfloat/multilingual-e5-large:document,113,115,2,512,0,False,False,Điều 20.2.NĐ.3.6 — Nội dung hợp đồng lao động đối với người lao động được thuê làm giám đốc trong doanh nghiệp do Nhà nước nắm giữ từ 50% vốn điều lệ hoặc tổng số cổ phần có quyền biểu quyết trở xuống Nguồn: NĐ Nội dung hợp đồng lao động đố,,,,
4da14657-11b2-596b-ab83-4d13e7686087,20.2.NĐ.3.7,"Thời hạn báo trước khi đơn phương chấm dứt hợp đồng lao động đối với một số ngành, nghề, công việc đặc thù",article,official-gazette-word:sha256:54600f4a809b341462c39f7ef4982f0e33bf21a0af462027ea2c93e6d88f5c83,vn:145-2020-nd-cp,,,,,,,,,352,fastembed-tokenizers:intfloat/multilingual-e5-large:document,350,352,2,512,0,False,False,"Điều 20.2.NĐ.3.7 — Thời hạn báo trước khi đơn phương chấm dứt hợp đồng lao động đối với một số ngành, nghề, công việc đặc thù Nguồn: NĐ Ngành, nghề, công việc đặc thù và thời hạn báo trước khi đơn phương chấm dứt hợp đồng lao động quy định",,,,
d60da896-1570-5a23-8b49-5709e8f87b0d,20.2.NĐ.3.8,"Trợ cấp thôi việc, trợ cấp mất việc làm",clause,official-gazette-word:sha256:54600f4a809b341462c39f7ef4982f0e33bf21a0af462027ea2c93e6d88f5c83,vn:145-2020-nd-cp,,,,,,,,,221,fastembed-tokenizers:intfloat/multilingual-e5-large:document,219,221,2,512,0,False,False,"Điều 20.2.NĐ.3.8 — Trợ cấp thôi việc, trợ cấp mất việc làm Khoản: 1 Điểm: a, b Nguồn: NĐ 1. Người sử dụng lao động có trách nhiệm chi trả trợ cấp thôi việc theo quy định tại Điều 46 của Bộ luật Lao động đối với người lao động đã làm việc th",,,,
f043c66b-038d-5787-92d8-04c1636c615d,20.2.NĐ.3.8,"Trợ cấp thôi việc, trợ cấp mất việc làm",clause,official-gazette-word:sha256:54600f4a809b341462c39f7ef4982f0e33bf21a0af462027ea2c93e6d88f5c83,vn:145-2020-nd-cp,,,,,,,,,177,fastembed-tokenizers:intfloat/multilingual-e5-large:document,175,177,2,512,0,False,False,"Điều 20.2.NĐ.3.8 — Trợ cấp thôi việc, trợ cấp mất việc làm Khoản: 2 Nguồn: NĐ 2. Người sử dụng lao động có trách nhiệm chi trả trợ cấp mất việc làm theo quy định tại Điều 47 của Bộ luật Lao động đối với người lao động đã làm việc thường xuy",,,,
6ac2b2a2-f606-534d-89e8-0739ad652c3a,20.2.NĐ.3.8,"Trợ cấp thôi việc, trợ cấp mất việc làm",points,official-gazette-word:sha256:54600f4a809b341462c39f7ef4982f0e33bf21a0af462027ea2c93e6d88f5c83,vn:145-2020-nd-cp,,,,,,,,,369,fastembed-tokenizers:intfloat/multilingual-e5-large:document,367,369,2,512,0,False,False,"Điều 20.2.NĐ.3.8 — Trợ cấp thôi việc, trợ cấp mất việc làm Khoản: 3 Điểm: a Nguồn: NĐ 3. Thời gian làm việc để tính trợ cấp thôi việc, trợ cấp mất việc làm là tổng thời gian người lao động đã làm việc thực tế cho người sử dụng lao động trừ",,,,
16dfaf78-1d68-5939-aee4-9d93dd92e438,20.2.NĐ.3.8,"Trợ cấp thôi việc, trợ cấp mất việc làm",points,official-gazette-word:sha256:54600f4a809b341462c39f7ef4982f0e33bf21a0af462027ea2c93e6d88f5c83,vn:145-2020-nd-cp,,,,,,,,,305,fastembed-tokenizers:intfloat/multilingual-e5-large:document,303,305,2,512,0,False,False,"Điều 20.2.NĐ.3.8 — Trợ cấp thôi việc, trợ cấp mất việc làm Khoản: 3 Điểm: b, c Nguồn: NĐ 3. Thời gian làm việc để tính trợ cấp thôi việc, trợ cấp mất việc làm là tổng thời gian người lao động đã làm việc thực tế cho người sử dụng lao động t",,,,
93828a92-6a48-53d6-9939-9552ccfb4665,20.2.NĐ.3.8,"Trợ cấp thôi việc, trợ cấp mất việc làm",points,official-gazette-word:sha256:54600f4a809b341462c39f7ef4982f0e33bf21a0af462027ea2c93e6d88f5c83,vn:145-2020-nd-cp,,,,,,,,,314,fastembed-tokenizers:intfloat/multilingual-e5-large:document,312,314,2,512,0,False,False,"Điều 20.2.NĐ.3.8 — Trợ cấp thôi việc, trợ cấp mất việc làm Khoản: 4 Điểm: a Nguồn: NĐ 4. Xác định thời gian người lao động đã làm việc thực tế cho người sử dụng lao động quy định tại điểm a khoản 3 Điều này trong một số trường hợp đặc biệt:",,,,
7be30046-ca25-5375-b5be-959f7316abf2,20.2.NĐ.3.8,"Trợ cấp thôi việc, trợ cấp mất việc làm",points,official-gazette-word:sha256:54600f4a809b341462c39f7ef4982f0e33bf21a0af462027ea2c93e6d88f5c83,vn:145-2020-nd-cp,,,,,,,,,260,fastembed-tokenizers:intfloat/multilingual-e5-large:document,258,260,2,512,0,False,False,"Điều 20.2.NĐ.3.8 — Trợ cấp thôi việc, trợ cấp mất việc làm Khoản: 4 Điểm: b Nguồn: NĐ 4. Xác định thời gian người lao động đã làm việc thực tế cho người sử dụng lao động quy định tại điểm a khoản 3 Điều này trong một số trường hợp đặc biệt:",,,,
a2d13c4c-9e3f-5ff8-a2c8-6d6a4aa68058,20.2.NĐ.3.8,"Trợ cấp thôi việc, trợ cấp mất việc làm",fallback_segment,official-gazette-word:sha256:54600f4a809b341462c39f7ef4982f0e33bf21a0af462027ea2c93e6d88f5c83,vn:145-2020-nd-cp,,,,,,,1,,204,fastembed-tokenizers:intfloat/multilingual-e5-large:document,202,204,2,512,0,False,False,"Điều 20.2.NĐ.3.8 — Trợ cấp thôi việc, trợ cấp mất việc làm Khoản: 4 Điểm: c Nguồn: NĐ [Ngữ cảnh khoản] 4. Xác định thời gian người lao động đã làm việc thực tế cho người sử dụng lao động quy định tại điểm a khoản 3 Điều này trong một số trư",,,,
015469c5-0a7a-541e-9967-12ee672e6600,20.2.NĐ.3.8,"Trợ cấp thôi việc, trợ cấp mất việc làm",fallback_segment,official-gazette-word:sha256:54600f4a809b341462c39f7ef4982f0e33bf21a0af462027ea2c93e6d88f5c83,vn:145-2020-nd-cp,,,,,,,2,,337,fastembed-tokenizers:intfloat/multilingual-e5-large:document,335,337,2,512,0,False,False,"Điều 20.2.NĐ.3.8 — Trợ cấp thôi việc, trợ cấp mất việc làm Khoản: 4 Điểm: c Nguồn: NĐ [Ngữ cảnh khoản] 4. Xác định thời gian người lao động đã làm việc thực tế cho người sử dụng lao động quy định tại điểm a khoản 3 Điều này trong một số trư",,,,
f8362914-e0be-56cc-9bb7-5ea63cbc123d,20.2.NĐ.3.8,"Trợ cấp thôi việc, trợ cấp mất việc làm",fallback_segment,official-gazette-word:sha256:54600f4a809b341462c39f7ef4982f0e33bf21a0af462027ea2c93e6d88f5c83,vn:145-2020-nd-cp,,,,,,,3,,405,fastembed-tokenizers:intfloat/multilingual-e5-large:document,403,405,2,512,0,False,False,"Điều 20.2.NĐ.3.8 — Trợ cấp thôi việc, trợ cấp mất việc làm Khoản: 4 Điểm: c Nguồn: NĐ [Ngữ cảnh khoản] 4. Xác định thời gian người lao động đã làm việc thực tế cho người sử dụng lao động quy định tại điểm a khoản 3 Điều này trong một số trư",,,,
68e44437-d114-5487-8fcc-1e580a7c25d2,20.2.NĐ.3.8,"Trợ cấp thôi việc, trợ cấp mất việc làm",fallback_segment,official-gazette-word:sha256:54600f4a809b341462c39f7ef4982f0e33bf21a0af462027ea2c93e6d88f5c83,vn:145-2020-nd-cp,,,,,,,4,,305,fastembed-tokenizers:intfloat/multilingual-e5-large:document,303,305,2,512,0,False,False,"Điều 20.2.NĐ.3.8 — Trợ cấp thôi việc, trợ cấp mất việc làm Khoản: 4 Điểm: c Nguồn: NĐ [Ngữ cảnh khoản] 4. Xác định thời gian người lao động đã làm việc thực tế cho người sử dụng lao động quy định tại điểm a khoản 3 Điều này trong một số trư",,,,
33125160-94e8-5c2c-a4e9-7050b7a4550b,20.2.NĐ.3.8,"Trợ cấp thôi việc, trợ cấp mất việc làm",clause,official-gazette-word:sha256:54600f4a809b341462c39f7ef4982f0e33bf21a0af462027ea2c93e6d88f5c83,vn:145-2020-nd-cp,,,,,,,,,267,fastembed-tokenizers:intfloat/multilingual-e5-large:document,265,267,2,512,0,False,False,"Điều 20.2.NĐ.3.8 — Trợ cấp thôi việc, trợ cấp mất việc làm Khoản: 5 Điểm: a, b Nguồn: NĐ 5. Tiền lương để tính trợ cấp thôi việc, trợ cấp mất việc làm được quy định như sau: a) Tiền lương để tính trợ cấp thôi việc, trợ cấp mất việc làm là t",,,,
e7d4283f-18d8-5bcd-8ea5-154803effe64,20.2.NĐ.3.8,"Trợ cấp thôi việc, trợ cấp mất việc làm",clause,official-gazette-word:sha256:54600f4a809b341462c39f7ef4982f0e33bf21a0af462027ea2c93e6d88f5c83,vn:145-2020-nd-cp,,,,,,,,,75,fastembed-tokenizers:intfloat/multilingual-e5-large:document,73,75,2,512,0,False,False,"Điều 20.2.NĐ.3.8 — Trợ cấp thôi việc, trợ cấp mất việc làm Khoản: 6 Nguồn: NĐ 6. Kinh phí chi trả trợ cấp thôi việc, trợ cấp mất việc làm đối với người lao động được hạch toán vào chi phí sản xuất, kinh doanh hoặc kinh phí hoạt động của ngư",,,,
bae534df-500b-5fbd-bf7b-c010712e0bbd,20.2.NĐ.3.9,Xử lý hợp đồng lao động vô hiệu từng phần,clause,official-gazette-word:sha256:54600f4a809b341462c39f7ef4982f0e33bf21a0af462027ea2c93e6d88f5c83,vn:145-2020-nd-cp,,,,,,,,,118,fastembed-tokenizers:intfloat/multilingual-e5-large:document,116,118,2,512,0,False,False,Điều 20.2.NĐ.3.9 — Xử lý hợp đồng lao động vô hiệu từng phần Khoản: 1 Nguồn: NĐ Việc xử lý hợp đồng lao động vô hiệu từng phần tại khoản 1 Điều 51 của Bộ luật Lao động được quy định như sau: 1. Khi hợp đồng lao động bị tuyên bố vô hiệu từng,,,,
7b405487-be52-5587-b08c-71ee48efa7db,20.2.NĐ.3.9,Xử lý hợp đồng lao động vô hiệu từng phần,clause,official-gazette-word:sha256:54600f4a809b341462c39f7ef4982f0e33bf21a0af462027ea2c93e6d88f5c83,vn:145-2020-nd-cp,,,,,,,,,234,fastembed-tokenizers:intfloat/multilingual-e5-large:document,232,234,2,512,0,False,False,"Điều 20.2.NĐ.3.9 — Xử lý hợp đồng lao động vô hiệu từng phần Khoản: 2 Nguồn: NĐ 2. Quyền, nghĩa vụ và lợi ích của hai bên trong thời gian từ khi bắt đầu làm việc theo hợp đồng lao động bị tuyên bố vô hiệu từng phần đến khi hợp đồng lao động",,,,
c07d6cf7-6c3e-5fef-8531-f1570e42329d,20.2.NĐ.3.9,Xử lý hợp đồng lao động vô hiệu từng phần,clause,official-gazette-word:sha256:54600f4a809b341462c39f7ef4982f0e33bf21a0af462027ea2c93e6d88f5c83,vn:145-2020-nd-cp,,,,,,,,,203,fastembed-tokenizers:intfloat/multilingual-e5-large:document,201,203,2,512,0,False,False,"Điều 20.2.NĐ.3.9 — Xử lý hợp đồng lao động vô hiệu từng phần Khoản: 3 Điểm: a, b, c, d Nguồn: NĐ 3. Trường hợp hai bên không thống nhất sửa đổi, bổ sung các nội dung đã bị tuyên bố vô hiệu thì: a) Thực hiện chấm dứt hợp đồng lao động; b) Qu",,,,
395a595a-9db1-5d70-9d96-5bd60524cdb1,20.2.NĐ.3.9,Xử lý hợp đồng lao động vô hiệu từng phần,clause,official-gazette-word:sha256:54600f4a809b341462c39f7ef4982f0e33bf21a0af462027ea2c93e6d88f5c83,vn:145-2020-nd-cp,,,,,,,,,71,fastembed-tokenizers:intfloat/multilingual-e5-large:document,69,71,2,512,0,False,False,Điều 20.2.NĐ.3.9 — Xử lý hợp đồng lao động vô hiệu từng phần Khoản: 4 Nguồn: NĐ 4. Các vấn đề khác liên quan đến việc xử lý hợp đồng lao động vô hiệu từng phần thuộc thẩm quyền giải quyết của Tòa án theo quy định của Bộ luật Tố tụng dân sự.,,,,
94b16cc3-d79e-5fa6-bf3c-6a1d7da2b883,20.2.NĐ.3.10,Xử lý hợp đồng lao động vô hiệu toàn bộ do người giao kết không đúng thẩm quyền hoặc vi phạm nguyên tắc giao kết hợp đồng lao động,clause,official-gazette-word:sha256:54600f4a809b341462c39f7ef4982f0e33bf21a0af462027ea2c93e6d88f5c83,vn:145-2020-nd-cp,,,,,,,,,91,fastembed-tokenizers:intfloat/multilingual-e5-large:document,89,91,2,512,0,False,False,"Điều 20.2.NĐ.3.10 — Xử lý hợp đồng lao động vô hiệu toàn bộ do người giao kết không đúng thẩm quyền hoặc vi phạm nguyên tắc giao kết hợp đồng lao động Khoản: 1 Nguồn: NĐ 1. Khi hợp đồng lao động bị tuyên bố vô hiệu toàn bộ, người lao động v",,,,
6ce39945-08b5-5190-b2a0-053ba6c8fc12,20.2.NĐ.3.10,Xử lý hợp đồng lao động vô hiệu toàn bộ do người giao kết không đúng thẩm quyền hoặc vi phạm nguyên tắc giao kết hợp đồng lao động,clause,official-gazette-word:sha256:54600f4a809b341462c39f7ef4982f0e33bf21a0af462027ea2c93e6d88f5c83,vn:145-2020-nd-cp,,,,,,,,,293,fastembed-tokenizers:intfloat/multilingual-e5-large:document,291,293,2,512,0,False,False,"Điều 20.2.NĐ.3.10 — Xử lý hợp đồng lao động vô hiệu toàn bộ do người giao kết không đúng thẩm quyền hoặc vi phạm nguyên tắc giao kết hợp đồng lao động Khoản: 2 Điểm: a, b, c Nguồn: NĐ 2. Quyền, nghĩa vụ và lợi ích của người lao động kể từ k",,,,
1b592ba9-af3e-5f4e-be1a-8d8d7eacf374,20.2.NĐ.3.10,Xử lý hợp đồng lao động vô hiệu toàn bộ do người giao kết không đúng thẩm quyền hoặc vi phạm nguyên tắc giao kết hợp đồng lao động,clause,official-gazette-word:sha256:54600f4a809b341462c39f7ef4982f0e33bf21a0af462027ea2c93e6d88f5c83,vn:145-2020-nd-cp,,,,,,,,,163,fastembed-tokenizers:intfloat/multilingual-e5-large:document,161,163,2,512,0,False,False,"Điều 20.2.NĐ.3.10 — Xử lý hợp đồng lao động vô hiệu toàn bộ do người giao kết không đúng thẩm quyền hoặc vi phạm nguyên tắc giao kết hợp đồng lao động Khoản: 3 Điểm: a, b, c Nguồn: NĐ 3. Trường hợp không ký lại hợp đồng lao động bị tuyên bố",,,,
a92ddc35-e5bb-56b1-95a6-2b957e5f393a,20.2.NĐ.3.10,Xử lý hợp đồng lao động vô hiệu toàn bộ do người giao kết không đúng thẩm quyền hoặc vi phạm nguyên tắc giao kết hợp đồng lao động,clause,official-gazette-word:sha256:54600f4a809b341462c39f7ef4982f0e33bf21a0af462027ea2c93e6d88f5c83,vn:145-2020-nd-cp,,,,,,,,,111,fastembed-tokenizers:intfloat/multilingual-e5-large:document,109,111,2,512,0,False,False,Điều 20.2.NĐ.3.10 — Xử lý hợp đồng lao động vô hiệu toàn bộ do người giao kết không đúng thẩm quyền hoặc vi phạm nguyên tắc giao kết hợp đồng lao động Khoản: 4 Nguồn: NĐ 4. Các vấn đề khác liên quan đến việc xử lý hợp đồng lao động vô hiệu,,,,
99fbb0af-0c7b-569d-8f85-4cfbbac77413,20.2.NĐ.3.11,Xử lý hợp đồng lao động vô hiệu toàn bộ do toàn bộ nội dung của hợp đồng lao động vi phạm pháp luật hoặc công việc đã giao kết trong hợp đồng lao động là công việc mà pháp luật cấm,article,official-gazette-word:sha256:54600f4a809b341462c39f7ef4982f0e33bf21a0af462027ea2c93e6d88f5c83,vn:145-2020-nd-cp,,,,,,,,,469,fastembed-tokenizers:intfloat/multilingual-e5-large:document,467,469,2,512,0,False,False,Điều 20.2.NĐ.3.11 — Xử lý hợp đồng lao động vô hiệu toàn bộ do toàn bộ nội dung của hợp đồng lao động vi phạm pháp luật hoặc công việc đã giao kết trong hợp đồng lao động là công việc mà pháp luật cấm Nguồn: NĐ 1. Khi hợp đồng lao động bị t,,,,
24dc5e17-c542-5bec-8423-9037c15eea72,20.2.NĐ.3.12,Doanh nghiệp cho thuê lại lao động,article,official-gazette-word:sha256:54600f4a809b341462c39f7ef4982f0e33bf21a0af462027ea2c93e6d88f5c83,vn:145-2020-nd-cp,,,,,,,,,129,fastembed-tokenizers:intfloat/multilingual-e5-large:document,127,129,2,512,0,False,False,"Điều 20.2.NĐ.3.12 — Doanh nghiệp cho thuê lại lao động Nguồn: NĐ Doanh nghiệp cho thuê lại lao động là doanh nghiệp được thành lập theo quy định của Luật Doanh nghiệp, được cấp giấy phép hoạt động cho thuê lại lao động, có tuyển dụng, giao",,,,
d7d88b4d-1ecd-5f46-a44e-947a85fa31e4,20.2.NĐ.3.13,Bên thuê lại lao động,article,official-gazette-word:sha256:54600f4a809b341462c39f7ef4982f0e33bf21a0af462027ea2c93e6d88f5c83,vn:145-2020-nd-cp,,,,,,,,,90,fastembed-tokenizers:intfloat/multilingual-e5-large:document,88,90,2,512,0,False,False,"Điều 20.2.NĐ.3.13 — Bên thuê lại lao động Nguồn: NĐ Bên thuê lại lao động là doanh nghiệp, cơ quan, tổ chức, hợp tác xã, hộ gia đình và cá nhân có năng lực hành vi dân sự đầy đủ, có sử dụng người lao động thuê lại để làm những công việc the",,,,
7e9d9e1a-5392-5f78-8264-f14ca7942850,20.2.NĐ.3.14,Người lao động thuê lại,article,official-gazette-word:sha256:54600f4a809b341462c39f7ef4982f0e33bf21a0af462027ea2c93e6d88f5c83,vn:145-2020-nd-cp,,,,,,,,,78,fastembed-tokenizers:intfloat/multilingual-e5-large:document,76,78,2,512,0,False,False,"Điều 20.2.NĐ.3.14 — Người lao động thuê lại Nguồn: NĐ Người lao động thuê lại là người lao động có năng lực hành vi dân sự đầy đủ, được doanh nghiệp cho thuê lại tuyển dụng và giao kết hợp đồng lao động, sau đó chuyển sang làm việc và chịu",,,,
4f56c038-c6e7-5739-afd0-54a2a45fa57e,20.2.NĐ.3.15,Ký quỹ và sử dụng tiền ký quỹ,article,official-gazette-word:sha256:54600f4a809b341462c39f7ef4982f0e33bf21a0af462027ea2c93e6d88f5c83,vn:145-2020-nd-cp,,,,,,,,,224,fastembed-tokenizers:intfloat/multilingual-e5-large:document,222,224,2,512,0,False,False,Điều 20.2.NĐ.3.15 — Ký quỹ và sử dụng tiền ký quỹ Nguồn: NĐ 1. Doanh nghiệp thực hiện ký quỹ theo mức quy định tại khoản 2 Điều 21 Nghị định này tại ngân hàng thương mại của Việt Nam hoặc chi nhánh ngân hàng nước ngoài thành lập và hoạt độn,,,,
5d499f24-a44b-5aa8-9091-2061930f19e5,20.2.NĐ.3.16,Nộp tiền ký quỹ,article,official-gazette-word:sha256:54600f4a809b341462c39f7ef4982f0e33bf21a0af462027ea2c93e6d88f5c83,vn:145-2020-nd-cp,,,,,,,,,228,fastembed-tokenizers:intfloat/multilingual-e5-large:document,226,228,2,512,0,False,False,Điều 20.2.NĐ.3.16 — Nộp tiền ký quỹ Nguồn: NĐ 1. Doanh nghiệp cho thuê lại thực hiện nộp tiền ký quỹ theo quy định của ngân hàng nhận ký quỹ và tuân thủ quy định của pháp luật. Doanh nghiệp cho thuê lại được hưởng lãi suất từ tiền ký quỹ th,,,,
6d920bde-e05d-5a6e-a795-c167164eee12,20.2.NĐ.3.17,Quản lý tiền ký quỹ,article,official-gazette-word:sha256:54600f4a809b341462c39f7ef4982f0e33bf21a0af462027ea2c93e6d88f5c83,vn:145-2020-nd-cp,,,,,,,,,172,fastembed-tokenizers:intfloat/multilingual-e5-large:document,170,172,2,512,0,False,False,"Điều 20.2.NĐ.3.17 — Quản lý tiền ký quỹ Nguồn: NĐ 1. Ngân hàng nhận ký quỹ có trách nhiệm phong tỏa toàn bộ số tiền ký quỹ của doanh nghiệp cho thuê lại, quản lý tiền ký quỹ theo quy định của pháp luật về ký quỹ. 2. Ngân hàng nhận ký quỹ th",,,,
8c4551d7-153d-5ea5-8c9d-9ae9f2f8df5d,20.2.NĐ.3.18,Rút tiền ký quỹ,clause,official-gazette-word:sha256:54600f4a809b341462c39f7ef4982f0e33bf21a0af462027ea2c93e6d88f5c83,vn:145-2020-nd-cp,,,,,,,,,343,fastembed-tokenizers:intfloat/multilingual-e5-large:document,341,343,2,512,0,False,False,"Điều 20.2.NĐ.3.18 — Rút tiền ký quỹ Khoản: 1 Điểm: a, b, c, d, đ Nguồn: NĐ 1. Chủ tịch Ủy ban nhân dân cấp tỉnh nơi doanh nghiệp cho thuê lại đặt trụ sở chính đồng ý để doanh nghiệp cho thuê lại rút tiền ký quỹ khi doanh nghiệp thuộc một tr",,,,
e0f0a6ed-f37f-56c2-afb6-b04c5d3a79cc,20.2.NĐ.3.18,Rút tiền ký quỹ,clause,official-gazette-word:sha256:54600f4a809b341462c39f7ef4982f0e33bf21a0af462027ea2c93e6d88f5c83,vn:145-2020-nd-cp,,,,,,,,,228,fastembed-tokenizers:intfloat/multilingual-e5-large:document,226,228,2,512,0,False,False,"Điều 20.2.NĐ.3.18 — Rút tiền ký quỹ Khoản: 2 Điểm: a, b, c, d Nguồn: NĐ 2. Hồ sơ đề nghị Chủ tịch Ủy ban nhân dân cấp tỉnh cho rút tiền ký quỹ gửi đến Sở Lao động - Thương binh và Xã hội, gồm: a) Văn bản đề nghị rút tiền ký quỹ của doanh ng",,,,
eef953c9-d5f7-5c0f-8f11-a24bb2b992f6,20.2.NĐ.3.18,Rút tiền ký quỹ,clause,official-gazette-word:sha256:54600f4a809b341462c39f7ef4982f0e33bf21a0af462027ea2c93e6d88f5c83,vn:145-2020-nd-cp,,,,,,,,,136,fastembed-tokenizers:intfloat/multilingual-e5-large:document,134,136,2,512,0,False,False,"Điều 20.2.NĐ.3.18 — Rút tiền ký quỹ Khoản: 3 Điểm: a, b, c Nguồn: NĐ 3. Hồ sơ rút tiền ký quỹ gửi ngân hàng nhận ký quỹ, gồm: a) Văn bản đề nghị rút tiền ký quỹ của doanh nghiệp cho thuê lại theo quy định tại điểm a khoản 2 Điều này; b) Văn",,,,
86cedf3b-e787-5009-81b1-3bee01458cb2,20.2.NĐ.3.18,Rút tiền ký quỹ,points,official-gazette-word:sha256:54600f4a809b341462c39f7ef4982f0e33bf21a0af462027ea2c93e6d88f5c83,vn:145-2020-nd-cp,,,,,,,,,387,fastembed-tokenizers:intfloat/multilingual-e5-large:document,385,387,2,512,0,False,False,"Điều 20.2.NĐ.3.18 — Rút tiền ký quỹ Khoản: 4 Điểm: a, b, c, d Nguồn: NĐ 4. Trình tự, thủ tục rút tiền ký quỹ được thực hiện như sau: a) Doanh nghiệp cho thuê lại nộp 01 bộ hồ sơ quy định tại khoản 2 Điều này tại Sở Lao động - Thương binh và",,,,
c9295987-80bf-539d-add7-9da695af5e73,20.2.NĐ.3.18,Rút tiền ký quỹ,points,official-gazette-word:sha256:54600f4a809b341462c39f7ef4982f0e33bf21a0af462027ea2c93e6d88f5c83,vn:145-2020-nd-cp,,,,,,,,,178,fastembed-tokenizers:intfloat/multilingual-e5-large:document,176,178,2,512,0,False,False,"Điều 20.2.NĐ.3.18 — Rút tiền ký quỹ Khoản: 4 Điểm: đ Nguồn: NĐ 4. Trình tự, thủ tục rút tiền ký quỹ được thực hiện như sau: đ) Ngân hàng nhận ký quỹ tiếp nhận và kiểm tra hồ sơ rút tiền ký quỹ của doanh nghiệp cho thuê lại, nếu đúng quy địn",,,,
7a086167-6490-588f-ab46-44d1b0c05a56,20.2.NĐ.3.19,Trích tiền ký quỹ khi doanh nghiệp cho thuê lại không thực hiện nghĩa vụ đối với người lao động thuê lại,points,official-gazette-word:sha256:54600f4a809b341462c39f7ef4982f0e33bf21a0af462027ea2c93e6d88f5c83,vn:145-2020-nd-cp,,,,,,,,,406,fastembed-tokenizers:intfloat/multilingual-e5-large:document,404,406,2,512,0,False,False,"Điều 20.2.NĐ.3.19 — Trích tiền ký quỹ khi doanh nghiệp cho thuê lại không thực hiện nghĩa vụ đối với người lao động thuê lại Khoản: 1 Điểm: a Nguồn: NĐ 1. Khi hết 60 ngày kể từ ngày đến hạn mà doanh nghiệp chưa thanh toán các chế độ, quyền",,,,
1033f34a-2d5f-5492-b9f9-de54fa877bb7,20.2.NĐ.3.19,Trích tiền ký quỹ khi doanh nghiệp cho thuê lại không thực hiện nghĩa vụ đối với người lao động thuê lại,points,official-gazette-word:sha256:54600f4a809b341462c39f7ef4982f0e33bf21a0af462027ea2c93e6d88f5c83,vn:145-2020-nd-cp,,,,,,,,,321,fastembed-tokenizers:intfloat/multilingual-e5-large:document,319,321,2,512,0,False,False,"Điều 20.2.NĐ.3.19 — Trích tiền ký quỹ khi doanh nghiệp cho thuê lại không thực hiện nghĩa vụ đối với người lao động thuê lại Khoản: 1 Điểm: b Nguồn: NĐ 1. Khi hết 60 ngày kể từ ngày đến hạn mà doanh nghiệp chưa thanh toán các chế độ, quyền",,,,
54608ffd-56f2-5021-accd-79ad92e93d22,20.2.NĐ.3.19,Trích tiền ký quỹ khi doanh nghiệp cho thuê lại không thực hiện nghĩa vụ đối với người lao động thuê lại,points,official-gazette-word:sha256:54600f4a809b341462c39f7ef4982f0e33bf21a0af462027ea2c93e6d88f5c83,vn:145-2020-nd-cp,,,,,,,,,417,fastembed-tokenizers:intfloat/multilingual-e5-large:document,415,417,2,512,0,False,False,"Điều 20.2.NĐ.3.19 — Trích tiền ký quỹ khi doanh nghiệp cho thuê lại không thực hiện nghĩa vụ đối với người lao động thuê lại Khoản: 1 Điểm: c Nguồn: NĐ 1. Khi hết 60 ngày kể từ ngày đến hạn mà doanh nghiệp chưa thanh toán các chế độ, quyền",,,,
e27ca77d-47d3-5912-a332-a6e50f1e268d,20.2.NĐ.3.19,Trích tiền ký quỹ khi doanh nghiệp cho thuê lại không thực hiện nghĩa vụ đối với người lao động thuê lại,clause,official-gazette-word:sha256:54600f4a809b341462c39f7ef4982f0e33bf21a0af462027ea2c93e6d88f5c83,vn:145-2020-nd-cp,,,,,,,,,95,fastembed-tokenizers:intfloat/multilingual-e5-large:document,93,95,2,512,0,False,False,"Điều 20.2.NĐ.3.19 — Trích tiền ký quỹ khi doanh nghiệp cho thuê lại không thực hiện nghĩa vụ đối với người lao động thuê lại Khoản: 2 Nguồn: NĐ 2. Sở Lao động - Thương binh và Xã hội có trách nhiệm giám sát việc thực hiện thanh toán, bồi th",,,,
7f870eac-abee-5315-975d-b9a7cca64fff,20.2.NĐ.3.20,Nộp bổ sung tiền ký quỹ,article,official-gazette-word:sha256:54600f4a809b341462c39f7ef4982f0e33bf21a0af462027ea2c93e6d88f5c83,vn:145-2020-nd-cp,,,,,,,,,224,fastembed-tokenizers:intfloat/multilingual-e5-large:document,222,224,2,512,0,False,False,"Điều 20.2.NĐ.3.20 — Nộp bổ sung tiền ký quỹ Nguồn: NĐ 1. Trong thời hạn 30 ngày kể từ ngày rút tiền ký quỹ để thanh toán đối với trường hợp quy định tại các điểm a và điểm b khoản 1 Điều 18 và Điều 19 Nghị định này, doanh nghiệp cho thuê lạ",,,,
84d8d468-e4e1-5987-8157-77ea1cca147e,20.2.NĐ.3.21,Điều kiện cấp giấy phép,article,official-gazette-word:sha256:54600f4a809b341462c39f7ef4982f0e33bf21a0af462027ea2c93e6d88f5c83,vn:145-2020-nd-cp,,,,,,,,,139,fastembed-tokenizers:intfloat/multilingual-e5-large:document,137,139,2,512,0,False,False,Điều 20.2.NĐ.3.21 — Điều kiện cấp giấy phép Nguồn: NĐ 1. Người đại diện theo pháp luật của doanh nghiệp thực hiện hoạt động cho thuê lại lao động phải bảo đảm điều kiện: a) Là người quản lý doanh nghiệp theo quy định của Luật Doanh nghiệp;,,,,
20c93982-9be6-50ef-82a6-496a994ad545,20.2.NĐ.3.22,"Thẩm quyền cấp, gia hạn, cấp lại, thu hồi giấy phép",article,official-gazette-word:sha256:54600f4a809b341462c39f7ef4982f0e33bf21a0af462027ea2c93e6d88f5c83,vn:145-2020-nd-cp,,,,,,,,,64,fastembed-tokenizers:intfloat/multilingual-e5-large:document,62,64,2,512,0,False,False,"Điều 20.2.NĐ.3.22 — Thẩm quyền cấp, gia hạn, cấp lại, thu hồi giấy phép Nguồn: NĐ Chủ tịch Ủy ban nhân dân cấp tỉnh nơi doanh nghiệp đặt trụ sở chính có thẩm quyền cấp, gia hạn, cấp lại, thu hồi giấy phép đối với doanh nghiệp.",,,,
64979378-d3f6-5b6e-a8a4-0cc4115275a6,20.2.NĐ.3.23,Giấy phép hoạt động cho thuê lại lao động,article,official-gazette-word:sha256:54600f4a809b341462c39f7ef4982f0e33bf21a0af462027ea2c93e6d88f5c83,vn:145-2020-nd-cp,,,,,,,,,228,fastembed-tokenizers:intfloat/multilingual-e5-large:document,226,228,2,512,0,False,False,"Điều 20.2.NĐ.3.23 — Giấy phép hoạt động cho thuê lại lao động Nguồn: NĐ 1. Giấy phép hoạt động cho thuê lại lao động in trên giấy bìa cứng có kích thước khổ A4 (21 cm x 29,7 cm); mặt trước ghi nội dung của giấy phép trên nền trắng có hoa vă",,,,
a87d2963-36d4-5f37-b003-c13a26fd43df,20.2.NĐ.3.24,Hồ sơ đề nghị cấp giấy phép,article,official-gazette-word:sha256:54600f4a809b341462c39f7ef4982f0e33bf21a0af462027ea2c93e6d88f5c83,vn:145-2020-nd-cp,,,,,,,,,478,fastembed-tokenizers:intfloat/multilingual-e5-large:document,476,478,2,512,0,False,False,Điều 20.2.NĐ.3.24 — Hồ sơ đề nghị cấp giấy phép Nguồn: NĐ 1. Văn bản đề nghị cấp giấy phép của doanh nghiệp theo Mẫu số 05/PLIII Phụ lục III ban hành kèm theo Nghị định này. 2. Bản lý lịch tự thuật của người đại diện theo pháp luật của doan,,,,
ccfe9afa-ffc2-59ba-b815-1e84c2705047,20.2.NĐ.3.25,"Trình tự, thủ tục cấp giấy phép",article,official-gazette-word:sha256:54600f4a809b341462c39f7ef4982f0e33bf21a0af462027ea2c93e6d88f5c83,vn:145-2020-nd-cp,,,,,,,,,420,fastembed-tokenizers:intfloat/multilingual-e5-large:document,418,420,2,512,0,False,False,"Điều 20.2.NĐ.3.25 — Trình tự, thủ tục cấp giấy phép Nguồn: NĐ 1. Doanh nghiệp gửi một bộ hồ sơ theo quy định tại Điều 24 Nghị định này đến Sở Lao động - Thương binh và Xã hội nơi doanh nghiệp đặt trụ sở chính để đề nghị cấp giấy phép. 2. Sa",,,,
d3ac4a5e-dbdc-5e72-a7aa-d4b6b3df26a4,20.2.NĐ.3.26,Gia hạn giấy phép,clause,official-gazette-word:sha256:54600f4a809b341462c39f7ef4982f0e33bf21a0af462027ea2c93e6d88f5c83,vn:145-2020-nd-cp,,,,,,,,,140,fastembed-tokenizers:intfloat/multilingual-e5-large:document,138,140,2,512,0,False,False,"Điều 20.2.NĐ.3.26 — Gia hạn giấy phép Khoản: 1 Điểm: a, b, c, d Nguồn: NĐ 1. Doanh nghiệp được gia hạn giấy phép phải bảo đảm các quy định sau đây: a) Bảo đảm các điều kiện quy định tại Điều 21 Nghị định này; b) Không thuộc trường hợp bị th",,,,
95260469-9b75-55aa-a8f8-181b1ac59fe4,20.2.NĐ.3.26,Gia hạn giấy phép,clause,official-gazette-word:sha256:54600f4a809b341462c39f7ef4982f0e33bf21a0af462027ea2c93e6d88f5c83,vn:145-2020-nd-cp,,,,,,,,,136,fastembed-tokenizers:intfloat/multilingual-e5-large:document,134,136,2,512,0,False,False,"Điều 20.2.NĐ.3.26 — Gia hạn giấy phép Khoản: 2 Điểm: a, b, c Nguồn: NĐ 2. Hồ sơ đề nghị gia hạn giấy phép bao gồm: a) Văn bản đề nghị gia hạn giấy phép của doanh nghiệp theo Mẫu số 05/PLIII Phụ lục III ban hành kèm theo Nghị định này; b) Vă",,,,
d55af14a-7299-51cb-b4dc-fca4c341cf92,20.2.NĐ.3.26,Gia hạn giấy phép,clause,official-gazette-word:sha256:54600f4a809b341462c39f7ef4982f0e33bf21a0af462027ea2c93e6d88f5c83,vn:145-2020-nd-cp,,,,,,,,,300,fastembed-tokenizers:intfloat/multilingual-e5-large:document,298,300,2,512,0,False,False,"Điều 20.2.NĐ.3.26 — Gia hạn giấy phép Khoản: 3 Điểm: a, b, c Nguồn: NĐ 3. Trình tự, thủ tục gia hạn giấy phép a) Doanh nghiệp gửi một bộ hồ sơ theo quy định tại khoản 2 Điều này đến Sở Lao động - Thương binh và Xã hội nơi doanh nghiệp đặt t",,,,
3a4c2f41-ad1f-548f-8605-f7d490cc7521,20.2.NĐ.3.26,Gia hạn giấy phép,clause,official-gazette-word:sha256:54600f4a809b341462c39f7ef4982f0e33bf21a0af462027ea2c93e6d88f5c83,vn:145-2020-nd-cp,,,,,,,,,81,fastembed-tokenizers:intfloat/multilingual-e5-large:document,79,81,2,512,0,False,False,Điều 20.2.NĐ.3.26 — Gia hạn giấy phép Khoản: 4 Nguồn: NĐ 4. Đối với doanh nghiệp cho thuê lại không bảo đảm quy định theo khoản 1 Điều này hoặc thuộc trường hợp quy định tại khoản 5 Điều 25 Nghị định này thì Chủ tịch Ủy ban nhân dân cấp tỉn,,,,
5279609d-5763-5bb2-a51f-d03dd40c22d5,20.2.NĐ.3.27,Cấp lại giấy phép,clause,official-gazette-word:sha256:54600f4a809b341462c39f7ef4982f0e33bf21a0af462027ea2c93e6d88f5c83,vn:145-2020-nd-cp,,,,,,,,,157,fastembed-tokenizers:intfloat/multilingual-e5-large:document,155,157,2,512,0,False,False,"Điều 20.2.NĐ.3.27 — Cấp lại giấy phép Khoản: 1 Điểm: a, b, c, d Nguồn: NĐ 1. Doanh nghiệp cho thuê lại đề nghị Chủ tịch Ủy ban nhân dân cấp tỉnh cấp lại giấy phép trong các trường hợp sau đây: a) Thay đổi một trong các nội dung của giấy phé",,,,
7ecdf026-8107-546f-b625-f4f2371fac99,20.2.NĐ.3.27,Cấp lại giấy phép,clause,official-gazette-word:sha256:54600f4a809b341462c39f7ef4982f0e33bf21a0af462027ea2c93e6d88f5c83,vn:145-2020-nd-cp,,,,,,,,,227,fastembed-tokenizers:intfloat/multilingual-e5-large:document,225,227,2,512,0,False,False,"Điều 20.2.NĐ.3.27 — Cấp lại giấy phép Khoản: 2 Điểm: a, b, c, d, đ Nguồn: NĐ 2. Hồ sơ đề nghị cấp lại giấy phép như sau: a) Văn bản đề nghị cấp lại giấy phép theo Mẫu số 05/PLIII Phụ lục III ban hành kèm theo Nghị định này; b) Bản sao giấy",,,,
28ec9905-1868-5679-a742-4919d543038f,20.2.NĐ.3.27,Cấp lại giấy phép,clause,official-gazette-word:sha256:54600f4a809b341462c39f7ef4982f0e33bf21a0af462027ea2c93e6d88f5c83,vn:145-2020-nd-cp,,,,,,,,,322,fastembed-tokenizers:intfloat/multilingual-e5-large:document,320,322,2,512,0,False,False,"Điều 20.2.NĐ.3.27 — Cấp lại giấy phép Khoản: 3 Điểm: a, b, c Nguồn: NĐ 3. Trình tự, thủ tục cấp lại giấy phép đối với trường hợp quy định tại điểm a, b và c khoản 1 Điều này như sau: a) Doanh nghiệp gửi một bộ hồ sơ theo quy định tại khoản",,,,
21e01893-d227-5082-94ab-110e54ae8cf1,20.2.NĐ.3.27,Cấp lại giấy phép,points,official-gazette-word:sha256:54600f4a809b341462c39f7ef4982f0e33bf21a0af462027ea2c93e6d88f5c83,vn:145-2020-nd-cp,,,,,,,,,317,fastembed-tokenizers:intfloat/multilingual-e5-large:document,315,317,2,512,0,False,False,"Điều 20.2.NĐ.3.27 — Cấp lại giấy phép Khoản: 4 Điểm: a, b, c Nguồn: NĐ 4. Trình tự, thủ tục cấp lại giấy phép đối với trường hợp quy định tại điểm d khoản 1 Điều này được thực hiện như sau: a) Hồ sơ đề nghị cấp lại giấy phép bao gồm: văn bả",,,,
78842a4f-b2af-5f25-8841-8b2ab004b462,20.2.NĐ.3.27,Cấp lại giấy phép,points,official-gazette-word:sha256:54600f4a809b341462c39f7ef4982f0e33bf21a0af462027ea2c93e6d88f5c83,vn:145-2020-nd-cp,,,,,,,,,253,fastembed-tokenizers:intfloat/multilingual-e5-large:document,251,253,2,512,0,False,False,"Điều 20.2.NĐ.3.27 — Cấp lại giấy phép Khoản: 4 Điểm: d Nguồn: NĐ 4. Trình tự, thủ tục cấp lại giấy phép đối với trường hợp quy định tại điểm d khoản 1 Điều này được thực hiện như sau: d) Trong thời hạn 07 ngày làm việc kể từ ngày nhận được",,,,
03da50be-3b2a-5b30-a297-085ea65e63d0,20.2.NĐ.3.27,Cấp lại giấy phép,points,official-gazette-word:sha256:54600f4a809b341462c39f7ef4982f0e33bf21a0af462027ea2c93e6d88f5c83,vn:145-2020-nd-cp,,,,,,,,,380,fastembed-tokenizers:intfloat/multilingual-e5-large:document,378,380,2,512,0,False,False,"Điều 20.2.NĐ.3.27 — Cấp lại giấy phép Khoản: 4 Điểm: đ, e Nguồn: NĐ 4. Trình tự, thủ tục cấp lại giấy phép đối với trường hợp quy định tại điểm d khoản 1 Điều này được thực hiện như sau: đ) Trong thời hạn 06 ngày làm việc kể từ ngày nhận đư",,,,
440c827d-9758-5d39-a6ad-50584b0da939,20.2.NĐ.3.28,Thu hồi giấy phép,clause,official-gazette-word:sha256:54600f4a809b341462c39f7ef4982f0e33bf21a0af462027ea2c93e6d88f5c83,vn:145-2020-nd-cp,,,,,,,,,220,fastembed-tokenizers:intfloat/multilingual-e5-large:document,218,220,2,512,0,False,False,"Điều 20.2.NĐ.3.28 — Thu hồi giấy phép Khoản: 1 Điểm: a, b, c, d, đ, e Nguồn: NĐ 1. Doanh nghiệp cho thuê lại bị thu hồi giấy phép trong các trường hợp sau đây: a) Chấm dứt hoạt động cho thuê lại lao động theo đề nghị của doanh nghiệp cho th",,,,
1437f2c1-ab5d-50bf-ac53-5df9b83eb49c,20.2.NĐ.3.28,Thu hồi giấy phép,clause,official-gazette-word:sha256:54600f4a809b341462c39f7ef4982f0e33bf21a0af462027ea2c93e6d88f5c83,vn:145-2020-nd-cp,,,,,,,,,186,fastembed-tokenizers:intfloat/multilingual-e5-large:document,184,186,2,512,0,False,False,"Điều 20.2.NĐ.3.28 — Thu hồi giấy phép Khoản: 2 Điểm: a, b, c, d Nguồn: NĐ 2. Hồ sơ đề nghị thu hồi giấy phép đối với trường hợp quy định tại các điểm a và điểm b khoản 1 Điều này, gồm: a) Văn bản đề nghị thu hồi giấy phép theo Mẫu số 06/PLI",,,,
e0a99eb6-cd6f-57bd-bf6b-cf6d0c263d6b,20.2.NĐ.3.28,Thu hồi giấy phép,clause,official-gazette-word:sha256:54600f4a809b341462c39f7ef4982f0e33bf21a0af462027ea2c93e6d88f5c83,vn:145-2020-nd-cp,,,,,,,,,291,fastembed-tokenizers:intfloat/multilingual-e5-large:document,289,291,2,512,0,False,False,"Điều 20.2.NĐ.3.28 — Thu hồi giấy phép Khoản: 3 Điểm: a, b, c Nguồn: NĐ 3. Trình tự, thủ tục thu hồi giấy phép đối với trường hợp quy định tại các điểm a và điểm b khoản 1 Điều này như sau: a) Doanh nghiệp gửi một bộ hồ sơ theo quy định tại",,,,
422ab552-b4a1-553d-ae8c-f374abb1e80e,20.2.NĐ.3.28,Thu hồi giấy phép,clause,official-gazette-word:sha256:54600f4a809b341462c39f7ef4982f0e33bf21a0af462027ea2c93e6d88f5c83,vn:145-2020-nd-cp,,,,,,,,,226,fastembed-tokenizers:intfloat/multilingual-e5-large:document,224,226,2,512,0,False,False,"Điều 20.2.NĐ.3.28 — Thu hồi giấy phép Khoản: 4 Điểm: a, b, c Nguồn: NĐ 4. Trình tự, thủ tục thu hồi giấy phép đối với trường hợp quy định tại các điểm c, d, đ và điểm e khoản 1 Điều này thực hiện như sau: a) Khi phát hiện doanh nghiệp cho t",,,,
4ec4c764-132a-5166-b5e3-39f4187cc70d,20.2.NĐ.3.28,Thu hồi giấy phép,clause,official-gazette-word:sha256:54600f4a809b341462c39f7ef4982f0e33bf21a0af462027ea2c93e6d88f5c83,vn:145-2020-nd-cp,,,,,,,,,71,fastembed-tokenizers:intfloat/multilingual-e5-large:document,69,71,2,512,0,False,False,"Điều 20.2.NĐ.3.28 — Thu hồi giấy phép Khoản: 5 Nguồn: NĐ 5. Doanh nghiệp cho thuê lại không được cấp giấy phép trong thời hạn 05 năm, kể từ ngày bị thu hồi giấy phép vì vi phạm các nội dung quy định tại các điểm c, d, đ và điểm e khoản 1 Đi",,,,
cf9b8866-07fe-535a-b244-6817ffe351f9,20.2.NĐ.3.29,"Trách nhiệm của doanh nghiệp cho thuê lại trong trường hợp bị thu hồi giấy phép hoặc không được gia hạn, cấp lại giấy phép",article,official-gazette-word:sha256:54600f4a809b341462c39f7ef4982f0e33bf21a0af462027ea2c93e6d88f5c83,vn:145-2020-nd-cp,,,,,,,,,174,fastembed-tokenizers:intfloat/multilingual-e5-large:document,172,174,2,512,0,False,False,"Điều 20.2.NĐ.3.29 — Trách nhiệm của doanh nghiệp cho thuê lại trong trường hợp bị thu hồi giấy phép hoặc không được gia hạn, cấp lại giấy phép Nguồn: NĐ Trong thời hạn 15 ngày làm việc kể từ ngày nhận được văn bản của Chủ tịch Ủy ban nhân d",,,,
b51fce1e-ac11-5d69-8b76-68bb287e57e5,20.2.NĐ.3.30,Danh mục công việc được thực hiện cho thuê lại lao động,article,official-gazette-word:sha256:54600f4a809b341462c39f7ef4982f0e33bf21a0af462027ea2c93e6d88f5c83,vn:145-2020-nd-cp,,,,,,,,,56,fastembed-tokenizers:intfloat/multilingual-e5-large:document,54,56,2,512,0,False,False,Điều 20.2.NĐ.3.30 — Danh mục công việc được thực hiện cho thuê lại lao động Nguồn: NĐ Danh mục công việc được thực hiện cho thuê lại lao động được quy định tại Phụ lục II ban hành kèm theo Nghị định này.,,,,
fefc8e9e-f3cd-5a26-9a1a-cc2a0ae1b1a8,20.2.NĐ.3.31,Trách nhiệm của doanh nghiệp cho thuê lại,article,official-gazette-word:sha256:54600f4a809b341462c39f7ef4982f0e33bf21a0af462027ea2c93e6d88f5c83,vn:145-2020-nd-cp,,,,,,,,,430,fastembed-tokenizers:intfloat/multilingual-e5-large:document,428,430,2,512,0,False,False,"Điều 20.2.NĐ.3.31 — Trách nhiệm của doanh nghiệp cho thuê lại Nguồn: NĐ 1. Niêm yết công khai bản chính giấy phép tại trụ sở chính và bản sao được chứng thực từ bản chính giấy phép tại các chi nhánh, văn phòng đại diện (nếu có) của doanh ng",,,,
b52233e4-ed4d-57ef-aa68-164370a76672,20.2.NĐ.3.32,Trách nhiệm của ngân hàng nhận ký quỹ,article,official-gazette-word:sha256:54600f4a809b341462c39f7ef4982f0e33bf21a0af462027ea2c93e6d88f5c83,vn:145-2020-nd-cp,,,,,,,,,176,fastembed-tokenizers:intfloat/multilingual-e5-large:document,174,176,2,512,0,False,False,"Điều 20.2.NĐ.3.32 — Trách nhiệm của ngân hàng nhận ký quỹ Nguồn: NĐ 1. Thực hiện đúng các quy định về mở tài khoản ký quỹ, nộp tiền ký quỹ, sử dụng tài khoản ký quỹ của doanh nghiệp cho thuê lại và các quy định liên quan đến tài khoản này.",,,,
cc16578a-14dc-5361-9035-53d02ef3a3e3,20.2.NĐ.3.33,Trách nhiệm của Sở Lao động - Thương binh và Xã hội,article,official-gazette-word:sha256:54600f4a809b341462c39f7ef4982f0e33bf21a0af462027ea2c93e6d88f5c83,vn:145-2020-nd-cp,,,,,,,,,233,fastembed-tokenizers:intfloat/multilingual-e5-large:document,231,233,2,512,0,False,False,"Điều 20.2.NĐ.3.33 — Trách nhiệm của Sở Lao động - Thương binh và Xã hội Nguồn: NĐ 1. Tuyên truyền và phổ biến các quy định của pháp luật về lao động, cho thuê lại lao động cho người sử dụng lao động, người lao động và các cơ quan, tổ chức c",,,,
1914ad41-7d35-5f76-a873-e60bcdacb88a,20.2.NĐ.3.34,Trách nhiệm của Chủ tịch Ủy ban nhân dân cấp tỉnh,article,official-gazette-word:sha256:54600f4a809b341462c39f7ef4982f0e33bf21a0af462027ea2c93e6d88f5c83,vn:145-2020-nd-cp,,,,,,,,,203,fastembed-tokenizers:intfloat/multilingual-e5-large:document,201,203,2,512,0,False,False,"Điều 20.2.NĐ.3.34 — Trách nhiệm của Chủ tịch Ủy ban nhân dân cấp tỉnh Nguồn: NĐ 1. Gửi thông báo về việc cấp, gia hạn, cấp lại, thu hồi giấy phép tới Bộ Lao động - Thương binh và Xã hội trong thời hạn 05 ngày làm việc kể từ ngày cấp, gia hạ",,,,
54d48e6d-6bef-51ea-8742-1a3568614289,20.2.NĐ.3.35,Trách nhiệm của Bộ Lao động - Thương binh và Xã hội,article,official-gazette-word:sha256:54600f4a809b341462c39f7ef4982f0e33bf21a0af462027ea2c93e6d88f5c83,vn:145-2020-nd-cp,,,,,,,,,126,fastembed-tokenizers:intfloat/multilingual-e5-large:document,124,126,2,512,0,False,False,"Điều 20.2.NĐ.3.35 — Trách nhiệm của Bộ Lao động - Thương binh và Xã hội Nguồn: NĐ 1. Tuyên truyền, phổ biến, hướng dẫn, thanh tra, kiểm tra, giám sát tình hình thực hiện pháp luật lao động về cho thuê lại lao động. 2. Tổng hợp, công khai do",,,,
35e38cf5-134b-5ec0-b3df-64d9b238d026,20.2.NĐ.3.36,Trách nhiệm của Ngân hàng Nhà nước Việt Nam,article,official-gazette-word:sha256:54600f4a809b341462c39f7ef4982f0e33bf21a0af462027ea2c93e6d88f5c83,vn:145-2020-nd-cp,,,,,,,,,65,fastembed-tokenizers:intfloat/multilingual-e5-large:document,63,65,2,512,0,False,False,"Điều 20.2.NĐ.3.36 — Trách nhiệm của Ngân hàng Nhà nước Việt Nam Nguồn: NĐ Thực hiện việc thanh tra, kiểm tra, giám sát các ngân hàng nhận ký quỹ về việc nộp, quản lý tiền ký quỹ của các doanh nghiệp cho thuê lại theo quy định của pháp luật.",,,,
b94d0ff1-ff19-5241-ab52-ef7972981b7e,20.2.NĐ.3.37,Trách nhiệm tổ chức đối thoại tại nơi làm việc,clause,official-gazette-word:sha256:54600f4a809b341462c39f7ef4982f0e33bf21a0af462027ea2c93e6d88f5c83,vn:145-2020-nd-cp,,,,,,,,,232,fastembed-tokenizers:intfloat/multilingual-e5-large:document,230,232,2,512,0,False,False,Điều 20.2.NĐ.3.37 — Trách nhiệm tổ chức đối thoại tại nơi làm việc Khoản: 1 Nguồn: NĐ 1. Người sử dụng lao động có trách nhiệm phối hợp với tổ chức đại diện người lao động tại cơ sở (nếu có) để tổ chức đối thoại tại nơi làm việc theo quy đị,,,,
a2d4fec4-533a-58fa-b861-be9832c63e68,20.2.NĐ.3.37,Trách nhiệm tổ chức đối thoại tại nơi làm việc,clause,official-gazette-word:sha256:54600f4a809b341462c39f7ef4982f0e33bf21a0af462027ea2c93e6d88f5c83,vn:145-2020-nd-cp,,,,,,,,,270,fastembed-tokenizers:intfloat/multilingual-e5-large:document,268,270,2,512,0,False,False,"Điều 20.2.NĐ.3.37 — Trách nhiệm tổ chức đối thoại tại nơi làm việc Khoản: 2 Điểm: a, b, c, d, đ, e, g Nguồn: NĐ 2. Người sử dụng lao động có trách nhiệm quy định cụ thể trong quy chế dân chủ ở cơ sở tại nơi làm việc các nội dung chủ yếu sau",,,,
0c9ad8f1-d296-576b-93c3-e0265551b624,20.2.NĐ.3.37,Trách nhiệm tổ chức đối thoại tại nơi làm việc,clause,official-gazette-word:sha256:54600f4a809b341462c39f7ef4982f0e33bf21a0af462027ea2c93e6d88f5c83,vn:145-2020-nd-cp,,,,,,,,,152,fastembed-tokenizers:intfloat/multilingual-e5-large:document,150,152,2,512,0,False,False,"Điều 20.2.NĐ.3.37 — Trách nhiệm tổ chức đối thoại tại nơi làm việc Khoản: 3 Điểm: a, b, c Nguồn: NĐ 3. Ngoài quy định tại khoản 1 và khoản 2 Điều này, người sử dụng lao động có trách nhiệm: a) Cử đại diện bên người sử dụng lao động tham gia",,,,
0538a77e-8860-5fe1-bb43-1298c9c78479,20.2.NĐ.3.37,Trách nhiệm tổ chức đối thoại tại nơi làm việc,clause,official-gazette-word:sha256:54600f4a809b341462c39f7ef4982f0e33bf21a0af462027ea2c93e6d88f5c83,vn:145-2020-nd-cp,,,,,,,,,176,fastembed-tokenizers:intfloat/multilingual-e5-large:document,174,176,2,512,0,False,False,"Điều 20.2.NĐ.3.37 — Trách nhiệm tổ chức đối thoại tại nơi làm việc Khoản: 4 Điểm: a, b, c, d Nguồn: NĐ 4. Tổ chức đại diện người lao động tại cơ sở và nhóm đại diện đối thoại của người lao động có trách nhiệm: a) Cử thành viên đại diện tham",,,,
93e18286-2956-5b3d-888a-2e0a10ceb533,20.2.NĐ.3.37,Trách nhiệm tổ chức đối thoại tại nơi làm việc,clause,official-gazette-word:sha256:54600f4a809b341462c39f7ef4982f0e33bf21a0af462027ea2c93e6d88f5c83,vn:145-2020-nd-cp,,,,,,,,,114,fastembed-tokenizers:intfloat/multilingual-e5-large:document,112,114,2,512,0,False,False,"Điều 20.2.NĐ.3.37 — Trách nhiệm tổ chức đối thoại tại nơi làm việc Khoản: 5 Nguồn: NĐ 5. Khuyến khích người sử dụng lao động và người lao động, tổ chức đại diện người lao động tiến hành đối thoại ngoài những trường hợp quy định tại khoản 2",,,,
daf14872-e9eb-52f4-a3ad-491a9180b09f,20.2.NĐ.3.38,"Số lượng, thành phần tham gia đối thoại",clause,official-gazette-word:sha256:54600f4a809b341462c39f7ef4982f0e33bf21a0af462027ea2c93e6d88f5c83,vn:145-2020-nd-cp,,,,,,,,,137,fastembed-tokenizers:intfloat/multilingual-e5-large:document,135,137,2,512,0,False,False,"Điều 20.2.NĐ.3.38 — Số lượng, thành phần tham gia đối thoại Khoản: 1 Nguồn: NĐ Số lượng, thành phần tham gia đối thoại tại khoản 2 Điều 63 của Bộ luật Lao động được quy định như sau: 1. Bên người sử dụng lao động Căn cứ điều kiện sản xuất,",,,,
90d918e5-3316-503c-ad26-191959aebf09,20.2.NĐ.3.38,"Số lượng, thành phần tham gia đối thoại",clause,official-gazette-word:sha256:54600f4a809b341462c39f7ef4982f0e33bf21a0af462027ea2c93e6d88f5c83,vn:145-2020-nd-cp,,,,,,,,,383,fastembed-tokenizers:intfloat/multilingual-e5-large:document,381,383,2,512,0,False,False,"Điều 20.2.NĐ.3.38 — Số lượng, thành phần tham gia đối thoại Khoản: 2 Điểm: a, b Nguồn: NĐ 2. Bên người lao động a) Căn cứ điều kiện sản xuất, kinh doanh, tổ chức lao động, cơ cấu, số lượng lao động và các yếu tố bình đẳng giới, tổ chức đại",,,,
cab616f2-b839-51a9-8106-048ec72abcbc,20.2.NĐ.3.38,"Số lượng, thành phần tham gia đối thoại",clause,official-gazette-word:sha256:54600f4a809b341462c39f7ef4982f0e33bf21a0af462027ea2c93e6d88f5c83,vn:145-2020-nd-cp,,,,,,,,,170,fastembed-tokenizers:intfloat/multilingual-e5-large:document,168,170,2,512,0,False,False,"Điều 20.2.NĐ.3.38 — Số lượng, thành phần tham gia đối thoại Khoản: 3 Nguồn: NĐ 3. Việc xác định danh sách thành viên đại diện tham gia đối thoại của bên người sử dụng lao động và bên người lao động quy định tại khoản 1 và khoản 2 Điều này đ",,,,
f42f8cc7-35cc-5264-9dba-0c97eb34ced5,20.2.NĐ.3.38,"Số lượng, thành phần tham gia đối thoại",clause,official-gazette-word:sha256:54600f4a809b341462c39f7ef4982f0e33bf21a0af462027ea2c93e6d88f5c83,vn:145-2020-nd-cp,,,,,,,,,135,fastembed-tokenizers:intfloat/multilingual-e5-large:document,133,135,2,512,0,False,False,"Điều 20.2.NĐ.3.38 — Số lượng, thành phần tham gia đối thoại Khoản: 4 Nguồn: NĐ 4. Khi tiến hành đối thoại theo quy định tại khoản 2 Điều 63 của Bộ luật Lao động, ngoài các thành viên tham gia đối thoại quy định tại khoản 3 Điều này, hai bên",,,,
f96c53c5-221f-5fbe-b1f8-90e4e6e30133,20.2.NĐ.3.39,Tổ chức đối thoại định kỳ tại nơi làm việc,article,official-gazette-word:sha256:54600f4a809b341462c39f7ef4982f0e33bf21a0af462027ea2c93e6d88f5c83,vn:145-2020-nd-cp,,,,,,,,,421,fastembed-tokenizers:intfloat/multilingual-e5-large:document,419,421,2,512,0,False,False,"Điều 20.2.NĐ.3.39 — Tổ chức đối thoại định kỳ tại nơi làm việc Nguồn: NĐ 1. Người sử dụng lao động có trách nhiệm phối hợp với tổ chức đại diện người lao động tại cơ sở, nhóm đại diện đối thoại của người lao động tổ chức đối thoại định kỳ t",,,,
12909824-48f8-5a23-9593-7672455e8f31,20.2.NĐ.3.40,Tổ chức đối thoại khi có yêu cầu của một hoặc các bên,article,official-gazette-word:sha256:54600f4a809b341462c39f7ef4982f0e33bf21a0af462027ea2c93e6d88f5c83,vn:145-2020-nd-cp,,,,,,,,,361,fastembed-tokenizers:intfloat/multilingual-e5-large:document,359,361,2,512,0,False,False,Điều 20.2.NĐ.3.40 — Tổ chức đối thoại khi có yêu cầu của một hoặc các bên Nguồn: NĐ 1. Việc tổ chức đối thoại khi có yêu cầu của một hoặc các bên được tiến hành khi nội dung yêu cầu đối thoại của bên đề nghị đối thoại bảo đảm các điều kiện,,,,
5cfc603b-e547-53f0-967c-fce66ba7dc6d,20.2.NĐ.3.41,Tổ chức đối thoại khi có vụ việc,points,official-gazette-word:sha256:54600f4a809b341462c39f7ef4982f0e33bf21a0af462027ea2c93e6d88f5c83,vn:145-2020-nd-cp,,,,,,,,,458,fastembed-tokenizers:intfloat/multilingual-e5-large:document,456,458,2,512,0,False,False,"Điều 20.2.NĐ.3.41 — Tổ chức đối thoại khi có vụ việc Khoản: 1 Điểm: a, b, c, d, đ Nguồn: NĐ 1. Đối với vụ việc người sử dụng lao động phải tham khảo, trao đổi ý kiến với tổ chức đại diện người lao động tại cơ sở về quy chế đánh giá mức độ h",,,,
152b80c0-57f1-5fe1-9e5e-386a6d40eb69,20.2.NĐ.3.41,Tổ chức đối thoại khi có vụ việc,points,official-gazette-word:sha256:54600f4a809b341462c39f7ef4982f0e33bf21a0af462027ea2c93e6d88f5c83,vn:145-2020-nd-cp,,,,,,,,,250,fastembed-tokenizers:intfloat/multilingual-e5-large:document,248,250,2,512,0,False,False,"Điều 20.2.NĐ.3.41 — Tổ chức đối thoại khi có vụ việc Khoản: 1 Điểm: e Nguồn: NĐ 1. Đối với vụ việc người sử dụng lao động phải tham khảo, trao đổi ý kiến với tổ chức đại diện người lao động tại cơ sở về quy chế đánh giá mức độ hoàn thành cô",,,,
64293795-a861-5a54-8e19-2f2bb4fcb96d,20.2.NĐ.3.41,Tổ chức đối thoại khi có vụ việc,clause,official-gazette-word:sha256:54600f4a809b341462c39f7ef4982f0e33bf21a0af462027ea2c93e6d88f5c83,vn:145-2020-nd-cp,,,,,,,,,128,fastembed-tokenizers:intfloat/multilingual-e5-large:document,126,128,2,512,0,False,False,Điều 20.2.NĐ.3.41 — Tổ chức đối thoại khi có vụ việc Khoản: 2 Nguồn: NĐ 2. Đối với vụ việc tạm đình chỉ công việc của người lao động theo quy định tại khoản 1 Điều 128 của Bộ luật Lao động thì người sử dụng lao động và tổ chức đại diện ngườ,,,,
0d3655ec-98a0-5117-9c84-ef344989d7a5,20.2.NĐ.3.42,Nguyên tắc thực hiện quy chế dân chủ ở cơ sở tại nơi làm việc,article,official-gazette-word:sha256:54600f4a809b341462c39f7ef4982f0e33bf21a0af462027ea2c93e6d88f5c83,vn:145-2020-nd-cp,,,,,,,,,110,fastembed-tokenizers:intfloat/multilingual-e5-large:document,108,110,2,512,0,False,False,"Điều 20.2.NĐ.3.42 — Nguyên tắc thực hiện quy chế dân chủ ở cơ sở tại nơi làm việc Nguồn: NĐ 1. Thiện chí, hợp tác, trung thực, bình đẳng, công khai và minh bạch. 2. Tôn trọng quyền và lợi ích hợp pháp của người lao động, người sử dụng lao đ",,,,
fc7b217d-4135-53fe-ba12-d31c24f7c480,20.2.NĐ.3.43,"Nội dung, hình thức người sử dụng lao động phải công khai",article,official-gazette-word:sha256:54600f4a809b341462c39f7ef4982f0e33bf21a0af462027ea2c93e6d88f5c83,vn:145-2020-nd-cp,,,,,,,,,471,fastembed-tokenizers:intfloat/multilingual-e5-large:document,469,471,2,512,0,False,False,"Điều 20.2.NĐ.3.43 — Nội dung, hình thức người sử dụng lao động phải công khai Nguồn: NĐ 1. Người sử dụng lao động phải công khai với người lao động những nội dung sau: a) Tình hình sản xuất, kinh doanh của người sử dụng lao động; b) Nội quy",,,,
8a06fec4-0070-5472-90cf-f1ddae05f4b6,20.2.NĐ.3.44,"Nội dung, hình thức người lao động được tham gia ý kiến",article,official-gazette-word:sha256:54600f4a809b341462c39f7ef4982f0e33bf21a0af462027ea2c93e6d88f5c83,vn:145-2020-nd-cp,,,,,,,,,357,fastembed-tokenizers:intfloat/multilingual-e5-large:document,355,357,2,512,0,False,False,"Điều 20.2.NĐ.3.44 — Nội dung, hình thức người lao động được tham gia ý kiến Nguồn: NĐ 1. Người lao động được tham gia ý kiến về những nội dung sau: a) Xây dựng, sửa đổi, bổ sung nội quy, quy chế và các văn bản quy định khác của người sử dụn",,,,
3fee5db5-8587-5875-8df5-5209b185fa68,20.2.NĐ.3.45,"Nội dung, hình thức người lao động được quyết định",article,official-gazette-word:sha256:54600f4a809b341462c39f7ef4982f0e33bf21a0af462027ea2c93e6d88f5c83,vn:145-2020-nd-cp,,,,,,,,,170,fastembed-tokenizers:intfloat/multilingual-e5-large:document,168,170,2,512,0,False,False,"Điều 20.2.NĐ.3.45 — Nội dung, hình thức người lao động được quyết định Nguồn: NĐ 1. Người lao động được quyết định những nội dung sau: a) Giao kết, sửa đổi, bổ sung, chấm dứt hợp đồng lao động theo quy định của pháp luật; b) Gia nhập hoặc k",,,,
b08e87cc-76a7-5ad8-9fa9-10a493ad635f,20.2.NĐ.3.46,"Nội dung, hình thức người lao động được kiểm tra, giám sát",article,official-gazette-word:sha256:54600f4a809b341462c39f7ef4982f0e33bf21a0af462027ea2c93e6d88f5c83,vn:145-2020-nd-cp,,,,,,,,,225,fastembed-tokenizers:intfloat/multilingual-e5-large:document,223,225,2,512,0,False,False,"Điều 20.2.NĐ.3.46 — Nội dung, hình thức người lao động được kiểm tra, giám sát Nguồn: NĐ 1. Người lao động được kiểm tra, giám sát những nội dung sau: a) Việc thực hiện hợp đồng lao động và thỏa ước lao động tập thể; b) Việc thực hiện nội q",,,,
a8a5999c-0025-53dd-8fb8-749a47d78be0,20.2.NĐ.3.47,Hội nghị người lao động,article,official-gazette-word:sha256:54600f4a809b341462c39f7ef4982f0e33bf21a0af462027ea2c93e6d88f5c83,vn:145-2020-nd-cp,,,,,,,,,187,fastembed-tokenizers:intfloat/multilingual-e5-large:document,185,187,2,512,0,False,False,Điều 20.2.NĐ.3.47 — Hội nghị người lao động Nguồn: NĐ 1. Hội nghị người lao động do người sử dụng lao động phối hợp với tổ chức đại diện người lao động tại cơ sở (nếu có) và nhóm đại diện đối thoại của người lao động (nếu có) tổ chức hằng n,,,,
f6c56e8f-a209-51cf-aad5-314f7a44bad8,20.2.NĐ.3.48,Trách nhiệm ban hành quy chế dân chủ ở cơ sở tại nơi làm việc,article,official-gazette-word:sha256:54600f4a809b341462c39f7ef4982f0e33bf21a0af462027ea2c93e6d88f5c83,vn:145-2020-nd-cp,,,,,,,,,230,fastembed-tokenizers:intfloat/multilingual-e5-large:document,228,230,2,512,0,False,False,Điều 20.2.NĐ.3.48 — Trách nhiệm ban hành quy chế dân chủ ở cơ sở tại nơi làm việc Nguồn: NĐ 1. Người sử dụng lao động có trách nhiệm ban hành quy chế dân chủ ở cơ sở tại nơi làm việc để thực hiện các nội dung quy định về đối thoại tại nơi l,,,,
612451b1-b831-5bbb-914d-6a04627f41fe,20.2.NĐ.3.49,Chức năng của Hội đồng tiền lương quốc gia,article,official-gazette-word:sha256:54600f4a809b341462c39f7ef4982f0e33bf21a0af462027ea2c93e6d88f5c83,vn:145-2020-nd-cp,,,,,,,,,114,fastembed-tokenizers:intfloat/multilingual-e5-large:document,112,114,2,512,0,False,False,Điều 20.2.NĐ.3.49 — Chức năng của Hội đồng tiền lương quốc gia Nguồn: NĐ Hội đồng tiền lương quốc gia do Thủ tướng Chính phủ quyết định thành lập theo quy định tại khoản 2 Điều 92 của Bộ luật Lao động để thực hiện chức năng tư vấn cho Chính,,,,
58f78389-6669-5811-acd9-93ac89023d18,20.2.NĐ.3.50,Nhiệm vụ của Hội đồng tiền lương quốc gia,article,official-gazette-word:sha256:54600f4a809b341462c39f7ef4982f0e33bf21a0af462027ea2c93e6d88f5c83,vn:145-2020-nd-cp,,,,,,,,,281,fastembed-tokenizers:intfloat/multilingual-e5-large:document,279,281,2,512,0,False,False,"Điều 20.2.NĐ.3.50 — Nhiệm vụ của Hội đồng tiền lương quốc gia Nguồn: NĐ 1. Nghiên cứu, khảo sát, thu thập thông tin, phân tích và đánh giá tình hình tiền lương, mức sống tối thiểu của người lao động, sản xuất kinh doanh của doanh nghiệp, qu",,,,
4ec45b23-b56d-5ba1-8e94-d7e6d37ae662,20.2.NĐ.3.51,Cơ cấu tổ chức của Hội đồng tiền lương quốc gia,clause,official-gazette-word:sha256:54600f4a809b341462c39f7ef4982f0e33bf21a0af462027ea2c93e6d88f5c83,vn:145-2020-nd-cp,,,,,,,,,413,fastembed-tokenizers:intfloat/multilingual-e5-large:document,411,413,2,512,0,False,False,"Điều 20.2.NĐ.3.51 — Cơ cấu tổ chức của Hội đồng tiền lương quốc gia Khoản: 1 Điểm: a, b, c Nguồn: NĐ 1. Hội đồng tiền lương quốc gia có 17 thành viên, bao gồm: 05 thành viên đại diện của Bộ Lao động - Thương binh và Xã hội; 05 thành viên đạ",,,,
46fb2617-3ec6-5de3-8a5f-36b31328e371,20.2.NĐ.3.51,Cơ cấu tổ chức của Hội đồng tiền lương quốc gia,clause,official-gazette-word:sha256:54600f4a809b341462c39f7ef4982f0e33bf21a0af462027ea2c93e6d88f5c83,vn:145-2020-nd-cp,,,,,,,,,148,fastembed-tokenizers:intfloat/multilingual-e5-large:document,146,148,2,512,0,False,False,"Điều 20.2.NĐ.3.51 — Cơ cấu tổ chức của Hội đồng tiền lương quốc gia Khoản: 2 Nguồn: NĐ 2. Thủ tướng Chính phủ bổ nhiệm, miễn nhiệm Chủ tịch, các Phó Chủ tịch Hội đồng tiền lương quốc gia quy định tại điểm a, điểm b khoản 1 Điều này và ủy qu",,,,
19a10fb1-abe9-507d-8dba-4fc1d9b5911b,20.2.NĐ.3.51,Cơ cấu tổ chức của Hội đồng tiền lương quốc gia,clause,official-gazette-word:sha256:54600f4a809b341462c39f7ef4982f0e33bf21a0af462027ea2c93e6d88f5c83,vn:145-2020-nd-cp,,,,,,,,,124,fastembed-tokenizers:intfloat/multilingual-e5-large:document,122,124,2,512,0,False,False,"Điều 20.2.NĐ.3.51 — Cơ cấu tổ chức của Hội đồng tiền lương quốc gia Khoản: 3 Nguồn: NĐ 3. Hội đồng tiền lương quốc gia có Bộ phận kỹ thuật và Bộ phận thường trực để giúp Hội đồng, Chủ tịch Hội đồng xây dựng các báo cáo kỹ thuật liên quan đế",,,,
04454a11-9535-5d8d-9634-603bfc1081a6,20.2.NĐ.3.52,Hoạt động của Hội đồng tiền lương quốc gia,article,official-gazette-word:sha256:54600f4a809b341462c39f7ef4982f0e33bf21a0af462027ea2c93e6d88f5c83,vn:145-2020-nd-cp,,,,,,,,,182,fastembed-tokenizers:intfloat/multilingual-e5-large:document,180,182,2,512,0,False,False,"Điều 20.2.NĐ.3.52 — Hoạt động của Hội đồng tiền lương quốc gia Nguồn: NĐ 1. Hội đồng tiền lương quốc gia hoạt động tập thể thông qua các phiên họp dưới sự điều hành của Chủ tịch Hội đồng; thảo luận dân chủ, công khai; quyết định dựa trên bi",,,,
0322d9a8-d470-5e77-8567-54c0090f5982,20.2.NĐ.3.53,Trách nhiệm thực hiện về thành lập và hoạt động của Hội đồng tiền lương quốc gia,article,official-gazette-word:sha256:54600f4a809b341462c39f7ef4982f0e33bf21a0af462027ea2c93e6d88f5c83,vn:145-2020-nd-cp,,,,,,,,,380,fastembed-tokenizers:intfloat/multilingual-e5-large:document,378,380,2,512,0,False,False,"Điều 20.2.NĐ.3.53 — Trách nhiệm thực hiện về thành lập và hoạt động của Hội đồng tiền lương quốc gia Nguồn: NĐ 1. Chủ tịch Tổng Liên đoàn Lao động Việt Nam, Chủ tịch Phòng Thương mại và Công nghiệp Việt Nam, Chủ tịch Liên minh Hợp tác xã Vi",,,,
ed739167-fcbf-5876-9af0-88154115cda4,20.2.NĐ.3.54,Hình thức trả lương,clause,official-gazette-word:sha256:54600f4a809b341462c39f7ef4982f0e33bf21a0af462027ea2c93e6d88f5c83,vn:145-2020-nd-cp,,,,,,,,,458,fastembed-tokenizers:intfloat/multilingual-e5-large:document,456,458,2,512,0,False,False,"Điều 20.2.NĐ.3.54 — Hình thức trả lương Khoản: 1 Điểm: a, b, c Nguồn: NĐ Hình thức trả lương theo Điều 96 của Bộ luật Lao động được quy định cụ thể như sau: 1. Căn cứ vào tính chất công việc và điều kiện sản xuất, kinh doanh, người sử dụng",,,,
6db8cc9c-4d62-5bdf-b80c-2c4dd6fe1069,20.2.NĐ.3.54,Hình thức trả lương,clause,official-gazette-word:sha256:54600f4a809b341462c39f7ef4982f0e33bf21a0af462027ea2c93e6d88f5c83,vn:145-2020-nd-cp,,,,,,,,,103,fastembed-tokenizers:intfloat/multilingual-e5-large:document,101,103,2,512,0,False,False,Điều 20.2.NĐ.3.54 — Hình thức trả lương Khoản: 2 Nguồn: NĐ 2. Tiền lương của người lao động theo các hình thức trả lương quy định tại khoản 1 Điều này được trả bằng tiền mặt hoặc trả qua tài khoản cá nhân của người lao động được mở tại ngân,,,,
ed95973a-9bcb-532b-a136-af7cf03b66e5,20.2.NĐ.3.55,Tiền lương làm thêm giờ,preamble,official-gazette-word:sha256:54600f4a809b341462c39f7ef4982f0e33bf21a0af462027ea2c93e6d88f5c83,vn:145-2020-nd-cp,,,,,,,,,41,fastembed-tokenizers:intfloat/multilingual-e5-large:document,39,41,2,512,0,False,False,Điều 20.2.NĐ.3.55 — Tiền lương làm thêm giờ Nguồn: NĐ Tiền lương làm thêm giờ theo khoản 1 Điều 98 của Bộ luật Lao động được quy định như sau:,,,,
206fd3fa-c94c-5c1f-8215-27a8cb9f2b7d,20.2.NĐ.3.55,Tiền lương làm thêm giờ,points,official-gazette-word:sha256:54600f4a809b341462c39f7ef4982f0e33bf21a0af462027ea2c93e6d88f5c83,vn:145-2020-nd-cp,,,,,,,,,387,fastembed-tokenizers:intfloat/multilingual-e5-large:document,385,387,2,512,0,False,False,"Điều 20.2.NĐ.3.55 — Tiền lương làm thêm giờ Khoản: 1 Điểm: a Nguồn: NĐ 1. Đối với người lao động hưởng lương theo thời gian, được trả lương làm thêm giờ khi làm việc ngoài thời giờ làm việc bình thường do người sử dụng lao động quy định the",,,,
deca0c8b-db45-5466-a1ab-78bd3d1fbc92,20.2.NĐ.3.55,Tiền lương làm thêm giờ,points,official-gazette-word:sha256:54600f4a809b341462c39f7ef4982f0e33bf21a0af462027ea2c93e6d88f5c83,vn:145-2020-nd-cp,,,,,,,,,273,fastembed-tokenizers:intfloat/multilingual-e5-large:document,271,273,2,512,0,False,False,"Điều 20.2.NĐ.3.55 — Tiền lương làm thêm giờ Khoản: 1 Điểm: b Nguồn: NĐ 1. Đối với người lao động hưởng lương theo thời gian, được trả lương làm thêm giờ khi làm việc ngoài thời giờ làm việc bình thường do người sử dụng lao động quy định the",,,,
b0b71a2d-a816-596e-a20b-f1ceb9fedc1a,20.2.NĐ.3.55,Tiền lương làm thêm giờ,clause,official-gazette-word:sha256:54600f4a809b341462c39f7ef4982f0e33bf21a0af462027ea2c93e6d88f5c83,vn:145-2020-nd-cp,,,,,,,,,246,fastembed-tokenizers:intfloat/multilingual-e5-large:document,244,246,2,512,0,False,False,"Điều 20.2.NĐ.3.55 — Tiền lương làm thêm giờ Khoản: 2 Nguồn: NĐ 2. Đối với người lao động hưởng lương theo sản phẩm, được trả lương làm thêm giờ khi làm việc ngoài thời giờ làm việc bình thường để làm thêm số lượng, khối lượng sản phẩm ngoài",,,,
131c998d-4202-5083-9792-44dd7663d1b1,20.2.NĐ.3.55,Tiền lương làm thêm giờ,clause,official-gazette-word:sha256:54600f4a809b341462c39f7ef4982f0e33bf21a0af462027ea2c93e6d88f5c83,vn:145-2020-nd-cp,,,,,,,,,96,fastembed-tokenizers:intfloat/multilingual-e5-large:document,94,96,2,512,0,False,False,"Điều 20.2.NĐ.3.55 — Tiền lương làm thêm giờ Khoản: 3 Nguồn: NĐ 3. Người lao động làm thêm giờ vào ngày lễ, tết trùng vào ngày nghỉ hằng tuần thì được trả lương làm thêm giờ vào ngày nghỉ lễ, tết. Trường hợp làm thêm giờ vào ngày nghỉ bù khi",,,,
ee0af918-429d-582d-b44d-e5fbd83f792b,20.2.NĐ.3.56,Tiền lương làm việc vào ban đêm,article,official-gazette-word:sha256:54600f4a809b341462c39f7ef4982f0e33bf21a0af462027ea2c93e6d88f5c83,vn:145-2020-nd-cp,,,,,,,,,232,fastembed-tokenizers:intfloat/multilingual-e5-large:document,230,232,2,512,0,False,False,"Điều 20.2.NĐ.3.56 — Tiền lương làm việc vào ban đêm Nguồn: NĐ Tiền lương làm việc vào ban đêm theo khoản 2 Điều 98 của Bộ luật Lao động, được tính theo công thức sau: 1. Đối với người lao động hưởng lương theo thời gian, tiền lương làm việc",,,,
61fac424-a819-5c12-8ae2-57d1b5968b96,20.2.NĐ.3.57,Tiền lương làm thêm giờ vào ban đêm,clause,official-gazette-word:sha256:54600f4a809b341462c39f7ef4982f0e33bf21a0af462027ea2c93e6d88f5c83,vn:145-2020-nd-cp,,,,,,,,,475,fastembed-tokenizers:intfloat/multilingual-e5-large:document,473,475,2,512,0,False,False,"Điều 20.2.NĐ.3.57 — Tiền lương làm thêm giờ vào ban đêm Khoản: 1 Điểm: a, b Nguồn: NĐ Người lao động làm thêm giờ vào ban đêm theo khoản 3 Điều 98 của Bộ luật Lao động, được hưởng tiền lương tính theo công thức sau: 1. Đối với người lao độn",,,,
63852c41-ab13-552a-9c66-cc28458c80cc,20.2.NĐ.3.57,Tiền lương làm thêm giờ vào ban đêm,clause,official-gazette-word:sha256:54600f4a809b341462c39f7ef4982f0e33bf21a0af462027ea2c93e6d88f5c83,vn:145-2020-nd-cp,,,,,,,,,403,fastembed-tokenizers:intfloat/multilingual-e5-large:document,401,403,2,512,0,False,False,"Điều 20.2.NĐ.3.57 — Tiền lương làm thêm giờ vào ban đêm Khoản: 2 Điểm: a, b, c Nguồn: NĐ 2. Đối với người lao động hưởng lương theo sản phẩm, tiền lương làm thêm giờ vào ban đêm được tính như sau: Tiền lương làm thêm giờ vào ban đêm = Đơn g",,,,
4900d3b5-efca-55f6-af30-50d045e7e378,20.2.NĐ.3.58,Thời giờ được tính vào thời giờ làm việc được hưởng lương,article,official-gazette-word:sha256:54600f4a809b341462c39f7ef4982f0e33bf21a0af462027ea2c93e6d88f5c83,vn:145-2020-nd-cp,,,,,,,,,359,fastembed-tokenizers:intfloat/multilingual-e5-large:document,357,359,2,512,0,False,False,Điều 20.2.NĐ.3.58 — Thời giờ được tính vào thời giờ làm việc được hưởng lương Nguồn: NĐ 1. Nghỉ giữa giờ quy định khoản 2 Điều 64 Nghị định này. 2. Nghỉ giải lao theo tính chất của công việc. 3. Nghỉ cần thiết trong quá trình lao động đã đư,,,,
ec7b2ccc-9a54-505e-beb7-fe2ef7625ccc,20.2.NĐ.3.59,Sự đồng ý của người lao động khi làm thêm giờ,article,official-gazette-word:sha256:54600f4a809b341462c39f7ef4982f0e33bf21a0af462027ea2c93e6d88f5c83,vn:145-2020-nd-cp,,,,,,,,,142,fastembed-tokenizers:intfloat/multilingual-e5-large:document,140,142,2,512,0,False,False,"Điều 20.2.NĐ.3.59 — Sự đồng ý của người lao động khi làm thêm giờ Nguồn: NĐ 1. Trừ các trường hợp quy định tại Điều 108 của Bộ luật Lao động, các trường hợp khác khi tổ chức làm thêm giờ, người sử dụng lao động phải được sự đồng ý của người",,,,
14ae9aa7-c541-5b37-9739-dbab5f8985c8,20.2.NĐ.3.60,Giới hạn số giờ làm thêm,article,official-gazette-word:sha256:54600f4a809b341462c39f7ef4982f0e33bf21a0af462027ea2c93e6d88f5c83,vn:145-2020-nd-cp,,,,,,,,,223,fastembed-tokenizers:intfloat/multilingual-e5-large:document,221,223,2,512,0,False,False,"Điều 20.2.NĐ.3.60 — Giới hạn số giờ làm thêm Nguồn: NĐ 1. Tổng số giờ làm thêm không quá 50% số giờ làm việc bình thường trong 01 ngày khi làm thêm vào ngày làm việc bình thường, trừ trường hợp quy định tại khoản 2, khoản 3 Điều này. 2. Trư",,,,
a2dd38f7-31e6-5882-ab0e-cf45e43c9c9c,20.2.NĐ.3.61,Các trường hợp được tổ chức làm thêm từ trên 200 giờ đến 300 giờ trong một năm,article,official-gazette-word:sha256:54600f4a809b341462c39f7ef4982f0e33bf21a0af462027ea2c93e6d88f5c83,vn:145-2020-nd-cp,,,,,,,,,198,fastembed-tokenizers:intfloat/multilingual-e5-large:document,196,198,2,512,0,False,False,"Điều 20.2.NĐ.3.61 — Các trường hợp được tổ chức làm thêm từ trên 200 giờ đến 300 giờ trong một năm Nguồn: NĐ Ngoài các trường hợp quy định tại các điểm a, điểm b, điểm c, điểm d khoản 3 Điều 107 của Bộ luật Lao động, các trường hợp sau đây",,,,
65dea0a7-2c5a-5744-8645-6e41911c346b,20.2.NĐ.3.62,Thông báo về việc tổ chức làm thêm từ trên 200 giờ đến 300 giờ trong một năm,article,official-gazette-word:sha256:54600f4a809b341462c39f7ef4982f0e33bf21a0af462027ea2c93e6d88f5c83,vn:145-2020-nd-cp,,,,,,,,,276,fastembed-tokenizers:intfloat/multilingual-e5-large:document,274,276,2,512,0,False,False,"Điều 20.2.NĐ.3.62 — Thông báo về việc tổ chức làm thêm từ trên 200 giờ đến 300 giờ trong một năm Nguồn: NĐ 1. Khi tổ chức làm thêm từ trên 200 giờ đến 300 giờ trong một năm, người sử dụng lao động phải thông báo cho Sở Lao động - Thương bin",,,,
b07768de-841e-54ec-b0eb-48cc415c5c21,20.2.NĐ.3.63,Ca làm việc và tổ chức làm việc theo ca,article,official-gazette-word:sha256:54600f4a809b341462c39f7ef4982f0e33bf21a0af462027ea2c93e6d88f5c83,vn:145-2020-nd-cp,,,,,,,,,212,fastembed-tokenizers:intfloat/multilingual-e5-large:document,210,212,2,512,0,False,False,"Điều 20.2.NĐ.3.63 — Ca làm việc và tổ chức làm việc theo ca Nguồn: NĐ 1. Ca làm việc là khoảng thời gian làm việc của người lao động từ khi bắt đầu nhận nhiệm vụ cho đến khi kết thúc và bàn giao nhiệm vụ cho người khác, bao gồm cả thời gian",,,,
bc41f285-3191-5f68-a5e1-206f77b908ca,20.2.NĐ.3.64,Nghỉ trong giờ làm việc,article,official-gazette-word:sha256:54600f4a809b341462c39f7ef4982f0e33bf21a0af462027ea2c93e6d88f5c83,vn:145-2020-nd-cp,,,,,,,,,221,fastembed-tokenizers:intfloat/multilingual-e5-large:document,219,221,2,512,0,False,False,"Điều 20.2.NĐ.3.64 — Nghỉ trong giờ làm việc Nguồn: NĐ 1. Thời gian nghỉ giữa giờ ít nhất 45 phút liên tục theo quy định tại khoản 1 Điều 109 của Bộ luật Lao động được áp dụng đối với người lao động làm việc từ 06 giờ trở lên trong một ngày,",,,,
17e7eb8d-bde3-52de-af20-7aee0b84d1e2,20.2.NĐ.3.65,Thời gian được coi là thời gian làm việc để tính số ngày nghỉ hằng năm của người lao động,article,official-gazette-word:sha256:54600f4a809b341462c39f7ef4982f0e33bf21a0af462027ea2c93e6d88f5c83,vn:145-2020-nd-cp,,,,,,,,,310,fastembed-tokenizers:intfloat/multilingual-e5-large:document,308,310,2,512,0,False,False,"Điều 20.2.NĐ.3.65 — Thời gian được coi là thời gian làm việc để tính số ngày nghỉ hằng năm của người lao động Nguồn: NĐ 1. Thời gian học nghề, tập nghề theo quy định tại Điều 61 của Bộ luật Lao động nếu sau khi hết thời gian học nghề, tập n",,,,
200bdf90-f0ae-5095-bbd9-3325c1c48eb9,20.2.NĐ.3.66,Cách tính ngày nghỉ hằng năm trong một số trường hợp đặc biệt,article,official-gazette-word:sha256:54600f4a809b341462c39f7ef4982f0e33bf21a0af462027ea2c93e6d88f5c83,vn:145-2020-nd-cp,,,,,,,,,297,fastembed-tokenizers:intfloat/multilingual-e5-large:document,295,297,2,512,0,False,False,Điều 20.2.NĐ.3.66 — Cách tính ngày nghỉ hằng năm trong một số trường hợp đặc biệt Nguồn: NĐ 1. Số ngày nghỉ hằng năm của người lao động làm việc chưa đủ 12 tháng theo quy định tại khoản 2 Điều 113 của Bộ luật Lao động được tính như sau: lấy,,,,
06444bdd-be81-5f77-99f2-188891020052,20.2.NĐ.3.67,"Tiền tàu xe, tiền lương trong thời gian đi đường, tiền lương ngày nghỉ hằng năm và các ngày nghỉ có hưởng lương khác",article,official-gazette-word:sha256:54600f4a809b341462c39f7ef4982f0e33bf21a0af462027ea2c93e6d88f5c83,vn:145-2020-nd-cp,,,,,,,,,225,fastembed-tokenizers:intfloat/multilingual-e5-large:document,223,225,2,512,0,False,False,"Điều 20.2.NĐ.3.67 — Tiền tàu xe, tiền lương trong thời gian đi đường, tiền lương ngày nghỉ hằng năm và các ngày nghỉ có hưởng lương khác Nguồn: NĐ 1. Tiền tàu xe, tiền lương những ngày đi đường ngoài ngày nghỉ hằng năm theo khoản 6 Điều 113",,,,
ebdcbdd5-3339-5ed2-a09e-a2f57fe94f60,20.2.NĐ.3.68,"Một số công việc có tính chất đặc biệt về thời giờ làm việc, thời giờ nghỉ ngơi",article,official-gazette-word:sha256:54600f4a809b341462c39f7ef4982f0e33bf21a0af462027ea2c93e6d88f5c83,vn:145-2020-nd-cp,,,,,,,,,257,fastembed-tokenizers:intfloat/multilingual-e5-large:document,255,257,2,512,0,False,False,"Điều 20.2.NĐ.3.68 — Một số công việc có tính chất đặc biệt về thời giờ làm việc, thời giờ nghỉ ngơi Nguồn: NĐ 1. Ngoài các công việc có tính chất đặc biệt quy định tại Điều 116 của Bộ luật Lao động, các công việc có tính chất đặc biệt về th",,,,
df8dbcfb-9292-5d94-a9f3-ee6fe4a404f5,20.2.NĐ.3.69,Nội quy lao động,clause,official-gazette-word:sha256:54600f4a809b341462c39f7ef4982f0e33bf21a0af462027ea2c93e6d88f5c83,vn:145-2020-nd-cp,,,,,,,,,127,fastembed-tokenizers:intfloat/multilingual-e5-large:document,125,127,2,512,0,False,False,"Điều 20.2.NĐ.3.69 — Nội quy lao động Khoản: 1 Nguồn: NĐ Nội quy lao động tại Điều 118 của Bộ luật Lao động được quy định như sau: 1. Người sử dụng lao động phải ban hành nội quy lao động, nếu sử dụng từ 10 người lao động trở lên thì nội quy",,,,
83645248-8e09-50d4-bf1d-e4aabe06aeaf,20.2.NĐ.3.69,Nội quy lao động,points,official-gazette-word:sha256:54600f4a809b341462c39f7ef4982f0e33bf21a0af462027ea2c93e6d88f5c83,vn:145-2020-nd-cp,,,,,,,,,463,fastembed-tokenizers:intfloat/multilingual-e5-large:document,461,463,2,512,0,False,False,"Điều 20.2.NĐ.3.69 — Nội quy lao động Khoản: 2 Điểm: a, b, c, d, đ Nguồn: NĐ 2. Nội dung nội quy lao động không được trái với pháp luật về lao động và quy định của pháp luật có liên quan. Nội quy lao động gồm những nội dung chủ yếu sau: a) T",,,,
fe355ec2-ec22-5b0c-b46c-13f514159f30,20.2.NĐ.3.69,Nội quy lao động,points,official-gazette-word:sha256:54600f4a809b341462c39f7ef4982f0e33bf21a0af462027ea2c93e6d88f5c83,vn:145-2020-nd-cp,,,,,,,,,342,fastembed-tokenizers:intfloat/multilingual-e5-large:document,340,342,2,512,0,False,False,"Điều 20.2.NĐ.3.69 — Nội quy lao động Khoản: 2 Điểm: e, g, h, i Nguồn: NĐ 2. Nội dung nội quy lao động không được trái với pháp luật về lao động và quy định của pháp luật có liên quan. Nội quy lao động gồm những nội dung chủ yếu sau: e) Trườ",,,,
fbb8ebe1-be01-51a4-be53-a3836dab39e0,20.2.NĐ.3.69,Nội quy lao động,clause,official-gazette-word:sha256:54600f4a809b341462c39f7ef4982f0e33bf21a0af462027ea2c93e6d88f5c83,vn:145-2020-nd-cp,,,,,,,,,114,fastembed-tokenizers:intfloat/multilingual-e5-large:document,112,114,2,512,0,False,False,"Điều 20.2.NĐ.3.69 — Nội quy lao động Khoản: 3 Nguồn: NĐ 3. Trước khi ban hành nội quy lao động hoặc sửa đổi, bổ sung nội quy lao động, người sử dụng lao động phải tham khảo ý kiến của tổ chức đại diện người lao động tại cơ sở đối với nơi có",,,,
06b496fb-b3c4-5696-b795-face36a629f3,20.2.NĐ.3.69,Nội quy lao động,clause,official-gazette-word:sha256:54600f4a809b341462c39f7ef4982f0e33bf21a0af462027ea2c93e6d88f5c83,vn:145-2020-nd-cp,,,,,,,,,84,fastembed-tokenizers:intfloat/multilingual-e5-large:document,82,84,2,512,0,False,False,"Điều 20.2.NĐ.3.69 — Nội quy lao động Khoản: 4 Nguồn: NĐ 4. Nội quy lao động sau khi ban hành phải được gửi đến từng tổ chức đại diện người lao động tại cơ sở (nếu có) và thông báo đến toàn bộ người lao động, đồng thời niêm yết nội dung chín",,,,
174c8479-e473-5c04-a812-f5d3a635b114,20.2.NĐ.3.70,"Trình tự, thủ tục xử lý kỷ luật lao động",clause,official-gazette-word:sha256:54600f4a809b341462c39f7ef4982f0e33bf21a0af462027ea2c93e6d88f5c83,vn:145-2020-nd-cp,,,,,,,,,186,fastembed-tokenizers:intfloat/multilingual-e5-large:document,184,186,2,512,0,False,False,"Điều 20.2.NĐ.3.70 — Trình tự, thủ tục xử lý kỷ luật lao động Khoản: 1 Nguồn: NĐ Trình tự, thủ tục xử lý kỷ luật lao động tại khoản 6 Điều 122 của Bộ luật Lao động được quy định như sau: 1. Khi phát hiện người lao động có hành vi vi phạm kỷ",,,,
cbc8d7c9-a633-5109-9da2-93a6469c41bc,20.2.NĐ.3.70,"Trình tự, thủ tục xử lý kỷ luật lao động",clause,official-gazette-word:sha256:54600f4a809b341462c39f7ef4982f0e33bf21a0af462027ea2c93e6d88f5c83,vn:145-2020-nd-cp,,,,,,,,,424,fastembed-tokenizers:intfloat/multilingual-e5-large:document,422,424,2,512,0,False,False,"Điều 20.2.NĐ.3.70 — Trình tự, thủ tục xử lý kỷ luật lao động Khoản: 2 Điểm: a, b, c Nguồn: NĐ 2. Trong thời hiệu xử lý kỷ luật lao động quy định tại khoản 1, khoản 2 Điều 123 của Bộ luật Lao động, người sử dụng lao động tiến hành họp xử lý",,,,
97fd384f-3e8f-5502-8cda-00dcbe89ca92,20.2.NĐ.3.70,"Trình tự, thủ tục xử lý kỷ luật lao động",clause,official-gazette-word:sha256:54600f4a809b341462c39f7ef4982f0e33bf21a0af462027ea2c93e6d88f5c83,vn:145-2020-nd-cp,,,,,,,,,119,fastembed-tokenizers:intfloat/multilingual-e5-large:document,117,119,2,512,0,False,False,"Điều 20.2.NĐ.3.70 — Trình tự, thủ tục xử lý kỷ luật lao động Khoản: 3 Nguồn: NĐ 3. Nội dung cuộc họp xử lý kỷ luật lao động phải được lập thành biên bản, thông qua trước khi kết thúc cuộc họp và có chữ ký của người tham dự cuộc họp quy định",,,,
672a137d-e06e-572d-99a4-cb7a3f9ee3de,20.2.NĐ.3.70,"Trình tự, thủ tục xử lý kỷ luật lao động",clause,official-gazette-word:sha256:54600f4a809b341462c39f7ef4982f0e33bf21a0af462027ea2c93e6d88f5c83,vn:145-2020-nd-cp,,,,,,,,,106,fastembed-tokenizers:intfloat/multilingual-e5-large:document,104,106,2,512,0,False,False,"Điều 20.2.NĐ.3.70 — Trình tự, thủ tục xử lý kỷ luật lao động Khoản: 4 Nguồn: NĐ 4. Trong thời hiệu xử lý kỷ luật lao động quy định tại khoản 1, khoản 2 Điều 123 của Bộ luật Lao động, người có thẩm quyền xử lý kỷ luật lao động ban hành quyết",,,,
95aa253d-f362-5854-b0b8-c279aefd8519,20.2.NĐ.3.71,"Trình tự, thủ tục xử lý bồi thường thiệt hại",clause,official-gazette-word:sha256:54600f4a809b341462c39f7ef4982f0e33bf21a0af462027ea2c93e6d88f5c83,vn:145-2020-nd-cp,,,,,,,,,151,fastembed-tokenizers:intfloat/multilingual-e5-large:document,149,151,2,512,0,False,False,"Điều 20.2.NĐ.3.71 — Trình tự, thủ tục xử lý bồi thường thiệt hại Khoản: 1 Nguồn: NĐ Trình tự, thủ tục xử lý bồi thường thiệt hại tại khoản 2 Điều 130 của Bộ luật Lao động được quy định như sau: 1. Khi phát hiện người lao động có hành vi làm",,,,
5e84d391-1ba5-527f-8e42-855b99100130,20.2.NĐ.3.71,"Trình tự, thủ tục xử lý bồi thường thiệt hại",clause,official-gazette-word:sha256:54600f4a809b341462c39f7ef4982f0e33bf21a0af462027ea2c93e6d88f5c83,vn:145-2020-nd-cp,,,,,,,,,401,fastembed-tokenizers:intfloat/multilingual-e5-large:document,399,401,2,512,0,False,False,"Điều 20.2.NĐ.3.71 — Trình tự, thủ tục xử lý bồi thường thiệt hại Khoản: 2 Điểm: a, b, c Nguồn: NĐ 2. Trong thời hiệu xử lý bồi thường thiệt hại quy định tại Điều 72 Nghị định này, người sử dụng lao động tiến hành họp xử lý bồi thường thiệt",,,,
e08a7662-70af-5cfe-a6d6-3c40a96853ee,20.2.NĐ.3.71,"Trình tự, thủ tục xử lý bồi thường thiệt hại",clause,official-gazette-word:sha256:54600f4a809b341462c39f7ef4982f0e33bf21a0af462027ea2c93e6d88f5c83,vn:145-2020-nd-cp,,,,,,,,,110,fastembed-tokenizers:intfloat/multilingual-e5-large:document,108,110,2,512,0,False,False,"Điều 20.2.NĐ.3.71 — Trình tự, thủ tục xử lý bồi thường thiệt hại Khoản: 3 Nguồn: NĐ 3. Nội dung cuộc họp xử lý bồi thường thiệt hại phải được lập thành biên bản, thông qua trước khi kết thúc cuộc họp và có chữ ký của người tham dự cuộc họp",,,,
bd26284b-1cc2-5dda-98c7-34d319891115,20.2.NĐ.3.71,"Trình tự, thủ tục xử lý bồi thường thiệt hại",clause,official-gazette-word:sha256:54600f4a809b341462c39f7ef4982f0e33bf21a0af462027ea2c93e6d88f5c83,vn:145-2020-nd-cp,,,,,,,,,108,fastembed-tokenizers:intfloat/multilingual-e5-large:document,106,108,2,512,0,False,False,"Điều 20.2.NĐ.3.71 — Trình tự, thủ tục xử lý bồi thường thiệt hại Khoản: 4 Nguồn: NĐ 4. Quyết định xử lý bồi thường thiệt hại phải được ban hành trong thời hiệu xử lý bồi thường thiệt hại. Quyết định xử lý bồi thường thiệt hại phải nêu rõ mứ",,,,
1fda10e6-f0f7-5eff-b85b-0eb8a62ce216,20.2.NĐ.3.71,"Trình tự, thủ tục xử lý bồi thường thiệt hại",clause,official-gazette-word:sha256:54600f4a809b341462c39f7ef4982f0e33bf21a0af462027ea2c93e6d88f5c83,vn:145-2020-nd-cp,,,,,,,,,49,fastembed-tokenizers:intfloat/multilingual-e5-large:document,47,49,2,512,0,False,False,"Điều 20.2.NĐ.3.71 — Trình tự, thủ tục xử lý bồi thường thiệt hại Khoản: 5 Nguồn: NĐ 5. Các trường hợp bồi thường thiệt hại khác thực hiện theo quy định của Bộ luật Dân sự.",,,,
bca1b7c9-0048-5a7c-9450-322728e08e57,20.2.NĐ.3.72,Thời hiệu xử lý bồi thường thiệt hại,article,official-gazette-word:sha256:54600f4a809b341462c39f7ef4982f0e33bf21a0af462027ea2c93e6d88f5c83,vn:145-2020-nd-cp,,,,,,,,,220,fastembed-tokenizers:intfloat/multilingual-e5-large:document,218,220,2,512,0,False,False,Điều 20.2.NĐ.3.72 — Thời hiệu xử lý bồi thường thiệt hại Nguồn: NĐ Thời hiệu xử lý bồi thường thiệt hại tại khoản 2 Điều 130 của Bộ luật Lao động được quy định như sau: 1. Thời hiệu xử lý bồi thường thiệt hại là 06 tháng kể từ ngày người la,,,,
4d3e906c-a033-5ddd-94a9-afe4c6e01948,20.2.NĐ.3.73,"Khiếu nại về kỷ luật lao động, trách nhiệm vật chất",article,official-gazette-word:sha256:54600f4a809b341462c39f7ef4982f0e33bf21a0af462027ea2c93e6d88f5c83,vn:145-2020-nd-cp,,,,,,,,,229,fastembed-tokenizers:intfloat/multilingual-e5-large:document,227,229,2,512,0,False,False,"Điều 20.2.NĐ.3.73 — Khiếu nại về kỷ luật lao động, trách nhiệm vật chất Nguồn: NĐ Người bị xử lý kỷ luật lao động, bị tạm đình chỉ công việc hoặc phải bồi thường theo chế độ trách nhiệm vật chất nếu thấy không thỏa đáng thì có quyền khiếu n",,,,
efe1eb6c-be4b-5c06-bb54-546cc0282dc3,20.2.NĐ.3.74,Người sử dụng lao động có sử dụng nhiều lao động nữ,article,official-gazette-word:sha256:54600f4a809b341462c39f7ef4982f0e33bf21a0af462027ea2c93e6d88f5c83,vn:145-2020-nd-cp,,,,,,,,,143,fastembed-tokenizers:intfloat/multilingual-e5-large:document,141,143,2,512,0,False,False,Điều 20.2.NĐ.3.74 — Người sử dụng lao động có sử dụng nhiều lao động nữ Nguồn: NĐ Người sử dụng lao động có sử dụng nhiều lao động nữ là người sử dụng lao động thuộc một trong các trường hợp sau đây: 1. Sử dụng từ 10 lao động nữ đến dưới 10,,,,
2dc2b199-caeb-5f42-aa26-d7f35deb7b0f,20.2.NĐ.3.75,Nơi có nhiều lao động,article,official-gazette-word:sha256:54600f4a809b341462c39f7ef4982f0e33bf21a0af462027ea2c93e6d88f5c83,vn:145-2020-nd-cp,,,,,,,,,135,fastembed-tokenizers:intfloat/multilingual-e5-large:document,133,135,2,512,0,False,False,"Điều 20.2.NĐ.3.75 — Nơi có nhiều lao động Nguồn: NĐ Nơi có nhiều lao động được xác định như sau: 1. Khu công nghiệp, cụm công nghiệp, khu chế xuất, khu kinh tế, khu công nghệ cao (gọi tắt là khu công nghiệp) có từ 5.000 người lao động trở l",,,,
a5122f59-ecc7-5c77-a36b-70dd53ac28ac,20.2.NĐ.3.76,"Phòng vắt, trữ sữa mẹ",article,official-gazette-word:sha256:54600f4a809b341462c39f7ef4982f0e33bf21a0af462027ea2c93e6d88f5c83,vn:145-2020-nd-cp,,,,,,,,,116,fastembed-tokenizers:intfloat/multilingual-e5-large:document,114,116,2,512,0,False,False,"Điều 20.2.NĐ.3.76 — Phòng vắt, trữ sữa mẹ Nguồn: NĐ Phòng vắt, trữ sữa mẹ là một không gian riêng tư, không phải buồng tắm hay buồng vệ sinh; có nguồn điện, nước, bàn, ghế, tủ lạnh bảo đảm vệ sinh, quạt hoặc điều hòa; bố trí ở vị trí thuận",,,,
c0550db8-cfad-5919-b556-dd9b4bdeb63b,20.2.NĐ.3.77,"Nhà trẻ, lớp mẫu giáo",article,official-gazette-word:sha256:54600f4a809b341462c39f7ef4982f0e33bf21a0af462027ea2c93e6d88f5c83,vn:145-2020-nd-cp,,,,,,,,,126,fastembed-tokenizers:intfloat/multilingual-e5-large:document,124,126,2,512,0,False,False,"Điều 20.2.NĐ.3.77 — Nhà trẻ, lớp mẫu giáo Nguồn: NĐ Nhà trẻ, lớp mẫu giáo là cơ sở giáo dục mầm non theo quy định tại Điều 26 của Luật Giáo dục, gồm: 1. Nhà trẻ, nhóm trẻ độc lập nhận trẻ em từ 03 tháng tuổi đến 03 tuổi. 2. Trường mẫu giáo,",,,,
cd581b79-db68-553f-bc04-5d5807d14b57,20.2.NĐ.3.78,"Quyền làm việc bình đẳng của người lao động, thực hiện các biện pháp bảo đảm bình đẳng giới",article,official-gazette-word:sha256:54600f4a809b341462c39f7ef4982f0e33bf21a0af462027ea2c93e6d88f5c83,vn:145-2020-nd-cp,,,,,,,,,390,fastembed-tokenizers:intfloat/multilingual-e5-large:document,388,390,2,512,0,False,False,"Điều 20.2.NĐ.3.78 — Quyền làm việc bình đẳng của người lao động, thực hiện các biện pháp bảo đảm bình đẳng giới Nguồn: NĐ 1. Quyền bình đẳng của người lao động: a) Người sử dụng lao động có trách nhiệm thực hiện quyền bình đẳng của lao động",,,,
9f81a1a1-ce3b-552a-953b-793357d95af5,20.2.NĐ.3.79,Tăng cường phúc lợi và cải thiện điều kiện làm việc,article,official-gazette-word:sha256:54600f4a809b341462c39f7ef4982f0e33bf21a0af462027ea2c93e6d88f5c83,vn:145-2020-nd-cp,,,,,,,,,213,fastembed-tokenizers:intfloat/multilingual-e5-large:document,211,213,2,512,0,False,False,"Điều 20.2.NĐ.3.79 — Tăng cường phúc lợi và cải thiện điều kiện làm việc Nguồn: NĐ 1. Người sử dụng lao động bảo đảm có đủ buồng tắm, buồng vệ sinh phù hợp tại nơi làm việc theo quy định của Bộ Y tế. 2. Khuyến khích người sử dụng lao động ph",,,,
4abf1dc7-6bcc-5b2c-87c4-89e72c184723,20.2.NĐ.3.80,Chăm sóc sức khỏe đối với lao động nữ,clause,official-gazette-word:sha256:54600f4a809b341462c39f7ef4982f0e33bf21a0af462027ea2c93e6d88f5c83,vn:145-2020-nd-cp,,,,,,,,,61,fastembed-tokenizers:intfloat/multilingual-e5-large:document,59,61,2,512,0,False,False,"Điều 20.2.NĐ.3.80 — Chăm sóc sức khỏe đối với lao động nữ Khoản: 1 Nguồn: NĐ 1. Khi khám sức khỏe định kỳ, lao động nữ được khám chuyên khoa phụ sản theo danh mục khám chuyên khoa phụ sản do Bộ Y tế ban hành.",,,,
01259c67-4a72-572a-8a29-5f649b96b129,20.2.NĐ.3.80,Chăm sóc sức khỏe đối với lao động nữ,clause,official-gazette-word:sha256:54600f4a809b341462c39f7ef4982f0e33bf21a0af462027ea2c93e6d88f5c83,vn:145-2020-nd-cp,,,,,,,,,69,fastembed-tokenizers:intfloat/multilingual-e5-large:document,67,69,2,512,0,False,False,Điều 20.2.NĐ.3.80 — Chăm sóc sức khỏe đối với lao động nữ Khoản: 2 Nguồn: NĐ 2. Khuyến khích người sử dụng lao động tạo điều kiện cho lao động nữ đang mang thai được nghỉ đi khám thai nhiều hơn quy định tại Điều 32 của Luật Bảo hiểm xã hội.,,,,
48900dd9-350c-5713-89ce-ff2b65b9b6f2,20.2.NĐ.3.80,Chăm sóc sức khỏe đối với lao động nữ,clause,official-gazette-word:sha256:54600f4a809b341462c39f7ef4982f0e33bf21a0af462027ea2c93e6d88f5c83,vn:145-2020-nd-cp,,,,,,,,,299,fastembed-tokenizers:intfloat/multilingual-e5-large:document,297,299,2,512,0,False,False,"Điều 20.2.NĐ.3.80 — Chăm sóc sức khỏe đối với lao động nữ Khoản: 3 Điểm: a, b, c Nguồn: NĐ 3. Nghỉ trong thời gian hành kinh của lao động nữ: a) Lao động nữ trong thời gian hành kinh có quyền được nghỉ mỗi ngày 30 phút tính vào thời giờ làm",,,,
240ca392-e545-5680-ab4c-8e021ecae4ca,20.2.NĐ.3.80,Chăm sóc sức khỏe đối với lao động nữ,clause,official-gazette-word:sha256:54600f4a809b341462c39f7ef4982f0e33bf21a0af462027ea2c93e6d88f5c83,vn:145-2020-nd-cp,,,,,,,,,239,fastembed-tokenizers:intfloat/multilingual-e5-large:document,237,239,2,512,0,False,False,"Điều 20.2.NĐ.3.80 — Chăm sóc sức khỏe đối với lao động nữ Khoản: 4 Điểm: a, b, c Nguồn: NĐ 4. Nghỉ trong thời gian nuôi con dưới 12 tháng tuổi: a) Lao động nữ trong thời gian nuôi con dưới 12 tháng tuổi có quyền được nghỉ mỗi ngày 60 phút t",,,,
49bf1a3b-b126-51a1-a9c5-ace1fce6e771,20.2.NĐ.3.80,Chăm sóc sức khỏe đối với lao động nữ,clause,official-gazette-word:sha256:54600f4a809b341462c39f7ef4982f0e33bf21a0af462027ea2c93e6d88f5c83,vn:145-2020-nd-cp,,,,,,,,,115,fastembed-tokenizers:intfloat/multilingual-e5-large:document,113,115,2,512,0,False,False,"Điều 20.2.NĐ.3.80 — Chăm sóc sức khỏe đối với lao động nữ Khoản: 5 Nguồn: NĐ 5. Khuyến khích người sử dụng lao động lắp đặt phòng vắt, trữ sữa mẹ phù hợp với điều kiện thực tế tại nơi làm việc, nhu cầu của lao động nữ và khả năng của người",,,,
2f1a9719-4a6d-5984-bfb8-6333c2796a9b,20.2.NĐ.3.80,Chăm sóc sức khỏe đối với lao động nữ,clause,official-gazette-word:sha256:54600f4a809b341462c39f7ef4982f0e33bf21a0af462027ea2c93e6d88f5c83,vn:145-2020-nd-cp,,,,,,,,,93,fastembed-tokenizers:intfloat/multilingual-e5-large:document,91,93,2,512,0,False,False,"Điều 20.2.NĐ.3.80 — Chăm sóc sức khỏe đối với lao động nữ Khoản: 6 Nguồn: NĐ 6. Khuyến khích người sử dụng lao động tạo điều kiện để lao động nữ nuôi con từ 12 tháng tuổi trở lên vắt, trữ sữa mẹ tại nơi làm việc. Thời gian nghỉ để vắt, trữ",,,,
8a8d0a33-db2b-5ade-a4b0-00f58e170c5d,20.2.NĐ.3.81,"Tổ chức nhà trẻ, lớp mẫu giáo ở nơi có nhiều lao động",clause,official-gazette-word:sha256:54600f4a809b341462c39f7ef4982f0e33bf21a0af462027ea2c93e6d88f5c83,vn:145-2020-nd-cp,,,,,,,,,251,fastembed-tokenizers:intfloat/multilingual-e5-large:document,249,251,2,512,0,False,False,"Điều 20.2.NĐ.3.81 — Tổ chức nhà trẻ, lớp mẫu giáo ở nơi có nhiều lao động Khoản: 1 Điểm: a, b, c, d, đ Nguồn: NĐ 1. Ủy ban nhân dân cấp tỉnh có trách nhiệm: a) Bố trí dành quỹ đất xây dựng nhà trẻ, lớp mẫu giáo ở nơi có nhiều lao động trong",,,,
1e2a0454-9e6d-55fd-a1c6-e34754525a21,20.2.NĐ.3.81,"Tổ chức nhà trẻ, lớp mẫu giáo ở nơi có nhiều lao động",clause,official-gazette-word:sha256:54600f4a809b341462c39f7ef4982f0e33bf21a0af462027ea2c93e6d88f5c83,vn:145-2020-nd-cp,,,,,,,,,121,fastembed-tokenizers:intfloat/multilingual-e5-large:document,119,121,2,512,0,False,False,"Điều 20.2.NĐ.3.81 — Tổ chức nhà trẻ, lớp mẫu giáo ở nơi có nhiều lao động Khoản: 2 Nguồn: NĐ 2. Nhà trẻ, lớp mẫu giáo dân lập, tư thục ở nơi có nhiều lao động được hưởng các chính sách áp dụng cho cơ sở giáo dục mầm non độc lập dân lập, tư",,,,
9ee86a0d-982b-53d8-b86d-394818ece99c,20.2.NĐ.3.81,"Tổ chức nhà trẻ, lớp mẫu giáo ở nơi có nhiều lao động",clause,official-gazette-word:sha256:54600f4a809b341462c39f7ef4982f0e33bf21a0af462027ea2c93e6d88f5c83,vn:145-2020-nd-cp,,,,,,,,,119,fastembed-tokenizers:intfloat/multilingual-e5-large:document,117,119,2,512,0,False,False,"Điều 20.2.NĐ.3.81 — Tổ chức nhà trẻ, lớp mẫu giáo ở nơi có nhiều lao động Khoản: 3 Nguồn: NĐ 3. Trẻ em mầm non là con của người lao động làm việc tại nơi có nhiều lao động được hưởng chính sách như đối với trẻ em mầm non là con công nhân, n",,,,
5855660b-ab4a-5067-a435-788d0a4d2834,20.2.NĐ.3.81,"Tổ chức nhà trẻ, lớp mẫu giáo ở nơi có nhiều lao động",clause,official-gazette-word:sha256:54600f4a809b341462c39f7ef4982f0e33bf21a0af462027ea2c93e6d88f5c83,vn:145-2020-nd-cp,,,,,,,,,137,fastembed-tokenizers:intfloat/multilingual-e5-large:document,135,137,2,512,0,False,False,"Điều 20.2.NĐ.3.81 — Tổ chức nhà trẻ, lớp mẫu giáo ở nơi có nhiều lao động Khoản: 4 Nguồn: NĐ 4. Giáo viên mầm non làm việc tại nhà trẻ, lớp mẫu giáo dân lập, tư thục ở nơi có nhiều lao động được hưởng các chính sách áp dụng cho giáo viên mầ",,,,
af3f75d2-7853-530c-92eb-fb27e4091707,20.2.NĐ.3.81,"Tổ chức nhà trẻ, lớp mẫu giáo ở nơi có nhiều lao động",clause,official-gazette-word:sha256:54600f4a809b341462c39f7ef4982f0e33bf21a0af462027ea2c93e6d88f5c83,vn:145-2020-nd-cp,,,,,,,,,71,fastembed-tokenizers:intfloat/multilingual-e5-large:document,69,71,2,512,0,False,False,"Điều 20.2.NĐ.3.81 — Tổ chức nhà trẻ, lớp mẫu giáo ở nơi có nhiều lao động Khoản: 5 Nguồn: NĐ 5. Khuyến khích người sử dụng lao động tổ chức, xây dựng nhà trẻ, lớp mẫu giáo hoặc hỗ trợ một phần chi phí xây dựng nhà trẻ, lớp mẫu giáo.",,,,
308ff1dc-96ce-5a90-b83b-2881095db137,20.2.NĐ.3.82,"Giúp đỡ, hỗ trợ của người sử dụng lao động về chi phí gửi trẻ, mẫu giáo cho người lao động",article,official-gazette-word:sha256:54600f4a809b341462c39f7ef4982f0e33bf21a0af462027ea2c93e6d88f5c83,vn:145-2020-nd-cp,,,,,,,,,156,fastembed-tokenizers:intfloat/multilingual-e5-large:document,154,156,2,512,0,False,False,"Điều 20.2.NĐ.3.82 — Giúp đỡ, hỗ trợ của người sử dụng lao động về chi phí gửi trẻ, mẫu giáo cho người lao động Nguồn: NĐ Căn cứ điều kiện cụ thể, người sử dụng lao động xây dựng phương án, kế hoạch giúp đỡ, hỗ trợ một phần chi phí gửi trẻ t",,,,
ae12e4b7-e341-5c6f-8316-05195eb2efcc,20.2.NĐ.3.83,Chính sách hỗ trợ người sử dụng lao động,article,official-gazette-word:sha256:54600f4a809b341462c39f7ef4982f0e33bf21a0af462027ea2c93e6d88f5c83,vn:145-2020-nd-cp,,,,,,,,,286,fastembed-tokenizers:intfloat/multilingual-e5-large:document,284,286,2,512,0,False,False,"Điều 20.2.NĐ.3.83 — Chính sách hỗ trợ người sử dụng lao động Nguồn: NĐ 1. Người sử dụng lao động đầu tư xây dựng nhà trẻ, lớp mẫu giáo, cơ sở y tế, công trình văn hóa và các công trình phúc lợi khác bảo đảm các điều kiện về quy mô, tiêu chu",,,,
aad6c794-a9e6-5cfb-87b6-204bdb1b4782,20.2.NĐ.3.84,Quấy rối tình dục tại nơi làm việc,article,official-gazette-word:sha256:54600f4a809b341462c39f7ef4982f0e33bf21a0af462027ea2c93e6d88f5c83,vn:145-2020-nd-cp,,,,,,,,,425,fastembed-tokenizers:intfloat/multilingual-e5-large:document,423,425,2,512,0,False,False,"Điều 20.2.NĐ.3.84 — Quấy rối tình dục tại nơi làm việc Nguồn: NĐ 1. Quấy rối tình dục quy định tại khoản 9 Điều 3 của Bộ luật Lao động có thể xảy ra dưới dạng trao đổi như đề nghị, yêu cầu, gợi ý, đe dọa, ép buộc đổi quan hệ tình dục lấy bấ",,,,
3dfe1ab7-1961-5438-8eb9-b41e14107ca3,20.2.NĐ.3.85,"Quy định của người sử dụng lao động về phòng, chống quấy rối tình dục tại nơi làm việc",article,official-gazette-word:sha256:54600f4a809b341462c39f7ef4982f0e33bf21a0af462027ea2c93e6d88f5c83,vn:145-2020-nd-cp,,,,,,,,,380,fastembed-tokenizers:intfloat/multilingual-e5-large:document,378,380,2,512,0,False,False,"Điều 20.2.NĐ.3.85 — Quy định của người sử dụng lao động về phòng, chống quấy rối tình dục tại nơi làm việc Nguồn: NĐ 1. Quy định của người sử dụng lao động về phòng, chống quấy rối tình dục trong nội quy lao động hoặc bằng phụ lục ban hành",,,,
02e18f55-ef83-58bc-8940-3470bb3b5571,20.2.NĐ.3.86,"Trách nhiệm, nghĩa vụ phòng, chống quấy rối tình dục tại nơi làm việc",article,official-gazette-word:sha256:54600f4a809b341462c39f7ef4982f0e33bf21a0af462027ea2c93e6d88f5c83,vn:145-2020-nd-cp,,,,,,,,,448,fastembed-tokenizers:intfloat/multilingual-e5-large:document,446,448,2,512,0,False,False,"Điều 20.2.NĐ.3.86 — Trách nhiệm, nghĩa vụ phòng, chống quấy rối tình dục tại nơi làm việc Nguồn: NĐ 1. Người sử dụng lao động có nghĩa vụ: a) Thực hiện và giám sát việc thực hiện các quy định của pháp luật về phòng, chống quấy rối tình dục",,,,
429285ad-35c6-564e-bc8c-38260d705e97,20.2.NĐ.3.87,Tổ chức thực hiện chính sách đối với lao động nữ và bảo đảm bình đẳng giới,article,official-gazette-word:sha256:54600f4a809b341462c39f7ef4982f0e33bf21a0af462027ea2c93e6d88f5c83,vn:145-2020-nd-cp,,,,,,,,,366,fastembed-tokenizers:intfloat/multilingual-e5-large:document,364,366,2,512,0,False,False,"Điều 20.2.NĐ.3.87 — Tổ chức thực hiện chính sách đối với lao động nữ và bảo đảm bình đẳng giới Nguồn: NĐ 1. Bộ Lao động - Thương binh và Xã hội chủ trì, phối hợp với các cơ quan liên quan tuyên truyền, phổ biến các chính sách đối với lao độ",,,,
693b5976-1902-5b6a-b6a2-c47a12cc2077,20.2.NĐ.3.88,Lao động là người giúp việc gia đình,article,official-gazette-word:sha256:54600f4a809b341462c39f7ef4982f0e33bf21a0af462027ea2c93e6d88f5c83,vn:145-2020-nd-cp,,,,,,,,,79,fastembed-tokenizers:intfloat/multilingual-e5-large:document,77,79,2,512,0,False,False,Điều 20.2.NĐ.3.88 — Lao động là người giúp việc gia đình Nguồn: NĐ Lao động là người giúp việc gia đình là người lao động theo quy định tại khoản 1 Điều 3 của Bộ luật Lao động có giao kết hợp đồng lao động bằng văn bản để làm những công việ,,,,
fca048c3-4124-576b-84b6-fb50c164e778,20.2.NĐ.3.89,Một số quy định riêng đối với lao động là người giúp việc gia đình,points,official-gazette-word:sha256:54600f4a809b341462c39f7ef4982f0e33bf21a0af462027ea2c93e6d88f5c83,vn:145-2020-nd-cp,,,,,,,,,447,fastembed-tokenizers:intfloat/multilingual-e5-large:document,445,447,2,512,0,False,False,"Điều 20.2.NĐ.3.89 — Một số quy định riêng đối với lao động là người giúp việc gia đình Khoản: 1 Điểm: a, b, c Nguồn: NĐ 1. Quy định về hình thức hợp đồng lao động theo Điều 14 và khoản 1 Điều 162; nghĩa vụ cung cấp thông tin khi giao kết hợ",,,,
eca5edfc-c9ec-520a-bdf7-c9fea3157d6a,20.2.NĐ.3.89,Một số quy định riêng đối với lao động là người giúp việc gia đình,fallback_segment,official-gazette-word:sha256:54600f4a809b341462c39f7ef4982f0e33bf21a0af462027ea2c93e6d88f5c83,vn:145-2020-nd-cp,,,,,,,1,,119,fastembed-tokenizers:intfloat/multilingual-e5-large:document,117,119,2,512,0,False,False,Điều 20.2.NĐ.3.89 — Một số quy định riêng đối với lao động là người giúp việc gia đình Khoản: 1 Điểm: d Nguồn: NĐ [Ngữ cảnh khoản] 1. Quy định về hình thức hợp đồng lao động theo Điều 14 và khoản 1 Điều 162; [Nội dung] d) Trong quá trình th,,,,
e2bb8871-4d8d-5a64-ac00-45de30088b42,20.2.NĐ.3.89,Một số quy định riêng đối với lao động là người giúp việc gia đình,fallback_segment,official-gazette-word:sha256:54600f4a809b341462c39f7ef4982f0e33bf21a0af462027ea2c93e6d88f5c83,vn:145-2020-nd-cp,,,,,,,2,,362,fastembed-tokenizers:intfloat/multilingual-e5-large:document,360,362,2,512,0,False,False,Điều 20.2.NĐ.3.89 — Một số quy định riêng đối với lao động là người giúp việc gia đình Khoản: 1 Điểm: d Nguồn: NĐ [Ngữ cảnh khoản] 1. Quy định về hình thức hợp đồng lao động theo Điều 14 và khoản 1 Điều 162; [Ngữ cảnh điểm] d) Trong quá trì,,,,
3178fa85-35a1-5895-92be-d3c239198632,20.2.NĐ.3.89,Một số quy định riêng đối với lao động là người giúp việc gia đình,fallback_segment,official-gazette-word:sha256:54600f4a809b341462c39f7ef4982f0e33bf21a0af462027ea2c93e6d88f5c83,vn:145-2020-nd-cp,,,,,,,3,,197,fastembed-tokenizers:intfloat/multilingual-e5-large:document,195,197,2,512,0,False,False,Điều 20.2.NĐ.3.89 — Một số quy định riêng đối với lao động là người giúp việc gia đình Khoản: 1 Điểm: d Nguồn: NĐ [Ngữ cảnh khoản] 1. Quy định về hình thức hợp đồng lao động theo Điều 14 và khoản 1 Điều 162; [Ngữ cảnh điểm] d) Trong quá trì,,,,
922ba47e-66fe-582a-aea2-db3259618c9a,20.2.NĐ.3.89,Một số quy định riêng đối với lao động là người giúp việc gia đình,points,official-gazette-word:sha256:54600f4a809b341462c39f7ef4982f0e33bf21a0af462027ea2c93e6d88f5c83,vn:145-2020-nd-cp,,,,,,,,,384,fastembed-tokenizers:intfloat/multilingual-e5-large:document,382,384,2,512,0,False,False,"Điều 20.2.NĐ.3.89 — Một số quy định riêng đối với lao động là người giúp việc gia đình Khoản: 1 Điểm: đ, e Nguồn: NĐ 1. Quy định về hình thức hợp đồng lao động theo Điều 14 và khoản 1 Điều 162; nghĩa vụ cung cấp thông tin khi giao kết hợp đ",,,,
234e8211-1436-57de-b13e-0931050f1ebe,20.2.NĐ.3.89,Một số quy định riêng đối với lao động là người giúp việc gia đình,clause,official-gazette-word:sha256:54600f4a809b341462c39f7ef4982f0e33bf21a0af462027ea2c93e6d88f5c83,vn:145-2020-nd-cp,,,,,,,,,229,fastembed-tokenizers:intfloat/multilingual-e5-large:document,227,229,2,512,0,False,False,"Điều 20.2.NĐ.3.89 — Một số quy định riêng đối với lao động là người giúp việc gia đình Khoản: 2 Nguồn: NĐ 2. Người lao động và người sử dụng lao động thỏa thuận về tiền lương, thưởng và thực hiện trả lương, thưởng theo quy định tại Chương V",,,,
ca990485-578c-569f-b1d5-939f8878349c,20.2.NĐ.3.89,Một số quy định riêng đối với lao động là người giúp việc gia đình,clause,official-gazette-word:sha256:54600f4a809b341462c39f7ef4982f0e33bf21a0af462027ea2c93e6d88f5c83,vn:145-2020-nd-cp,,,,,,,,,215,fastembed-tokenizers:intfloat/multilingual-e5-large:document,213,215,2,512,0,False,False,"Điều 20.2.NĐ.3.89 — Một số quy định riêng đối với lao động là người giúp việc gia đình Khoản: 3 Điểm: a, b Nguồn: NĐ 3. Thời giờ làm việc, thời giờ nghỉ ngơi thực hiện theo quy định tại Chương VII của Bộ luật Lao động và Chương VII Nghị địn",,,,
9ab06f13-749a-53e1-97ae-ec56862ce314,20.2.NĐ.3.89,Một số quy định riêng đối với lao động là người giúp việc gia đình,clause,official-gazette-word:sha256:54600f4a809b341462c39f7ef4982f0e33bf21a0af462027ea2c93e6d88f5c83,vn:145-2020-nd-cp,,,,,,,,,171,fastembed-tokenizers:intfloat/multilingual-e5-large:document,169,171,2,512,0,False,False,Điều 20.2.NĐ.3.89 — Một số quy định riêng đối với lao động là người giúp việc gia đình Khoản: 4 Nguồn: NĐ 4. Người sử dụng lao động có trách nhiệm trả cùng lúc với kỳ trả lương cho người lao động một khoản tiền bằng mức đóng bảo hiểm xã hội,,,,
72fbcc80-4f83-55f2-b7a5-9d60f639dabf,20.2.NĐ.3.89,Một số quy định riêng đối với lao động là người giúp việc gia đình,clause,official-gazette-word:sha256:54600f4a809b341462c39f7ef4982f0e33bf21a0af462027ea2c93e6d88f5c83,vn:145-2020-nd-cp,,,,,,,,,241,fastembed-tokenizers:intfloat/multilingual-e5-large:document,239,241,2,512,0,False,False,"Điều 20.2.NĐ.3.89 — Một số quy định riêng đối với lao động là người giúp việc gia đình Khoản: 5 Điểm: a, b, c Nguồn: NĐ 5. An toàn, vệ sinh lao động đối với lao động là người giúp việc gia đình được thực hiện như sau: a) Người sử dụng lao đ",,,,
d9a19cb6-5802-5837-af9f-6aaa4875c602,20.2.NĐ.3.89,Một số quy định riêng đối với lao động là người giúp việc gia đình,clause,official-gazette-word:sha256:54600f4a809b341462c39f7ef4982f0e33bf21a0af462027ea2c93e6d88f5c83,vn:145-2020-nd-cp,,,,,,,,,443,fastembed-tokenizers:intfloat/multilingual-e5-large:document,441,443,2,512,0,False,False,"Điều 20.2.NĐ.3.89 — Một số quy định riêng đối với lao động là người giúp việc gia đình Khoản: 6 Điểm: a, b, c, d, đ Nguồn: NĐ 6. Kỷ luật lao động, trách nhiệm vật chất đối với người lao động được thực hiện như sau: a) Người sử dụng lao động",,,,
151d1dfa-abde-5f9d-9786-3739d0d9c680,20.2.NĐ.3.90,"Nghĩa vụ của người sử dụng lao động, người lao động",article,official-gazette-word:sha256:54600f4a809b341462c39f7ef4982f0e33bf21a0af462027ea2c93e6d88f5c83,vn:145-2020-nd-cp,,,,,,,,,154,fastembed-tokenizers:intfloat/multilingual-e5-large:document,152,154,2,512,0,False,False,"Điều 20.2.NĐ.3.90 — Nghĩa vụ của người sử dụng lao động, người lao động Nguồn: NĐ 1. Thực hiện các nghĩa vụ theo quy định tại các Điều 163, 164 và 165 của Bộ luật Lao động. 2. Người sử dụng lao động phải thông báo cho Ủy ban nhân dân xã, ph",,,,
d5d5f8c1-80d8-51c0-96ee-be0bec8b668a,20.2.NĐ.3.92,Tiêu chuẩn hòa giải viên lao động,article,official-gazette-word:sha256:54600f4a809b341462c39f7ef4982f0e33bf21a0af462027ea2c93e6d88f5c83,vn:145-2020-nd-cp,,,,,,,,,113,fastembed-tokenizers:intfloat/multilingual-e5-large:document,111,113,2,512,0,False,False,"Điều 20.2.NĐ.3.92 — Tiêu chuẩn hòa giải viên lao động Nguồn: NĐ 1. Là công dân Việt Nam, có năng lực hành vi dân sự đầy đủ theo quy định của Bộ luật Dân sự, có sức khỏe và phẩm chất đạo đức tốt. 2. Có trình độ đại học trở lên và có ít nhất",,,,
85505f88-82c1-5327-915a-9977bf247392,20.2.NĐ.3.93,Trình tự và thủ tục bổ nhiệm hòa giải viên lao động,article,official-gazette-word:sha256:54600f4a809b341462c39f7ef4982f0e33bf21a0af462027ea2c93e6d88f5c83,vn:145-2020-nd-cp,,,,,,,,,257,fastembed-tokenizers:intfloat/multilingual-e5-large:document,255,257,2,512,0,False,False,"Điều 20.2.NĐ.3.93 — Trình tự và thủ tục bổ nhiệm hòa giải viên lao động Nguồn: NĐ 3. Bổ nhiệm lại hòa giải viên lao động a) Ít nhất 03 tháng trước khi kết thúc thời hạn bổ nhiệm, nếu hòa giải viên lao động có nhu cầu tiếp tục làm hòa giải v",,,,
d273a2dd-e6dc-5a45-b71f-ab5ce6edfc3a,20.2.NĐ.3.94,Miễn nhiệm hòa giải viên lao động,article,official-gazette-word:sha256:54600f4a809b341462c39f7ef4982f0e33bf21a0af462027ea2c93e6d88f5c83,vn:145-2020-nd-cp,,,,,,,,,340,fastembed-tokenizers:intfloat/multilingual-e5-large:document,338,340,2,512,0,False,False,Điều 20.2.NĐ.3.94 — Miễn nhiệm hòa giải viên lao động Nguồn: NĐ 1. Hòa giải viên lao động miễn nhiệm khi thuộc một trong các trường hợp sau: a) Có đơn xin thôi làm hòa giải viên lao động; b) Không đáp ứng đủ tiêu chuẩn quy định tại Điều 92,,,,
a54da9c8-6009-56e3-8961-695b9ac503cf,20.2.NĐ.3.96,"Chế độ, điều kiện hoạt động của hòa giải viên lao động",article,official-gazette-word:sha256:54600f4a809b341462c39f7ef4982f0e33bf21a0af462027ea2c93e6d88f5c83,vn:145-2020-nd-cp,,,,,,,,,462,fastembed-tokenizers:intfloat/multilingual-e5-large:document,460,462,2,512,0,False,False,"Điều 20.2.NĐ.3.96 — Chế độ, điều kiện hoạt động của hòa giải viên lao động Nguồn: NĐ 1. Hòa giải viên lao động được hưởng các chế độ: a) Mỗi ngày thực tế thực hiện nhiệm vụ của hòa giải viên lao động do cơ quan có thẩm quyền cử được hưởng t",,,,
9fcdb685-6501-592a-9efe-8f2da4696353,20.2.NĐ.3.97,Quản lý hòa giải viên lao động,clause,official-gazette-word:sha256:54600f4a809b341462c39f7ef4982f0e33bf21a0af462027ea2c93e6d88f5c83,vn:145-2020-nd-cp,,,,,,,,,141,fastembed-tokenizers:intfloat/multilingual-e5-large:document,139,141,2,512,0,False,False,"Điều 20.2.NĐ.3.97 — Quản lý hòa giải viên lao động Khoản: 1 Điểm: a, b, c Nguồn: NĐ 1. Bộ Lao động - Thương binh và Xã hội: a) Xây dựng, trình cơ quan có thẩm quyền ban hành hoặc ban hành theo thẩm quyền các văn bản pháp luật về hòa giải vi",,,,
0da10451-ecb9-5010-b0b2-f8c3cf1bcd02,20.2.NĐ.3.97,Quản lý hòa giải viên lao động,clause,official-gazette-word:sha256:54600f4a809b341462c39f7ef4982f0e33bf21a0af462027ea2c93e6d88f5c83,vn:145-2020-nd-cp,,,,,,,,,256,fastembed-tokenizers:intfloat/multilingual-e5-large:document,254,256,2,512,0,False,False,"Điều 20.2.NĐ.3.97 — Quản lý hòa giải viên lao động Khoản: 2 Điểm: a, c Nguồn: NĐ 2. Chủ tịch Ủy ban nhân dân cấp tỉnh: a) Bổ nhiệm, bổ nhiệm lại, miễn nhiệm và quản lý hoạt động của hòa giải viên lao động trên địa bàn cấp tỉnh. Đối với nhữn",,,,
590e90fb-fdd2-5bbb-a529-2a3d089fe172,20.2.NĐ.3.97,Quản lý hòa giải viên lao động,clause,official-gazette-word:sha256:54600f4a809b341462c39f7ef4982f0e33bf21a0af462027ea2c93e6d88f5c83,vn:145-2020-nd-cp,,,,,,,,,353,fastembed-tokenizers:intfloat/multilingual-e5-large:document,351,353,2,512,0,False,False,"Điều 20.2.NĐ.3.97 — Quản lý hòa giải viên lao động Khoản: 3 Điểm: a, b, c, d, đ, e, g Nguồn: NĐ 3. Sở Lao động - Thương binh và Xã hội: a) Xây dựng, trình Chủ tịch Ủy ban nhân dân cấp tỉnh quy chế quản lý hòa giải viên lao động; b) Tham mưu",,,,
c9d74a22-b8d0-5d9a-b4cd-92e93ebd52f5,20.2.NĐ.3.98,"Tiêu chuẩn, điều kiện trọng tài viên lao động",article,official-gazette-word:sha256:54600f4a809b341462c39f7ef4982f0e33bf21a0af462027ea2c93e6d88f5c83,vn:145-2020-nd-cp,,,,,,,,,236,fastembed-tokenizers:intfloat/multilingual-e5-large:document,234,236,2,512,0,False,False,"Điều 20.2.NĐ.3.98 — Tiêu chuẩn, điều kiện trọng tài viên lao động Nguồn: NĐ 1. Là công dân Việt Nam, có năng lực hành vi dân sự đầy đủ theo quy định của Bộ luật Dân sự, có sức khỏe và phẩm chất đạo đức tốt, có uy tín, công tâm. 2. Có trình",,,,
557c0162-679c-59f3-b748-1344e27e7a3a,20.2.NĐ.3.99,Bổ nhiệm trọng tài viên lao động,clause,official-gazette-word:sha256:54600f4a809b341462c39f7ef4982f0e33bf21a0af462027ea2c93e6d88f5c83,vn:145-2020-nd-cp,,,,,,,,,126,fastembed-tokenizers:intfloat/multilingual-e5-large:document,124,126,2,512,0,False,False,"Điều 20.2.NĐ.3.99 — Bổ nhiệm trọng tài viên lao động Khoản: 1 Nguồn: NĐ 1. Căn cứ số lượng trọng tài viên lao động của Hội đồng trọng tài lao động quy định tại khoản 2 Điều 185 của Bộ luật Lao động và tiêu chuẩn, điều kiện trọng tài viên la",,,,
911804f0-2174-57c5-9805-f806000ad440,20.2.NĐ.3.99,Bổ nhiệm trọng tài viên lao động,clause,official-gazette-word:sha256:54600f4a809b341462c39f7ef4982f0e33bf21a0af462027ea2c93e6d88f5c83,vn:145-2020-nd-cp,,,,,,,,,194,fastembed-tokenizers:intfloat/multilingual-e5-large:document,192,194,2,512,0,False,False,"Điều 20.2.NĐ.3.99 — Bổ nhiệm trọng tài viên lao động Khoản: 2 Nguồn: NĐ 2. Trong thời hạn 10 ngày làm việc kể từ ngày nhận được hồ sơ đề cử người tham gia làm trọng tài viên lao động của Liên đoàn Lao động cấp tỉnh, tổ chức đại diện người s",,,,
371b92e7-4649-5afb-8e6a-1b9a79f01239,20.2.NĐ.3.99,Bổ nhiệm trọng tài viên lao động,clause,official-gazette-word:sha256:54600f4a809b341462c39f7ef4982f0e33bf21a0af462027ea2c93e6d88f5c83,vn:145-2020-nd-cp,,,,,,,,,153,fastembed-tokenizers:intfloat/multilingual-e5-large:document,151,153,2,512,0,False,False,"Điều 20.2.NĐ.3.99 — Bổ nhiệm trọng tài viên lao động Khoản: 3 Điểm: a, b, c, d, đ Nguồn: NĐ 3. Hồ sơ đề cử bao gồm: a) Văn bản đề nghị của cơ quan đề cử; b) Đơn đề nghị tham gia làm trọng tài viên lao động của người được đề cử; c) Sơ yếu lý",,,,
5846e5fe-25b8-5030-9157-96bb8d596e9e,20.2.NĐ.3.99,Bổ nhiệm trọng tài viên lao động,clause,official-gazette-word:sha256:54600f4a809b341462c39f7ef4982f0e33bf21a0af462027ea2c93e6d88f5c83,vn:145-2020-nd-cp,,,,,,,,,265,fastembed-tokenizers:intfloat/multilingual-e5-large:document,263,265,2,512,0,False,False,"Điều 20.2.NĐ.3.99 — Bổ nhiệm trọng tài viên lao động Khoản: 4 Nguồn: NĐ 4. Trong thời hạn 10 ngày làm việc kể từ ngày nhận được đề nghị của Sở Lao động - Thương binh và Xã hội, Chủ tịch Ủy ban nhân dân cấp tỉnh ra quyết định bổ nhiệm trọng",,,,
c948e561-8704-5aa9-9a5d-7ac10d0efec6,20.2.NĐ.3.100,Miễn nhiệm trọng tài viên lao động,article,official-gazette-word:sha256:54600f4a809b341462c39f7ef4982f0e33bf21a0af462027ea2c93e6d88f5c83,vn:145-2020-nd-cp,,,,,,,,,456,fastembed-tokenizers:intfloat/multilingual-e5-large:document,454,456,2,512,0,False,False,"Điều 20.2.NĐ.3.100 — Miễn nhiệm trọng tài viên lao động Nguồn: NĐ 1. Trọng tài viên lao động miễn nhiệm khi thuộc một trong các trường hợp sau: a) Có đơn xin thôi làm trọng tài viên lao động; b) Không đáp ứng đủ tiêu chuẩn, điều kiện theo q",,,,
523904fd-bcf0-50b2-95a9-bfcc99bc759f,20.2.NĐ.3.101,Thành lập Hội đồng trọng tài lao động,clause,official-gazette-word:sha256:54600f4a809b341462c39f7ef4982f0e33bf21a0af462027ea2c93e6d88f5c83,vn:145-2020-nd-cp,,,,,,,,,211,fastembed-tokenizers:intfloat/multilingual-e5-large:document,209,211,2,512,0,False,False,"Điều 20.2.NĐ.3.101 — Thành lập Hội đồng trọng tài lao động Khoản: 1 Điểm: a, b, c, d Nguồn: NĐ 1. Chủ tịch Ủy ban nhân dân cấp tỉnh quyết định thành lập Hội đồng trọng tài lao động với nhiệm kỳ 05 năm, bao gồm các trọng tài viên lao động đư",,,,
b4a7aaaa-3254-58dd-82c1-8d91f846f478,20.2.NĐ.3.101,Thành lập Hội đồng trọng tài lao động,clause,official-gazette-word:sha256:54600f4a809b341462c39f7ef4982f0e33bf21a0af462027ea2c93e6d88f5c83,vn:145-2020-nd-cp,,,,,,,,,220,fastembed-tokenizers:intfloat/multilingual-e5-large:document,218,220,2,512,0,False,False,"Điều 20.2.NĐ.3.101 — Thành lập Hội đồng trọng tài lao động Khoản: 2 Điểm: a, b, c, d, đ Nguồn: NĐ 2. Hội đồng trọng tài lao động có trách nhiệm: a) Giải quyết tranh chấp lao động theo quy định tại các Điều 189, 193 và 197 của Bộ luật Lao độ",,,,
aa4bf26e-129f-5a8d-99f8-a95029becb68,20.2.NĐ.3.101,Thành lập Hội đồng trọng tài lao động,clause,official-gazette-word:sha256:54600f4a809b341462c39f7ef4982f0e33bf21a0af462027ea2c93e6d88f5c83,vn:145-2020-nd-cp,,,,,,,,,231,fastembed-tokenizers:intfloat/multilingual-e5-large:document,229,231,2,512,0,False,False,"Điều 20.2.NĐ.3.101 — Thành lập Hội đồng trọng tài lao động Khoản: 3 Điểm: a, b, c, d Nguồn: NĐ 3. Chủ tịch Hội đồng trọng tài lao động có trách nhiệm: a) Ban hành quy chế hoạt động của Hội đồng trọng tài lao động sau khi lấy ý kiến Sở Lao đ",,,,
3ccd6cf5-9177-5251-bef8-e99b3dae7831,20.2.NĐ.3.101,Thành lập Hội đồng trọng tài lao động,clause,official-gazette-word:sha256:54600f4a809b341462c39f7ef4982f0e33bf21a0af462027ea2c93e6d88f5c83,vn:145-2020-nd-cp,,,,,,,,,248,fastembed-tokenizers:intfloat/multilingual-e5-large:document,246,248,2,512,0,False,False,"Điều 20.2.NĐ.3.101 — Thành lập Hội đồng trọng tài lao động Khoản: 4 Điểm: a, b, c, d, đ, e Nguồn: NĐ 4. Thư ký Hội đồng trọng tài lao động có trách nhiệm: a) Làm nhiệm vụ thường trực, thực hiện các công việc hành chính, tổ chức, hậu cần bảo",,,,
46d09c1c-910c-5dfb-a4b6-b2d5efd31514,20.2.NĐ.3.101,Thành lập Hội đồng trọng tài lao động,clause,official-gazette-word:sha256:54600f4a809b341462c39f7ef4982f0e33bf21a0af462027ea2c93e6d88f5c83,vn:145-2020-nd-cp,,,,,,,,,104,fastembed-tokenizers:intfloat/multilingual-e5-large:document,102,104,2,512,0,False,False,"Điều 20.2.NĐ.3.101 — Thành lập Hội đồng trọng tài lao động Khoản: 5 Điểm: a, b Nguồn: NĐ 5. Trọng tài viên lao động có trách nhiệm: a) Tham gia và thực hiện nhiệm vụ của Ban trọng tài lao động theo quy định tại Điều 102 Nghị định này; b) Th",,,,
134dac34-88bc-526c-9d21-53feb262dab2,20.2.NĐ.3.102,Thành lập và hoạt động của Ban trọng tài lao động,clause,official-gazette-word:sha256:54600f4a809b341462c39f7ef4982f0e33bf21a0af462027ea2c93e6d88f5c83,vn:145-2020-nd-cp,,,,,,,,,90,fastembed-tokenizers:intfloat/multilingual-e5-large:document,88,90,2,512,0,False,False,"Điều 20.2.NĐ.3.102 — Thành lập và hoạt động của Ban trọng tài lao động Khoản: 1 Nguồn: NĐ 1. Trong thời hạn 07 ngày làm việc kể từ ngày nhận được yêu cầu giải quyết tranh chấp lao động theo quy định tại các điểm a, b và c khoản 2 Điều 101 N",,,,
7e9afd64-c98b-5ec1-b78d-2d038cef333d,20.2.NĐ.3.102,Thành lập và hoạt động của Ban trọng tài lao động,clause,official-gazette-word:sha256:54600f4a809b341462c39f7ef4982f0e33bf21a0af462027ea2c93e6d88f5c83,vn:145-2020-nd-cp,,,,,,,,,201,fastembed-tokenizers:intfloat/multilingual-e5-large:document,199,201,2,512,0,False,False,"Điều 20.2.NĐ.3.102 — Thành lập và hoạt động của Ban trọng tài lao động Khoản: 2 Nguồn: NĐ 2. Thành phần Ban trọng tài lao động được xác định theo quy định tại các điểm a, b, và c khoản 4 Điều 185 của Bộ luật Lao động. Trường hợp một bên hoặ",,,,
4d2c1f6e-50b2-5390-8c0d-b1164b9dd315,20.2.NĐ.3.102,Thành lập và hoạt động của Ban trọng tài lao động,clause,official-gazette-word:sha256:54600f4a809b341462c39f7ef4982f0e33bf21a0af462027ea2c93e6d88f5c83,vn:145-2020-nd-cp,,,,,,,,,119,fastembed-tokenizers:intfloat/multilingual-e5-large:document,117,119,2,512,0,False,False,"Điều 20.2.NĐ.3.102 — Thành lập và hoạt động của Ban trọng tài lao động Khoản: 3 Nguồn: NĐ 3. Khi Ban trọng tài lao động được thành lập hoặc đang trong quá trình giải quyết tranh chấp, nếu có bằng chứng rõ ràng về việc trọng tài viên lao độn",,,,
5f0f5bc7-e9f5-54f2-bc28-1aeb948e4dd1,20.2.NĐ.3.102,Thành lập và hoạt động của Ban trọng tài lao động,clause,official-gazette-word:sha256:54600f4a809b341462c39f7ef4982f0e33bf21a0af462027ea2c93e6d88f5c83,vn:145-2020-nd-cp,,,,,,,,,345,fastembed-tokenizers:intfloat/multilingual-e5-large:document,343,345,2,512,0,False,False,"Điều 20.2.NĐ.3.102 — Thành lập và hoạt động của Ban trọng tài lao động Khoản: 4 Điểm: a, b, c Nguồn: NĐ 4. Trong thời hạn 30 ngày kể từ ngày thành lập, Ban trọng tài lao động có trách nhiệm: a) Tìm hiểu hồ sơ vụ việc, thu thập bằng chứng th",,,,
b488e2ea-31c5-5dfe-af41-d57b7c2a77b0,20.2.NĐ.3.102,Thành lập và hoạt động của Ban trọng tài lao động,clause,official-gazette-word:sha256:54600f4a809b341462c39f7ef4982f0e33bf21a0af462027ea2c93e6d88f5c83,vn:145-2020-nd-cp,,,,,,,,,367,fastembed-tokenizers:intfloat/multilingual-e5-large:document,365,367,2,512,0,False,False,"Điều 20.2.NĐ.3.102 — Thành lập và hoạt động của Ban trọng tài lao động Khoản: 5 Điểm: a, b, c, d Nguồn: NĐ 5. Trình tự tiến hành tổ chức cuộc họp giải quyết tranh chấp lao động theo quy định tại điểm b khoản 4 Điều này được thực hiện như sa",,,,
ca8a41e1-3f26-5bb3-9855-e5bd36e9d781,20.2.NĐ.3.103,"Chế độ, điều kiện hoạt động của trọng tài viên lao động, Hội đồng trọng tài lao động",clause,official-gazette-word:sha256:54600f4a809b341462c39f7ef4982f0e33bf21a0af462027ea2c93e6d88f5c83,vn:145-2020-nd-cp,,,,,,,,,386,fastembed-tokenizers:intfloat/multilingual-e5-large:document,384,386,2,512,0,False,False,"Điều 20.2.NĐ.3.103 — Chế độ, điều kiện hoạt động của trọng tài viên lao động, Hội đồng trọng tài lao động Khoản: 1 Điểm: a, b, c, d, đ, e Nguồn: NĐ 1. Trọng tài viên lao động được hưởng các chế độ: a) Mỗi ngày thực tế nghiên cứu hồ sơ vụ vi",,,,
afa99376-30c0-5c91-8e8e-9a5e5ed7567e,20.2.NĐ.3.103,"Chế độ, điều kiện hoạt động của trọng tài viên lao động, Hội đồng trọng tài lao động",clause,official-gazette-word:sha256:54600f4a809b341462c39f7ef4982f0e33bf21a0af462027ea2c93e6d88f5c83,vn:145-2020-nd-cp,,,,,,,,,192,fastembed-tokenizers:intfloat/multilingual-e5-large:document,190,192,2,512,0,False,False,"Điều 20.2.NĐ.3.103 — Chế độ, điều kiện hoạt động của trọng tài viên lao động, Hội đồng trọng tài lao động Khoản: 2 Nguồn: NĐ 2. Thư ký Hội đồng trọng tài lao động được hưởng phụ cấp trách nhiệm công việc mức 0,5 so với mức lương cơ sở theo",,,,
6a604e0a-7ada-52a4-a1ad-27b385ca4b60,20.2.NĐ.3.103,"Chế độ, điều kiện hoạt động của trọng tài viên lao động, Hội đồng trọng tài lao động",clause,official-gazette-word:sha256:54600f4a809b341462c39f7ef4982f0e33bf21a0af462027ea2c93e6d88f5c83,vn:145-2020-nd-cp,,,,,,,,,249,fastembed-tokenizers:intfloat/multilingual-e5-large:document,247,249,2,512,0,False,False,"Điều 20.2.NĐ.3.103 — Chế độ, điều kiện hoạt động của trọng tài viên lao động, Hội đồng trọng tài lao động Khoản: 3 Điểm: a, b, c Nguồn: NĐ 3. Điều kiện hoạt động của trọng tài viên lao động, Ban trọng tài lao động, Hội đồng trọng tài lao độ",,,,
9c63f987-b821-5fcc-966e-6fe819079048,20.2.NĐ.3.104,"Quản lý nhà nước đối với trọng tài viên lao động, Hội đồng trọng tài lao động",clause,official-gazette-word:sha256:54600f4a809b341462c39f7ef4982f0e33bf21a0af462027ea2c93e6d88f5c83,vn:145-2020-nd-cp,,,,,,,,,173,fastembed-tokenizers:intfloat/multilingual-e5-large:document,171,173,2,512,0,False,False,"Điều 20.2.NĐ.3.104 — Quản lý nhà nước đối với trọng tài viên lao động, Hội đồng trọng tài lao động Khoản: 1 Điểm: a, b, c Nguồn: NĐ 1. Bộ Lao động - Thương binh và Xã hội: a) Xây dựng, trình cơ quan có thẩm quyền ban hành hoặc ban hành theo",,,,
2959aaf3-afc0-5673-baaf-8bf9a1ee061d,20.2.NĐ.3.104,"Quản lý nhà nước đối với trọng tài viên lao động, Hội đồng trọng tài lao động",clause,official-gazette-word:sha256:54600f4a809b341462c39f7ef4982f0e33bf21a0af462027ea2c93e6d88f5c83,vn:145-2020-nd-cp,,,,,,,,,123,fastembed-tokenizers:intfloat/multilingual-e5-large:document,121,123,2,512,0,False,False,"Điều 20.2.NĐ.3.104 — Quản lý nhà nước đối với trọng tài viên lao động, Hội đồng trọng tài lao động Khoản: 2 Điểm: a, b Nguồn: NĐ 2. Chủ tịch Ủy ban nhân dân cấp tỉnh: a) Bổ nhiệm, miễn nhiệm trọng tài viên lao động, thành lập Hội đồng trọng",,,,
d4be9bc5-629f-5582-9649-228bb2199786,20.2.NĐ.3.104,"Quản lý nhà nước đối với trọng tài viên lao động, Hội đồng trọng tài lao động",clause,official-gazette-word:sha256:54600f4a809b341462c39f7ef4982f0e33bf21a0af462027ea2c93e6d88f5c83,vn:145-2020-nd-cp,,,,,,,,,356,fastembed-tokenizers:intfloat/multilingual-e5-large:document,354,356,2,512,0,False,False,"Điều 20.2.NĐ.3.104 — Quản lý nhà nước đối với trọng tài viên lao động, Hội đồng trọng tài lao động Khoản: 3 Điểm: a, b, c, d, đ, e Nguồn: NĐ 3. Sở Lao động - Thương binh và Xã hội: a) Thẩm định hồ sơ và đề nghị bổ nhiệm, miễn nhiệm trọng tà",,,,
95393806-3333-556b-8abe-94dc8067c802,20.2.NĐ.3.105,Danh mục nơi sử dụng lao động không được đình công,article,official-gazette-word:sha256:54600f4a809b341462c39f7ef4982f0e33bf21a0af462027ea2c93e6d88f5c83,vn:145-2020-nd-cp,,,,,,,,,87,fastembed-tokenizers:intfloat/multilingual-e5-large:document,85,87,2,512,0,False,False,"Điều 20.2.NĐ.3.105 — Danh mục nơi sử dụng lao động không được đình công Nguồn: NĐ Ban hành Danh mục nơi sử dụng lao động không được đình công gồm những doanh nghiệp, bộ phận doanh nghiệp mà việc đình công có thể đe dọa đến quốc phòng, an ni",,,,
d61885f6-e945-5d66-a706-68100db9801a,20.2.NĐ.3.106,"Giải quyết tranh chấp lao động cá nhân, tranh chấp lao động tập thể về quyền tại nơi sử dụng lao động không được đình công",article,official-gazette-word:sha256:54600f4a809b341462c39f7ef4982f0e33bf21a0af462027ea2c93e6d88f5c83,vn:145-2020-nd-cp,,,,,,,,,109,fastembed-tokenizers:intfloat/multilingual-e5-large:document,107,109,2,512,0,False,False,"Điều 20.2.NĐ.3.106 — Giải quyết tranh chấp lao động cá nhân, tranh chấp lao động tập thể về quyền tại nơi sử dụng lao động không được đình công Nguồn: NĐ 1. Tranh chấp lao động cá nhân được giải quyết theo quy định tại các Điều 187, 188, 18",,,,
2a6b3bc4-8727-57b5-a10f-e70e01483d11,20.2.NĐ.3.107,Giải quyết tranh chấp lao động tập thể về lợi ích tại nơi sử dụng lao động không được đình công,clause,official-gazette-word:sha256:54600f4a809b341462c39f7ef4982f0e33bf21a0af462027ea2c93e6d88f5c83,vn:145-2020-nd-cp,,,,,,,,,91,fastembed-tokenizers:intfloat/multilingual-e5-large:document,89,91,2,512,0,False,False,Điều 20.2.NĐ.3.107 — Giải quyết tranh chấp lao động tập thể về lợi ích tại nơi sử dụng lao động không được đình công Khoản: 1 Nguồn: NĐ 1. Tranh chấp lao động tập thể về lợi ích phải được giải quyết thông qua thủ tục hòa giải của hòa giải v,,,,
d060dbb0-9257-54a5-b1ed-6f7673b96e35,20.2.NĐ.3.107,Giải quyết tranh chấp lao động tập thể về lợi ích tại nơi sử dụng lao động không được đình công,clause,official-gazette-word:sha256:54600f4a809b341462c39f7ef4982f0e33bf21a0af462027ea2c93e6d88f5c83,vn:145-2020-nd-cp,,,,,,,,,189,fastembed-tokenizers:intfloat/multilingual-e5-large:document,187,189,2,512,0,False,False,"Điều 20.2.NĐ.3.107 — Giải quyết tranh chấp lao động tập thể về lợi ích tại nơi sử dụng lao động không được đình công Khoản: 2 Điểm: a, b Nguồn: NĐ 2. Giải quyết tranh chấp lao động tập thể về lợi ích của hòa giải viên lao động a) Giải quyết",,,,
2e4a5b9c-79ff-57e5-a070-8704d6b9618b,20.2.NĐ.3.107,Giải quyết tranh chấp lao động tập thể về lợi ích tại nơi sử dụng lao động không được đình công,clause,official-gazette-word:sha256:54600f4a809b341462c39f7ef4982f0e33bf21a0af462027ea2c93e6d88f5c83,vn:145-2020-nd-cp,,,,,,,,,255,fastembed-tokenizers:intfloat/multilingual-e5-large:document,253,255,2,512,0,False,False,"Điều 20.2.NĐ.3.107 — Giải quyết tranh chấp lao động tập thể về lợi ích tại nơi sử dụng lao động không được đình công Khoản: 3 Điểm: a, b Nguồn: NĐ 3. Giải quyết tranh chấp lao động tập thể về lợi ích của Hội đồng trọng tài lao động a) Giải",,,,
8653dbd2-6260-5dbf-965b-888f9b0a324e,20.2.NĐ.3.107,Giải quyết tranh chấp lao động tập thể về lợi ích tại nơi sử dụng lao động không được đình công,points,official-gazette-word:sha256:54600f4a809b341462c39f7ef4982f0e33bf21a0af462027ea2c93e6d88f5c83,vn:145-2020-nd-cp,,,,,,,,,357,fastembed-tokenizers:intfloat/multilingual-e5-large:document,355,357,2,512,0,False,False,"Điều 20.2.NĐ.3.107 — Giải quyết tranh chấp lao động tập thể về lợi ích tại nơi sử dụng lao động không được đình công Khoản: 4 Điểm: a, b Nguồn: NĐ 4. Giải quyết tranh chấp lao động tập thể về lợi ích của Chủ tịch Ủy ban nhân dân cấp tỉnh a)",,,,
cb945abd-72e6-5e6e-989a-ccff4d385da0,20.2.NĐ.3.107,Giải quyết tranh chấp lao động tập thể về lợi ích tại nơi sử dụng lao động không được đình công,points,official-gazette-word:sha256:54600f4a809b341462c39f7ef4982f0e33bf21a0af462027ea2c93e6d88f5c83,vn:145-2020-nd-cp,,,,,,,,,193,fastembed-tokenizers:intfloat/multilingual-e5-large:document,191,193,2,512,0,False,False,Điều 20.2.NĐ.3.107 — Giải quyết tranh chấp lao động tập thể về lợi ích tại nơi sử dụng lao động không được đình công Khoản: 4 Điểm: c Nguồn: NĐ 4. Giải quyết tranh chấp lao động tập thể về lợi ích của Chủ tịch Ủy ban nhân dân cấp tỉnh c) Tr,,,,
822956a2-f549-57d8-a3cb-de521eeb39c4,20.2.NĐ.3.108,Giải quyết tranh chấp liên quan đến quyền thương lượng tập thể tại nơi sử dụng lao động không được đình công,article,official-gazette-word:sha256:54600f4a809b341462c39f7ef4982f0e33bf21a0af462027ea2c93e6d88f5c83,vn:145-2020-nd-cp,,,,,,,,,102,fastembed-tokenizers:intfloat/multilingual-e5-large:document,100,102,2,512,0,False,False,Điều 20.2.NĐ.3.108 — Giải quyết tranh chấp liên quan đến quyền thương lượng tập thể tại nơi sử dụng lao động không được đình công Nguồn: NĐ Tranh chấp giữa các bên liên quan đến quyền thương lượng tập thể tại nơi sử dụng lao động không được,,,,
0d8587dc-21ca-5cdf-8d97-30ad82dea127,20.2.NĐ.3.109,"Các trường hợp hoãn, ngừng đình công",article,official-gazette-word:sha256:54600f4a809b341462c39f7ef4982f0e33bf21a0af462027ea2c93e6d88f5c83,vn:145-2020-nd-cp,,,,,,,,,424,fastembed-tokenizers:intfloat/multilingual-e5-large:document,422,424,2,512,0,False,False,"Điều 20.2.NĐ.3.109 — Các trường hợp hoãn, ngừng đình công Nguồn: NĐ 1. Hoãn đình công là việc Chủ tịch Ủy ban nhân dân cấp tỉnh ra quyết định lùi thời điểm bắt đầu cuộc đình công đã ấn định trong quyết định đình công của tổ chức đại diện ng",,,,
fd75d8c1-730d-5a7c-88de-39eed5831e5b,20.2.NĐ.3.110,"Trình tự, thủ tục thực hiện hoãn đình công",article,official-gazette-word:sha256:54600f4a809b341462c39f7ef4982f0e33bf21a0af462027ea2c93e6d88f5c83,vn:145-2020-nd-cp,,,,,,,,,332,fastembed-tokenizers:intfloat/multilingual-e5-large:document,330,332,2,512,0,False,False,"Điều 20.2.NĐ.3.110 — Trình tự, thủ tục thực hiện hoãn đình công Nguồn: NĐ 1. Trong thời hạn 24 giờ kể từ khi nhận được quyết định đình công của tổ chức đại diện người lao động tại cơ sở có quyền tổ chức và lãnh đạo đình công, Giám đốc Sở La",,,,
3b9e6042-ca8c-5354-b0a2-16a9821949d5,20.2.NĐ.3.111,"Trình tự, thủ tục thực hiện ngừng đình công",article,official-gazette-word:sha256:54600f4a809b341462c39f7ef4982f0e33bf21a0af462027ea2c93e6d88f5c83,vn:145-2020-nd-cp,,,,,,,,,102,fastembed-tokenizers:intfloat/multilingual-e5-large:document,100,102,2,512,0,False,False,"Điều 20.2.NĐ.3.111 — Trình tự, thủ tục thực hiện ngừng đình công Nguồn: NĐ 4. Trong thời hạn 12 giờ kể từ khi Chủ tịch Ủy ban nhân dân cấp tỉnh ra quyết định ngừng đình công, tổ chức đại diện người lao động tại cơ sở có quyền tổ chức và lãn",,,,
d937673d-cf51-5aa7-906a-63ce9fc21a0c,20.2.NĐ.3.113,"Quyền, trách nhiệm của người lao động khi ngừng đình công",article,official-gazette-word:sha256:54600f4a809b341462c39f7ef4982f0e33bf21a0af462027ea2c93e6d88f5c83,vn:145-2020-nd-cp,,,,,,,,,137,fastembed-tokenizers:intfloat/multilingual-e5-large:document,135,137,2,512,0,False,False,"Điều 20.2.NĐ.3.113 — Quyền, trách nhiệm của người lao động khi ngừng đình công Nguồn: NĐ 1. Sau khi Chủ tịch Ủy ban nhân dân cấp tỉnh quyết định về việc ngừng đình công, người lao động phải trở lại làm việc và được trả lương. 2. Sau khi Chủ",,,,
a81a32d4-95d8-5544-ab33-24701a7b2220,20.2.NĐ.3.114,Hiệu lực thi hành,clause,official-gazette-word:sha256:54600f4a809b341462c39f7ef4982f0e33bf21a0af462027ea2c93e6d88f5c83,vn:145-2020-nd-cp,,,,,,,,,40,fastembed-tokenizers:intfloat/multilingual-e5-large:document,38,40,2,512,0,False,False,Điều 20.2.NĐ.3.114 — Hiệu lực thi hành Khoản: 1 Nguồn: NĐ 1. Nghị định này có hiệu lực thi hành kể từ ngày 01 tháng 02 năm 2021.,,,,
fdac2967-19b7-5a30-8226-ab3e1e2d0cde,20.2.NĐ.3.114,Hiệu lực thi hành,points,official-gazette-word:sha256:54600f4a809b341462c39f7ef4982f0e33bf21a0af462027ea2c93e6d88f5c83,vn:145-2020-nd-cp,,,,,,,,,454,fastembed-tokenizers:intfloat/multilingual-e5-large:document,452,454,2,512,0,False,False,"Điều 20.2.NĐ.3.114 — Hiệu lực thi hành Khoản: 2 Điểm: a, b, c, d, đ Nguồn: NĐ 2. Kể từ ngày Nghị định này có hiệu lực thi hành, các Nghị định sau đây hết hiệu lực thi hành: a) Nghị định số 03/2014/NĐ-CP ngày 16 tháng 01 năm 2014 của Chính p",,,,
67ce2609-c76a-5ac7-a809-43c838ebca22,20.2.NĐ.3.114,Hiệu lực thi hành,points,official-gazette-word:sha256:54600f4a809b341462c39f7ef4982f0e33bf21a0af462027ea2c93e6d88f5c83,vn:145-2020-nd-cp,,,,,,,,,312,fastembed-tokenizers:intfloat/multilingual-e5-large:document,310,312,2,512,0,False,False,"Điều 20.2.NĐ.3.114 — Hiệu lực thi hành Khoản: 2 Điểm: e, g, h, i, k Nguồn: NĐ 2. Kể từ ngày Nghị định này có hiệu lực thi hành, các Nghị định sau đây hết hiệu lực thi hành: e) Nghị định số 45/2013/NĐ-CP ngày 10 tháng 5 năm 2013 của Chính ph",,,,
28bd2cbf-e7f6-54f5-8a74-2db1b6662d32,20.2.NĐ.3.114,Hiệu lực thi hành,clause,official-gazette-word:sha256:54600f4a809b341462c39f7ef4982f0e33bf21a0af462027ea2c93e6d88f5c83,vn:145-2020-nd-cp,,,,,,,,,107,fastembed-tokenizers:intfloat/multilingual-e5-large:document,105,107,2,512,0,False,False,Điều 20.2.NĐ.3.114 — Hiệu lực thi hành Khoản: 3 Nguồn: NĐ 3. Các doanh nghiệp cho thuê lại lao động đã được cấp giấy phép hoạt động cho thuê lại lao động trước ngày Nghị định này có hiệu lực thi hành thì tiếp tục thực hiện hoạt động cho thu,,,,
69c03ac5-a776-5811-87c2-8c55897c5df1,20.2.NĐ.3.114,Hiệu lực thi hành,clause,official-gazette-word:sha256:54600f4a809b341462c39f7ef4982f0e33bf21a0af462027ea2c93e6d88f5c83,vn:145-2020-nd-cp,,,,,,,,,306,fastembed-tokenizers:intfloat/multilingual-e5-large:document,304,306,2,512,0,False,False,"Điều 20.2.NĐ.3.114 — Hiệu lực thi hành Khoản: 4 Nguồn: NĐ 4. Người sử dụng lao động sử dụng dưới 10 người lao động thì không phải tổ chức hội nghị người lao động và ban hành quy chế dân chủ ở cơ sở tại nơi làm việc quy định tại Điều 47, Điề",,,,
a5f043e9-25ef-526e-a534-df460b4e9de8,20.2.NĐ.3.114,Hiệu lực thi hành,clause,official-gazette-word:sha256:54600f4a809b341462c39f7ef4982f0e33bf21a0af462027ea2c93e6d88f5c83,vn:145-2020-nd-cp,,,,,,,,,93,fastembed-tokenizers:intfloat/multilingual-e5-large:document,91,93,2,512,0,False,False,"Điều 20.2.NĐ.3.114 — Hiệu lực thi hành Khoản: 5 Nguồn: NĐ 5. Chế độ thời giờ làm việc, thời giờ nghỉ ngơi đối với cán bộ, công chức, viên chức, người thuộc lực lượng Quân đội nhân dân, Công an nhân dân do các văn bản pháp luật khác quy định",,,,
70b8dec2-b75d-5add-97f1-d920299081fd,20.2.NĐ.3.114,Hiệu lực thi hành,clause,official-gazette-word:sha256:54600f4a809b341462c39f7ef4982f0e33bf21a0af462027ea2c93e6d88f5c83,vn:145-2020-nd-cp,,,,,,,,,95,fastembed-tokenizers:intfloat/multilingual-e5-large:document,93,95,2,512,0,False,False,Điều 20.2.NĐ.3.114 — Hiệu lực thi hành Khoản: 6 Nguồn: NĐ 6. Hòa giải viên lao động được bổ nhiệm trước ngày Nghị định này có hiệu lực thi hành mà đang trong thời gian bổ nhiệm thì tiếp tục làm hòa giải viên lao động cho đến hết thời hạn đư,,,,
6e0ccbc4-c90e-5639-ae74-521285850000,20.2.NĐ.3.114,Hiệu lực thi hành,clause,official-gazette-word:sha256:54600f4a809b341462c39f7ef4982f0e33bf21a0af462027ea2c93e6d88f5c83,vn:145-2020-nd-cp,,,,,,,,,54,fastembed-tokenizers:intfloat/multilingual-e5-large:document,52,54,2,512,0,False,False,"Điều 20.2.NĐ.3.114 — Hiệu lực thi hành Khoản: 7 Nguồn: NĐ 7. Trường hợp các văn bản được viện dẫn tại Nghị định này được sửa đổi, bổ sung, thay thế thì thực hiện theo văn bản mới ban hành.",,,,
ed4fcbc0-f242-5877-b83b-a4434ce23960,20.2.NĐ.3.115,Trách nhiệm thi hành,article,official-gazette-word:sha256:54600f4a809b341462c39f7ef4982f0e33bf21a0af462027ea2c93e6d88f5c83,vn:145-2020-nd-cp,,,,,,,,,80,fastembed-tokenizers:intfloat/multilingual-e5-large:document,78,80,2,512,0,False,False,"Điều 20.2.NĐ.3.115 — Trách nhiệm thi hành Nguồn: NĐ Các Bộ trưởng, Thủ trưởng cơ quan ngang Bộ, Thủ trưởng cơ quan thuộc Chính phủ, Chủ tịch Ủy ban nhân dân tỉnh, thành phố trực thuộc Trung ương và các cơ quan, doanh nghiệp, tổ chức và cá n",,,,
0811404e-600d-553c-a838-c8e2cd2913de,20.2.NĐ.4.22,"Thẩm quyền tuyển dụng, quản lý người lao động Việt Nam làm việc cho tổ chức, cá nhân nước ngoài",article,official-gazette-word:sha256:afe57922569d4fefde77937474553c619ff96bb1adc1494aeeac61975d68850e,vn:152-2020-nd-cp,,,,,,,,,342,fastembed-tokenizers:intfloat/multilingual-e5-large:document,340,342,2,512,0,False,False,"Điều 20.2.NĐ.4.22 — Thẩm quyền tuyển dụng, quản lý người lao động Việt Nam làm việc cho tổ chức, cá nhân nước ngoài Nguồn: NĐ 1. Tổ chức có thẩm quyền tuyển dụng, quản lý người lao động Việt Nam làm việc cho tổ chức, cá nhân nước ngoài (sau",,,,
edb58bcd-79d7-53e1-bb4f-bc13092f3342,20.2.NĐ.4.23,Hồ sơ đăng ký dự tuyển của người lao động Việt Nam,article,official-gazette-word:sha256:afe57922569d4fefde77937474553c619ff96bb1adc1494aeeac61975d68850e,vn:152-2020-nd-cp,,,,,,,,,241,fastembed-tokenizers:intfloat/multilingual-e5-large:document,239,241,2,512,0,False,False,Điều 20.2.NĐ.4.23 — Hồ sơ đăng ký dự tuyển của người lao động Việt Nam Nguồn: NĐ 1. Phiếu đăng ký dự tuyển lao động theo Mẫu số 01/PLII Phụ lục II ban hành kèm theo Nghị định này. 2. Bản sao có chứng thực của một trong các giấy tờ sau: giấy,,,,
e4f538da-225d-5f39-9d19-0216b8d10fda,20.2.NĐ.4.24,"Trình tự, thủ tục tuyển dụng người lao động Việt Nam làm việc cho tổ chức, cá nhân nước ngoài",clause,official-gazette-word:sha256:afe57922569d4fefde77937474553c619ff96bb1adc1494aeeac61975d68850e,vn:152-2020-nd-cp,,,,,,,,,110,fastembed-tokenizers:intfloat/multilingual-e5-large:document,108,110,2,512,0,False,False,"Điều 20.2.NĐ.4.24 — Trình tự, thủ tục tuyển dụng người lao động Việt Nam làm việc cho tổ chức, cá nhân nước ngoài Khoản: 1 Nguồn: NĐ 1. Khi có nhu cầu sử dụng người lao động Việt Nam, tổ chức, cá nhân nước ngoài trực tiếp tuyển dụng h",,,,
e8ffedf8-27fd-5cc4-bfb4-bc03688f3408,20.2.NĐ.4.24,"Trình tự, thủ tục tuyển dụng người lao động Việt Nam làm việc cho tổ chức, cá nhân nước ngoài",clause,official-gazette-word:sha256:afe57922569d4fefde77937474553c619ff96bb1adc1494aeeac61975d68850e,vn:152-2020-nd-cp,,,,,,,,,314,fastembed-tokenizers:intfloat/multilingual-e5-large:document,312,314,2,512,0,False,False,"Điều 20.2.NĐ.4.24 — Trình tự, thủ tục tuyển dụng người lao động Việt Nam làm việc cho tổ chức, cá nhân nước ngoài Khoản: 2 Nguồn: NĐ 2. Trường hợp tuyển dụng thông qua tổ chức có thẩm quyền tuyển dụng, quản lý người lao động Việt Nam thì tổ",,,,
619715bb-8743-51c1-9179-ec201f69fbc1,20.2.NĐ.4.24,"Trình tự, thủ tục tuyển dụng người lao động Việt Nam làm việc cho tổ chức, cá nhân nước ngoài",clause,official-gazette-word:sha256:afe57922569d4fefde77937474553c619ff96bb1adc1494aeeac61975d68850e,vn:152-2020-nd-cp,,,,,,,,,159,fastembed-tokenizers:intfloat/multilingual-e5-large:document,157,159,2,512,0,False,False,"Điều 20.2.NĐ.4.24 — Trình tự, thủ tục tuyển dụng người lao động Việt Nam làm việc cho tổ chức, cá nhân nước ngoài Khoản: 3 Nguồn: NĐ 3. Trong thời hạn 07 ngày làm việc, kể từ ngày ký kết hợp đồng lao động với người lao động Việt Nam thì tổ",,,,
4a382da2-dbfb-5d2d-b651-669b057f466b,20.2.NĐ.4.25,"Trách nhiệm của người lao động Việt Nam khi làm việc cho tổ chức, cá nhân nước ngoài",article,official-gazette-word:sha256:afe57922569d4fefde77937474553c619ff96bb1adc1494aeeac61975d68850e,vn:152-2020-nd-cp,,,,,,,,,110,fastembed-tokenizers:intfloat/multilingual-e5-large:document,108,110,2,512,0,False,False,"Điều 20.2.NĐ.4.25 — Trách nhiệm của người lao động Việt Nam khi làm việc cho tổ chức, cá nhân nước ngoài Nguồn: NĐ 1. Tuân thủ pháp luật về lao động của Việt Nam. 2. Thực hiện đúng các điều khoản của hợp đồng lao động đã ký kết với tổ chức,",,,,
eade5b8a-3ca8-5c2b-a04b-b3ce3fd41783,20.2.NĐ.4.26,"Trách nhiệm của tổ chức, cá nhân nước ngoài tại Việt Nam khi sử dụng người lao động Việt Nam",article,official-gazette-word:sha256:afe57922569d4fefde77937474553c619ff96bb1adc1494aeeac61975d68850e,vn:152-2020-nd-cp,,,,,,,,,308,fastembed-tokenizers:intfloat/multilingual-e5-large:document,306,308,2,512,0,False,False,"Điều 20.2.NĐ.4.26 — Trách nhiệm của tổ chức, cá nhân nước ngoài tại Việt Nam khi sử dụng người lao động Việt Nam Nguồn: NĐ 1. Thực hiện đúng quy định của Bộ luật Lao động và các quy định hiện hành. 2. Thực hiện đúng hợp đồng lao động đã ký",,,,
8e26df83-7cfb-5bd2-921e-a49ad8a90809,20.2.NĐ.4.27,"Trách nhiệm của tổ chức có thẩm quyền tuyển dụng, quản lý người lao động Việt Nam",article,official-gazette-word:sha256:afe57922569d4fefde77937474553c619ff96bb1adc1494aeeac61975d68850e,vn:152-2020-nd-cp,,,,,,,,,434,fastembed-tokenizers:intfloat/multilingual-e5-large:document,432,434,2,512,0,False,False,"Điều 20.2.NĐ.4.27 — Trách nhiệm của tổ chức có thẩm quyền tuyển dụng, quản lý người lao động Việt Nam Nguồn: NĐ 1. Tiếp nhận hồ sơ đăng ký dự tuyển của người lao động Việt Nam và văn bản đề nghị tuyển người lao động Việt Nam của tổ chức,",,,,
fff574c9-d7bb-5a48-b0c4-999b5c87e48d,20.2.NĐ.4.28,"Trách nhiệm của tổ chức dịch vụ việc làm, doanh nghiệp cho thuê lại lao động",article,official-gazette-word:sha256:afe57922569d4fefde77937474553c619ff96bb1adc1494aeeac61975d68850e,vn:152-2020-nd-cp,,,,,,,,,166,fastembed-tokenizers:intfloat/multilingual-e5-large:document,164,166,2,512,0,False,False,"Điều 20.2.NĐ.4.28 — Trách nhiệm của tổ chức dịch vụ việc làm, doanh nghiệp cho thuê lại lao động Nguồn: NĐ Trước ngày 15 tháng 12 hằng năm hoặc đột xuất khi có yêu cầu, tổ chức dịch vụ việc làm, doanh nghiệp cho thuê lại lao động báo cáo tì",,,,
4d6b0e20-ae7d-53a2-928f-ade1e1a706fe,20.2.NĐ.6.1,Phạm vi điều chỉnh,article,official-gazette-word:sha256:7f9cd102398471aaae5be900f6a078902d8cb5392d12f380cd2ac8d0cb22a20b,vn:97-2022-nd-cp,,,,,,,,,191,fastembed-tokenizers:intfloat/multilingual-e5-large:document,189,191,2,512,0,False,False,Điều 20.2.NĐ.6.1 — Phạm vi điều chỉnh Nguồn: NĐ Nghị định này quy định chính sách đối với người lao động dôi dư trong công ty trách nhiệm hữu hạn một thành viên do Nhà nước nắm giữ 100% vốn điều lệ (gồm: công ty mẹ của tập đoàn kinh tế nhà,,,,
e8df1038-63c8-5da5-ae8e-549200391714,20.2.NĐ.6.2,Đối tượng áp dụng,points,official-gazette-word:sha256:7f9cd102398471aaae5be900f6a078902d8cb5392d12f380cd2ac8d0cb22a20b,vn:97-2022-nd-cp,,,,,,,,,456,fastembed-tokenizers:intfloat/multilingual-e5-large:document,454,456,2,512,0,False,False,"Điều 20.2.NĐ.6.2 — Đối tượng áp dụng Khoản: 1 Điểm: a, b, c, d Nguồn: NĐ 1. Người lao động dôi dư trong doanh nghiệp thực hiện sắp xếp lại quy định tại Điều 1 Nghị định này, bao gồm: a) Người lao động làm việc theo hợp đồng lao động, có tên",,,,
da0748b0-5266-5612-a962-62e3598c9c44,20.2.NĐ.6.2,Đối tượng áp dụng,points,official-gazette-word:sha256:7f9cd102398471aaae5be900f6a078902d8cb5392d12f380cd2ac8d0cb22a20b,vn:97-2022-nd-cp,,,,,,,,,214,fastembed-tokenizers:intfloat/multilingual-e5-large:document,212,214,2,512,0,False,False,"Điều 20.2.NĐ.6.2 — Đối tượng áp dụng Khoản: 1 Điểm: đ Nguồn: NĐ 1. Người lao động dôi dư trong doanh nghiệp thực hiện sắp xếp lại quy định tại Điều 1 Nghị định này, bao gồm: đ) Người lao động làm việc theo hợp đồng lao động, được doanh nghi",,,,
be7e0f08-1abe-520c-aaf8-b87768b15321,20.2.NĐ.6.2,Đối tượng áp dụng,clause,official-gazette-word:sha256:7f9cd102398471aaae5be900f6a078902d8cb5392d12f380cd2ac8d0cb22a20b,vn:97-2022-nd-cp,,,,,,,,,40,fastembed-tokenizers:intfloat/multilingual-e5-large:document,38,40,2,512,0,False,False,Điều 20.2.NĐ.6.2 — Đối tượng áp dụng Khoản: 2 Nguồn: NĐ 2. Doanh nghiệp thực hiện sắp xếp lại theo quy định tại Điều 1 Nghị định này.,,,,
53d818dc-8a7e-5196-96f2-86858bc43c44,20.2.NĐ.6.2,Đối tượng áp dụng,clause,official-gazette-word:sha256:7f9cd102398471aaae5be900f6a078902d8cb5392d12f380cd2ac8d0cb22a20b,vn:97-2022-nd-cp,,,,,,,,,39,fastembed-tokenizers:intfloat/multilingual-e5-large:document,37,39,2,512,0,False,False,Điều 20.2.NĐ.6.2 — Đối tượng áp dụng Khoản: 3 Nguồn: NĐ 3. Cơ quan đại diện chủ sở hữu của doanh nghiệp thực hiện sắp xếp lại.,,,,
1fd2222e-296b-592d-bd1c-e5c63ba16d62,20.2.NĐ.6.2,Đối tượng áp dụng,clause,official-gazette-word:sha256:7f9cd102398471aaae5be900f6a078902d8cb5392d12f380cd2ac8d0cb22a20b,vn:97-2022-nd-cp,,,,,,,,,47,fastembed-tokenizers:intfloat/multilingual-e5-large:document,45,47,2,512,0,False,False,"Điều 20.2.NĐ.6.2 — Đối tượng áp dụng Khoản: 4 Nguồn: NĐ 4. Các cơ quan, tổ chức, cá nhân khác có liên quan đến việc thực hiện quy định tại Nghị định này.",,,,
2fea9676-1539-5b17-8547-f60913d8b047,20.2.NĐ.6.3,Chính sách đối với người lao động dôi dư được tuyển dụng lần cuối cùng trước ngày 21 tháng 4 năm 1998 hoặc trước ngày 26 tháng 4 năm 2002,clause,official-gazette-word:sha256:7f9cd102398471aaae5be900f6a078902d8cb5392d12f380cd2ac8d0cb22a20b,vn:97-2022-nd-cp,,,,,,,,,301,fastembed-tokenizers:intfloat/multilingual-e5-large:document,299,301,2,512,0,False,False,"Điều 20.2.NĐ.6.3 — Chính sách đối với người lao động dôi dư được tuyển dụng lần cuối cùng trước ngày 21 tháng 4 năm 1998 hoặc trước ngày 26 tháng 4 năm 2002 Khoản: 1 Điểm: a, b, c Nguồn: NĐ Người lao động dôi dư quy định tại điểm a và b kho",,,,
52a957f3-ea3c-557a-98ba-561a33455611,20.2.NĐ.6.3,Chính sách đối với người lao động dôi dư được tuyển dụng lần cuối cùng trước ngày 21 tháng 4 năm 1998 hoặc trước ngày 26 tháng 4 năm 2002,clause,official-gazette-word:sha256:7f9cd102398471aaae5be900f6a078902d8cb5392d12f380cd2ac8d0cb22a20b,vn:97-2022-nd-cp,,,,,,,,,176,fastembed-tokenizers:intfloat/multilingual-e5-large:document,174,176,2,512,0,False,False,"Điều 20.2.NĐ.6.3 — Chính sách đối với người lao động dôi dư được tuyển dụng lần cuối cùng trước ngày 21 tháng 4 năm 1998 hoặc trước ngày 26 tháng 4 năm 2002 Khoản: 2 Điểm: a, b Nguồn: NĐ 2. Người lao động dôi dư có tuổi thấp hơn dưới 01 tuổ",,,,
d29b851b-8a78-5927-b013-13d8695fbc85,20.2.NĐ.6.3,Chính sách đối với người lao động dôi dư được tuyển dụng lần cuối cùng trước ngày 21 tháng 4 năm 1998 hoặc trước ngày 26 tháng 4 năm 2002,clause,official-gazette-word:sha256:7f9cd102398471aaae5be900f6a078902d8cb5392d12f380cd2ac8d0cb22a20b,vn:97-2022-nd-cp,,,,,,,,,209,fastembed-tokenizers:intfloat/multilingual-e5-large:document,207,209,2,512,0,False,False,Điều 20.2.NĐ.6.3 — Chính sách đối với người lao động dôi dư được tuyển dụng lần cuối cùng trước ngày 21 tháng 4 năm 1998 hoặc trước ngày 26 tháng 4 năm 2002 Khoản: 3 Nguồn: NĐ 3. Người lao động dôi dư đủ tuổi nghỉ hưu theo quy định tại khoả,,,,
acbbf8a2-3f18-5d7a-ba25-bf3712817ea9,20.2.NĐ.6.3,Chính sách đối với người lao động dôi dư được tuyển dụng lần cuối cùng trước ngày 21 tháng 4 năm 1998 hoặc trước ngày 26 tháng 4 năm 2002,clause,official-gazette-word:sha256:7f9cd102398471aaae5be900f6a078902d8cb5392d12f380cd2ac8d0cb22a20b,vn:97-2022-nd-cp,,,,,,,,,230,fastembed-tokenizers:intfloat/multilingual-e5-large:document,228,230,2,512,0,False,False,"Điều 20.2.NĐ.6.3 — Chính sách đối với người lao động dôi dư được tuyển dụng lần cuối cùng trước ngày 21 tháng 4 năm 1998 hoặc trước ngày 26 tháng 4 năm 2002 Khoản: 4 Điểm: a, b Nguồn: NĐ 4. Người lao động dôi dư quy định tại điểm a khoản 1",,,,
bf22a349-3a13-5394-a9ac-c64a09916bfd,20.2.NĐ.6.3,Chính sách đối với người lao động dôi dư được tuyển dụng lần cuối cùng trước ngày 21 tháng 4 năm 1998 hoặc trước ngày 26 tháng 4 năm 2002,clause,official-gazette-word:sha256:7f9cd102398471aaae5be900f6a078902d8cb5392d12f380cd2ac8d0cb22a20b,vn:97-2022-nd-cp,,,,,,,,,169,fastembed-tokenizers:intfloat/multilingual-e5-large:document,167,169,2,512,0,False,False,"Điều 20.2.NĐ.6.3 — Chính sách đối với người lao động dôi dư được tuyển dụng lần cuối cùng trước ngày 21 tháng 4 năm 1998 hoặc trước ngày 26 tháng 4 năm 2002 Khoản: 5 Điểm: a, b Nguồn: NĐ 5. Người lao động dôi dư quy định tại điểm b khoản 1",,,,
08adcfe2-d0c8-5092-90ca-7804d6221910,20.2.NĐ.6.4,Chính sách đối với người lao động dôi dư được tuyển dụng lần cuối cùng từ ngày 21 tháng 4 năm 1998 hoặc từ ngày 26 tháng 4 năm 2002 trở về sau,article,official-gazette-word:sha256:7f9cd102398471aaae5be900f6a078902d8cb5392d12f380cd2ac8d0cb22a20b,vn:97-2022-nd-cp,,,,,,,,,197,fastembed-tokenizers:intfloat/multilingual-e5-large:document,195,197,2,512,0,False,False,Điều 20.2.NĐ.6.4 — Chính sách đối với người lao động dôi dư được tuyển dụng lần cuối cùng từ ngày 21 tháng 4 năm 1998 hoặc từ ngày 26 tháng 4 năm 2002 trở về sau Nguồn: NĐ Người lao động dôi dư quy định tại điểm c và d khoản 1 Điều 2 Nghị đ,,,,
9a4d3e27-142b-5c17-bad1-69d97d6ebd70,20.2.NĐ.6.5,Chính sách đối với người đại diện phần vốn của doanh nghiệp,article,official-gazette-word:sha256:7f9cd102398471aaae5be900f6a078902d8cb5392d12f380cd2ac8d0cb22a20b,vn:97-2022-nd-cp,,,,,,,,,156,fastembed-tokenizers:intfloat/multilingual-e5-large:document,154,156,2,512,0,False,False,Điều 20.2.NĐ.6.5 — Chính sách đối với người đại diện phần vốn của doanh nghiệp Nguồn: NĐ 1. Người đại diện phần vốn của doanh nghiệp quy định tại điểm đ khoản 1 Điều 2 Nghị định này được tuyển dụng lần cuối cùng vào doanh nghiệp thực hiện s,,,,
66161d78-975e-5808-9ecb-753bbf7b8529,20.2.NĐ.6.6,Thời gian làm việc để làm căn cứ tính chế độ,article,official-gazette-word:sha256:7f9cd102398471aaae5be900f6a078902d8cb5392d12f380cd2ac8d0cb22a20b,vn:97-2022-nd-cp,,,,,,,,,331,fastembed-tokenizers:intfloat/multilingual-e5-large:document,329,331,2,512,0,False,False,Điều 20.2.NĐ.6.6 — Thời gian làm việc để làm căn cứ tính chế độ Nguồn: NĐ 1. Thời gian làm việc có đóng bảo hiểm xã hội làm căn cứ tính khoản tiền hỗ trợ quy định tại điểm c khoản 1 và điểm b khoản 2 Điều 3 Nghị định này là thời gian tính h,,,,
791ce957-3903-5f5c-84aa-d64074eb92b5,20.2.NĐ.6.7,Tiền lương làm căn cứ tính chế độ,article,official-gazette-word:sha256:7f9cd102398471aaae5be900f6a078902d8cb5392d12f380cd2ac8d0cb22a20b,vn:97-2022-nd-cp,,,,,,,,,238,fastembed-tokenizers:intfloat/multilingual-e5-large:document,236,238,2,512,0,False,False,Điều 20.2.NĐ.6.7 — Tiền lương làm căn cứ tính chế độ Nguồn: NĐ 1. Tiền lương làm căn cứ tính trợ cấp quy định tại điểm b khoản 1 Điều 3 Nghị định này là tiền lương tháng đóng bảo hiểm xã hội tính bình quân của 05 năm cuối cùng trước khi ngh,,,,
7c442683-fb44-57f8-ae73-31d2d129dc6f,20.2.NĐ.6.8,Nguồn kinh phí thực hiện chính sách đối với người lao động dôi dư,clause,official-gazette-word:sha256:7f9cd102398471aaae5be900f6a078902d8cb5392d12f380cd2ac8d0cb22a20b,vn:97-2022-nd-cp,,,,,,,,,359,fastembed-tokenizers:intfloat/multilingual-e5-large:document,357,359,2,512,0,False,False,"Điều 20.2.NĐ.6.8 — Nguồn kinh phí thực hiện chính sách đối với người lao động dôi dư Khoản: 1 Điểm: a, b, c Nguồn: NĐ 1. Nguồn kinh phí thực hiện chính sách đối với người lao động dôi dư quy định tại Điều 3 và người đại diện phần vốn của do",,,,
3d89247d-b3a5-5788-a96e-159b17a0e7d9,20.2.NĐ.6.8,Nguồn kinh phí thực hiện chính sách đối với người lao động dôi dư,clause,official-gazette-word:sha256:7f9cd102398471aaae5be900f6a078902d8cb5392d12f380cd2ac8d0cb22a20b,vn:97-2022-nd-cp,,,,,,,,,217,fastembed-tokenizers:intfloat/multilingual-e5-large:document,215,217,2,512,0,False,False,"Điều 20.2.NĐ.6.8 — Nguồn kinh phí thực hiện chính sách đối với người lao động dôi dư Khoản: 2 Điểm: a, b Nguồn: NĐ 2. Nguồn kinh phí thực hiện chính sách đối với người lao động dôi dư quy định tại Điều 4 và người đại diện phần vốn của doanh",,,,
6a1ea8ed-3e8a-5f0e-8b75-ea0e3591e2e2,20.2.NĐ.6.9,Trách nhiệm của doanh nghiệp thực hiện sắp xếp lại,article,official-gazette-word:sha256:7f9cd102398471aaae5be900f6a078902d8cb5392d12f380cd2ac8d0cb22a20b,vn:97-2022-nd-cp,,,,,,,,,396,fastembed-tokenizers:intfloat/multilingual-e5-large:document,394,396,2,512,0,False,False,"Điều 20.2.NĐ.6.9 — Trách nhiệm của doanh nghiệp thực hiện sắp xếp lại Nguồn: NĐ 1. Tổ chức tuyên truyền, phổ biến chính sách lao động dôi dư đến người lao động trong doanh nghiệp trước và trong quá trình xây dựng phương án sử dụng lao động.",,,,
3fbedeb2-2c89-5de0-8196-06908dc97f51,20.2.NĐ.6.10,Trách nhiệm của doanh nghiệp sau khi sắp xếp lại,article,official-gazette-word:sha256:7f9cd102398471aaae5be900f6a078902d8cb5392d12f380cd2ac8d0cb22a20b,vn:97-2022-nd-cp,,,,,,,,,145,fastembed-tokenizers:intfloat/multilingual-e5-large:document,143,145,2,512,0,False,False,"Điều 20.2.NĐ.6.10 — Trách nhiệm của doanh nghiệp sau khi sắp xếp lại Nguồn: NĐ 1. Thực hiện phương án sử dụng lao động đã được phê duyệt; bố trí sử dụng lao động phù hợp với tình hình sản xuất, kinh doanh. 2. Trả trợ cấp thôi việc, trợ cấp",,,,
444f56d6-6255-55a6-b68c-0bb8d10b7b99,20.2.NĐ.6.11,"Trách nhiệm của cơ quan, tổ chức",clause,official-gazette-word:sha256:7f9cd102398471aaae5be900f6a078902d8cb5392d12f380cd2ac8d0cb22a20b,vn:97-2022-nd-cp,,,,,,,,,102,fastembed-tokenizers:intfloat/multilingual-e5-large:document,100,102,2,512,0,False,False,"Điều 20.2.NĐ.6.11 — Trách nhiệm của cơ quan, tổ chức Khoản: 1 Điểm: a, b Nguồn: NĐ 1. Bộ Lao động - Thương binh và Xã hội có trách nhiệm: a) Kiểm tra, giám sát việc thực hiện chính sách đối với người lao động dôi dư theo quy định tại Nghị đ",,,,
bebdf293-f245-514c-937f-0769176c7b77,20.2.NĐ.6.11,"Trách nhiệm của cơ quan, tổ chức",clause,official-gazette-word:sha256:7f9cd102398471aaae5be900f6a078902d8cb5392d12f380cd2ac8d0cb22a20b,vn:97-2022-nd-cp,,,,,,,,,81,fastembed-tokenizers:intfloat/multilingual-e5-large:document,79,81,2,512,0,False,False,"Điều 20.2.NĐ.6.11 — Trách nhiệm của cơ quan, tổ chức Khoản: 2 Nguồn: NĐ 2. Bộ Tài chính có trách nhiệm chủ trì, phối hợp với các cơ quan liên quan cân đối, bố trí dự toán chi thường xuyên để giải quyết chế độ đối với người lao động dôi dư q",,,,
ceb35638-eb17-5849-b975-b0ad6b386366,20.2.NĐ.6.11,"Trách nhiệm của cơ quan, tổ chức",clause,official-gazette-word:sha256:7f9cd102398471aaae5be900f6a078902d8cb5392d12f380cd2ac8d0cb22a20b,vn:97-2022-nd-cp,,,,,,,,,79,fastembed-tokenizers:intfloat/multilingual-e5-large:document,77,79,2,512,0,False,False,"Điều 20.2.NĐ.6.11 — Trách nhiệm của cơ quan, tổ chức Khoản: 3 Nguồn: NĐ 3. Ủy ban nhân dân tỉnh, thành phố trực thuộc trung ương có trách nhiệm cân đối, bố trí dự toán chi thường xuyên để giải quyết chế độ đối với người lao động dôi dư quy",,,,
f7fceb1b-7ed6-5704-b515-9a8c5d3222ea,20.2.NĐ.6.11,"Trách nhiệm của cơ quan, tổ chức",clause,official-gazette-word:sha256:7f9cd102398471aaae5be900f6a078902d8cb5392d12f380cd2ac8d0cb22a20b,vn:97-2022-nd-cp,,,,,,,,,302,fastembed-tokenizers:intfloat/multilingual-e5-large:document,300,302,2,512,0,False,False,"Điều 20.2.NĐ.6.11 — Trách nhiệm của cơ quan, tổ chức Khoản: 4 Điểm: a, b, c, d, đ, e Nguồn: NĐ 4. Cơ quan đại diện chủ sở hữu có trách nhiệm đối với doanh nghiệp thực hiện sắp xếp lại trực thuộc như sau: a) Chỉ đạo các doanh nghiệp thực hiệ",,,,
a0d6c6bf-198a-5783-ae4c-725d4852196e,20.2.NĐ.6.11,"Trách nhiệm của cơ quan, tổ chức",clause,official-gazette-word:sha256:7f9cd102398471aaae5be900f6a078902d8cb5392d12f380cd2ac8d0cb22a20b,vn:97-2022-nd-cp,,,,,,,,,173,fastembed-tokenizers:intfloat/multilingual-e5-large:document,171,173,2,512,0,False,False,"Điều 20.2.NĐ.6.11 — Trách nhiệm của cơ quan, tổ chức Khoản: 5 Điểm: a, b Nguồn: NĐ 5. Bảo hiểm xã hội Việt Nam có trách nhiệm: a) Chỉ đạo, hướng dẫn và kiểm tra cơ quan bảo hiểm xã hội tỉnh, thành phố trực thuộc Trung ương việc thu bảo hiểm",,,,
a3e3163d-17e0-5abb-be2f-0082a594d32b,20.2.NĐ.6.11,"Trách nhiệm của cơ quan, tổ chức",clause,official-gazette-word:sha256:7f9cd102398471aaae5be900f6a078902d8cb5392d12f380cd2ac8d0cb22a20b,vn:97-2022-nd-cp,,,,,,,,,190,fastembed-tokenizers:intfloat/multilingual-e5-large:document,188,190,2,512,0,False,False,"Điều 20.2.NĐ.6.11 — Trách nhiệm của cơ quan, tổ chức Khoản: 6 Điểm: a, b Nguồn: NĐ 6. Đề nghị Tổng Liên đoàn Lao động Việt Nam: a) Chỉ đạo, hướng dẫn tổ chức đại diện người lao động tại cơ sở phối hợp với doanh nghiệp thực hiện sắp xếp lại",,,,
ec9c29cb-07ac-5e2c-8256-d50e0ada7e5a,20.2.NĐ.6.12,Điều khoản chuyển tiếp,article,official-gazette-word:sha256:7f9cd102398471aaae5be900f6a078902d8cb5392d12f380cd2ac8d0cb22a20b,vn:97-2022-nd-cp,,,,,,,,,184,fastembed-tokenizers:intfloat/multilingual-e5-large:document,182,184,2,512,0,False,False,Điều 20.2.NĐ.6.12 — Điều khoản chuyển tiếp Nguồn: NĐ Đối với doanh nghiệp thực hiện sắp xếp lại đã được cơ quan có thẩm quyền phê duyệt phương án sử dụng lao động theo Nghị định số 63/2015/NĐ-CP ngày 22 tháng 7 năm 2015 của Chính phủ quy đị,,,,
fe9e4cd1-cf8e-52c0-b751-f1f2819cdf6d,20.2.NĐ.6.13,Áp dụng quy định của Nghị định đối với các đối tượng khác,clause,official-gazette-word:sha256:7f9cd102398471aaae5be900f6a078902d8cb5392d12f380cd2ac8d0cb22a20b,vn:97-2022-nd-cp,,,,,,,,,250,fastembed-tokenizers:intfloat/multilingual-e5-large:document,248,250,2,512,0,False,False,"Điều 20.2.NĐ.6.13 — Áp dụng quy định của Nghị định đối với các đối tượng khác Khoản: 1 Nguồn: NĐ 1. Đối với công ty trách nhiệm hữu hạn một thành viên do tổ chức chính trị, tổ chức chính trị - xã hội nắm giữ 100% vốn điều lệ thực hiện sắp x",,,,
fe15cd50-38cb-5258-a8d6-0c814abf1e32,20.2.NĐ.6.13,Áp dụng quy định của Nghị định đối với các đối tượng khác,clause,official-gazette-word:sha256:7f9cd102398471aaae5be900f6a078902d8cb5392d12f380cd2ac8d0cb22a20b,vn:97-2022-nd-cp,,,,,,,,,107,fastembed-tokenizers:intfloat/multilingual-e5-large:document,105,107,2,512,0,False,False,"Điều 20.2.NĐ.6.13 — Áp dụng quy định của Nghị định đối với các đối tượng khác Khoản: 2 Nguồn: NĐ 2. Đối với công ty trách nhiệm hữu hạn một thành viên nông nghiệp, lâm nghiệp do Nhà nước nắm giữ 100% vốn điều lệ thực hiện sắp xếp lại theo h",,,,
98f6beba-f595-552a-b403-7a54873c4c99,20.2.NĐ.6.13,Áp dụng quy định của Nghị định đối với các đối tượng khác,clause,official-gazette-word:sha256:7f9cd102398471aaae5be900f6a078902d8cb5392d12f380cd2ac8d0cb22a20b,vn:97-2022-nd-cp,,,,,,,,,187,fastembed-tokenizers:intfloat/multilingual-e5-large:document,185,187,2,512,0,False,False,Điều 20.2.NĐ.6.13 — Áp dụng quy định của Nghị định đối với các đối tượng khác Khoản: 3 Nguồn: NĐ 3. Đối với các đơn vị sự nghiệp công lập thực hiện cổ phần hóa theo quyết định của cơ quan có thẩm quyền được áp dụng các quy định tại Nghị địn,,,,
041c7488-9585-55ed-a925-548b7be5446c,20.2.NĐ.6.13,Áp dụng quy định của Nghị định đối với các đối tượng khác,clause,official-gazette-word:sha256:7f9cd102398471aaae5be900f6a078902d8cb5392d12f380cd2ac8d0cb22a20b,vn:97-2022-nd-cp,,,,,,,,,321,fastembed-tokenizers:intfloat/multilingual-e5-large:document,319,321,2,512,0,False,False,"Điều 20.2.NĐ.6.13 — Áp dụng quy định của Nghị định đối với các đối tượng khác Khoản: 4 Nguồn: NĐ 4. Đối với công ty trách nhiệm hữu hạn một thành viên do công ty mẹ của tập đoàn kinh tế nhà nước, công ty mẹ của tổng công ty nhà nước, công t",,,,
8425857b-ea34-57ee-98da-f70041797944,20.2.NĐ.6.13,Áp dụng quy định của Nghị định đối với các đối tượng khác,clause,official-gazette-word:sha256:7f9cd102398471aaae5be900f6a078902d8cb5392d12f380cd2ac8d0cb22a20b,vn:97-2022-nd-cp,,,,,,,,,280,fastembed-tokenizers:intfloat/multilingual-e5-large:document,278,280,2,512,0,False,False,Điều 20.2.NĐ.6.13 — Áp dụng quy định của Nghị định đối với các đối tượng khác Khoản: 5 Nguồn: NĐ 5. Đối với Ngân hàng Phát triển Việt Nam khi cơ cấu lại theo quyết định của Thủ tướng Chính phủ mà có người lao động được tuyển dụng vào làm vi,,,,
d56e9993-b659-5038-abd0-7240607821d2,20.2.NĐ.6.14,Hiệu lực và trách nhiệm thi hành,article,official-gazette-word:sha256:7f9cd102398471aaae5be900f6a078902d8cb5392d12f380cd2ac8d0cb22a20b,vn:97-2022-nd-cp,,,,,,,,,462,fastembed-tokenizers:intfloat/multilingual-e5-large:document,460,462,2,512,0,False,False,Điều 20.2.NĐ.6.14 — Hiệu lực và trách nhiệm thi hành Nguồn: NĐ 1. Nghị định này có hiệu lực thi hành từ ngày 15 tháng 01 năm 2023. 2. Nghị định số 63/2015/NĐ-CP ngày 22 tháng 7 năm 2015 của Chính phủ quy định chính sách đối với người lao độ,,,,
f65a6b5b-3363-5c79-b5cd-9e792b3abf40,20.2.NĐ.8.1,Phạm vi điều chỉnh,article,official-gazette-word:sha256:6d6986c9109a886b586c4f69efc8391c07805b225350fd98d0205371708820a4,vn:293-2025-nd-cp,,,,,,,,,52,fastembed-tokenizers:intfloat/multilingual-e5-large:document,50,52,2,512,0,False,False,Điều 20.2.NĐ.8.1 — Phạm vi điều chỉnh Nguồn: NĐ Nghị định này quy định mức lương tối thiểu tháng và mức lương tối thiểu giờ áp dụng đối với người lao động làm việc theo hợp đồng lao động.,,,,
0d03de3c-9d42-5a75-91ff-47ee7885c14a,20.2.NĐ.8.2,Đối tượng áp dụng,article,official-gazette-word:sha256:6d6986c9109a886b586c4f69efc8391c07805b225350fd98d0205371708820a4,vn:293-2025-nd-cp,,,,,,,,,140,fastembed-tokenizers:intfloat/multilingual-e5-large:document,138,140,2,512,0,False,False,"Điều 20.2.NĐ.8.2 — Đối tượng áp dụng Nguồn: NĐ 1. Người lao động làm việc theo hợp đồng lao động theo quy định của Bộ luật Lao động. 2. Người sử dụng lao động theo quy định của Bộ luật Lao động, bao gồm: a) Doanh nghiệp theo quy định của Lu",,,,
8c254e83-3775-5189-93e9-4c8621c65786,20.2.NĐ.8.3,Mức lương tối thiểu,article,official-gazette-word:sha256:6d6986c9109a886b586c4f69efc8391c07805b225350fd98d0205371708820a4,vn:293-2025-nd-cp,,,,,,,,,438,fastembed-tokenizers:intfloat/multilingual-e5-large:document,436,438,2,512,0,False,False,Điều 20.2.NĐ.8.3 — Mức lương tối thiểu Nguồn: NĐ 1. Quy định mức lương tối thiểu tháng và mức lương tối thiểu giờ đối với người lao động làm việc cho người sử dụng lao động theo vùng như sau: Vùng Mức lương tối thiểu tháng (Đơn vị: đồng/thá,,,,
2158915d-6cac-5559-8ba0-d8fc4b2380ef,20.2.NĐ.8.4,Áp dụng mức lương tối thiểu,article,official-gazette-word:sha256:6d6986c9109a886b586c4f69efc8391c07805b225350fd98d0205371708820a4,vn:293-2025-nd-cp,,,,,,,,,412,fastembed-tokenizers:intfloat/multilingual-e5-large:document,410,412,2,512,0,False,False,"Điều 20.2.NĐ.8.4 — Áp dụng mức lương tối thiểu Nguồn: NĐ 1. Mức lương tối thiểu tháng là mức lương thấp nhất làm cơ sở để thỏa thuận và trả lương đối với người lao động áp dụng hình thức trả lương theo tháng, bảo đảm mức lương theo công việ",,,,
78c3756c-6f10-5c0b-967e-678bb418b2a5,20.2.NĐ.8.5,Hiệu lực và trách nhiệm thi hành,clause,official-gazette-word:sha256:6d6986c9109a886b586c4f69efc8391c07805b225350fd98d0205371708820a4,vn:293-2025-nd-cp,,,,,,,,,43,fastembed-tokenizers:intfloat/multilingual-e5-large:document,41,43,2,512,0,False,False,Điều 20.2.NĐ.8.5 — Hiệu lực và trách nhiệm thi hành Khoản: 1 Nguồn: NĐ 1. Nghị định này có hiệu lực thi hành từ ngày 01 tháng 01 năm 2026.,,,,
76ee7840-5725-566b-8c14-29547f7d3bf8,20.2.NĐ.8.5,Hiệu lực và trách nhiệm thi hành,clause,official-gazette-word:sha256:6d6986c9109a886b586c4f69efc8391c07805b225350fd98d0205371708820a4,vn:293-2025-nd-cp,,,,,,,,,81,fastembed-tokenizers:intfloat/multilingual-e5-large:document,79,81,2,512,0,False,False,Điều 20.2.NĐ.8.5 — Hiệu lực và trách nhiệm thi hành Khoản: 2 Nguồn: NĐ 2. Nghị định số 74/2024/NĐ-CP ngày 30 tháng 6 năm 2024 của Chính phủ quy định mức lương tối thiểu đối với người lao động làm việc theo hợp đồng lao động hết hiệu lực kể,,,,
1cc487fe-988b-54c2-810f-bd06aa42731c,20.2.NĐ.8.5,Hiệu lực và trách nhiệm thi hành,clause,official-gazette-word:sha256:6d6986c9109a886b586c4f69efc8391c07805b225350fd98d0205371708820a4,vn:293-2025-nd-cp,,,,,,,,,79,fastembed-tokenizers:intfloat/multilingual-e5-large:document,77,79,2,512,0,False,False,"Điều 20.2.NĐ.8.5 — Hiệu lực và trách nhiệm thi hành Khoản: 3 Nguồn: NĐ 3. Bãi bỏ khoản 7 Điều 15 và Phụ lục I kèm theo của Nghị định số 128/2025/ NĐ-CP ngày 11 tháng 6 năm 2025 của Chính phủ quy định về phân quyền, phân cấp trong quản lý nh",,,,
8f060e71-da1d-58da-a202-f9b254b1aa20,20.2.NĐ.8.5,Hiệu lực và trách nhiệm thi hành,clause,official-gazette-word:sha256:6d6986c9109a886b586c4f69efc8391c07805b225350fd98d0205371708820a4,vn:293-2025-nd-cp,,,,,,,,,328,fastembed-tokenizers:intfloat/multilingual-e5-large:document,326,328,2,512,0,False,False,"Điều 20.2.NĐ.8.5 — Hiệu lực và trách nhiệm thi hành Khoản: 4 Nguồn: NĐ 4. Người sử dụng lao động có trách nhiệm tổ chức rà soát lại các thỏa thuận trong hợp đồng lao động, thoả ước lao động tập thể và các quy chế, quy định của người sử dụng",,,,
9a0d6ce3-4ef4-5449-92f4-061e7ffa9bf4,20.2.NĐ.8.5,Hiệu lực và trách nhiệm thi hành,clause,official-gazette-word:sha256:6d6986c9109a886b586c4f69efc8391c07805b225350fd98d0205371708820a4,vn:293-2025-nd-cp,,,,,,,,,180,fastembed-tokenizers:intfloat/multilingual-e5-large:document,178,180,2,512,0,False,False,Điều 20.2.NĐ.8.5 — Hiệu lực và trách nhiệm thi hành Khoản: 5 Nguồn: NĐ 5. Đối với trường hợp do điều chỉnh địa bàn áp dụng mà mức lương tối thiểu gắn với địa bàn tại Phụ lục kèm theo Nghị định này thấp hơn mức lương tối thiểu do Chính phủ q,,,,
906246f0-7684-5299-b59c-2cd37fd04444,NĐ219.1,Phạm vi điều chỉnh,article,official-gazette-word:sha256:0f95a3684231ac64c538631346f50346df925dc4a995a5ff2323317f5539c5d0,vn:219-2025-nd-cp,,,,,,,,,144,fastembed-tokenizers:intfloat/multilingual-e5-large:document,142,144,2,512,0,False,False,"Điều NĐ219.1 — Phạm vi điều chỉnh Nguồn: NĐ Nghị định này quy định về người lao động nước ngoài làm việc tại Việt Nam theo các điều, khoản sau đây của Bộ luật Lao động: Điều kiện, trình tự, thủ tục cấp, cấp lại, gia hạn, thu hồi giấy phép l",,,,
a0c89986-2bde-57ae-92a0-b0c4e3a66e47,NĐ219.2,Đối tượng áp dụng,article,official-gazette-word:sha256:0f95a3684231ac64c538631346f50346df925dc4a995a5ff2323317f5539c5d0,vn:219-2025-nd-cp,,,,,,,,,365,fastembed-tokenizers:intfloat/multilingual-e5-large:document,363,365,2,512,0,False,False,"Điều NĐ219.2 — Đối tượng áp dụng Nguồn: NĐ 1. Người lao động nước ngoài làm việc tại Việt Nam (sau đây viết tắt là người lao động nước ngoài) là công dân nước ngoài vào làm việc tại các vị trí công việc quy định tại Điều 3 Nghị định này, th",,,,
f4ff9de8-dadb-51d2-ba6b-71b394335295,NĐ219.3,Vị trí công việc của người lao động nước ngoài làm việc tại Việt Nam,article,official-gazette-word:sha256:0f95a3684231ac64c538631346f50346df925dc4a995a5ff2323317f5539c5d0,vn:219-2025-nd-cp,,,,,,,,,421,fastembed-tokenizers:intfloat/multilingual-e5-large:document,419,421,2,512,0,False,False,"Điều NĐ219.3 — Vị trí công việc của người lao động nước ngoài làm việc tại Việt Nam Nguồn: NĐ 1. Nhà quản lý là người quản lý doanh nghiệp theo quy định tại khoản 24 Điều 4 Luật Doanh nghiệp hoặc là người đứng đầu, cấp phó của người đứng đầ",,,,
bf0256b2-0130-5119-b366-031c70e44371,NĐ219.4,"Thẩm quyền cấp, cấp lại, gia hạn, thu hồi giấy phép lao động và giấy xác nhận không thuộc diện cấp giấy phép lao động",article,official-gazette-word:sha256:0f95a3684231ac64c538631346f50346df925dc4a995a5ff2323317f5539c5d0,vn:219-2025-nd-cp,,,,,,,,,266,fastembed-tokenizers:intfloat/multilingual-e5-large:document,264,266,2,512,0,False,False,"Điều NĐ219.4 — Thẩm quyền cấp, cấp lại, gia hạn, thu hồi giấy phép lao động và giấy xác nhận không thuộc diện cấp giấy phép lao động Nguồn: NĐ 1. Ủy ban nhân dân cấp tỉnh có thẩm quyền cấp, cấp lại, gia hạn, thu hồi giấy phép lao động và gi",,,,
fb1e23b6-78ec-5896-af60-2f578e4746dd,NĐ219.5,Hợp pháp hóa lãnh sự và chứng thực các giấy tờ,article,official-gazette-word:sha256:0f95a3684231ac64c538631346f50346df925dc4a995a5ff2323317f5539c5d0,vn:219-2025-nd-cp,,,,,,,,,181,fastembed-tokenizers:intfloat/multilingual-e5-large:document,179,181,2,512,0,False,False,"Điều NĐ219.5 — Hợp pháp hóa lãnh sự và chứng thực các giấy tờ Nguồn: NĐ 1. Các giấy tờ trong hồ sơ cấp, cấp lại, gia hạn giấy phép lao động và giấy xác nhận không thuộc diện cấp giấy phép lao động đối với người lao động nước ngoài nếu của n",,,,
5fa1968f-0d27-56f9-9306-6f9338586261,NĐ219.6,"Quy định về giao dịch điện tử trong cấp, cấp lại, gia hạn giấy phép lao động và giấy xác nhận không thuộc diện cấp giấy phép lao động",clause,official-gazette-word:sha256:0f95a3684231ac64c538631346f50346df925dc4a995a5ff2323317f5539c5d0,vn:219-2025-nd-cp,,,,,,,,,106,fastembed-tokenizers:intfloat/multilingual-e5-large:document,104,106,2,512,0,False,False,"Điều NĐ219.6 — Quy định về giao dịch điện tử trong cấp, cấp lại, gia hạn giấy phép lao động và giấy xác nhận không thuộc diện cấp giấy phép lao động Khoản: 1 Nguồn: NĐ 1. Người sử dụng lao động nộp hồ sơ đề nghị cấp, cấp lại, gia hạn giấy p",,,,
aefe26fc-5a34-5fd0-ba40-c1f3018a6ec0,NĐ219.6,"Quy định về giao dịch điện tử trong cấp, cấp lại, gia hạn giấy phép lao động và giấy xác nhận không thuộc diện cấp giấy phép lao động",clause,official-gazette-word:sha256:0f95a3684231ac64c538631346f50346df925dc4a995a5ff2323317f5539c5d0,vn:219-2025-nd-cp,,,,,,,,,137,fastembed-tokenizers:intfloat/multilingual-e5-large:document,135,137,2,512,0,False,False,"Điều NĐ219.6 — Quy định về giao dịch điện tử trong cấp, cấp lại, gia hạn giấy phép lao động và giấy xác nhận không thuộc diện cấp giấy phép lao động Khoản: 2 Nguồn: NĐ 2. Cổng Dịch vụ công quốc gia chuyển hồ sơ theo quy định của pháp luật v",,,,
79284eb4-560e-5ae0-b69a-10efd10cb208,NĐ219.6,"Quy định về giao dịch điện tử trong cấp, cấp lại, gia hạn giấy phép lao động và giấy xác nhận không thuộc diện cấp giấy phép lao động",clause,official-gazette-word:sha256:0f95a3684231ac64c538631346f50346df925dc4a995a5ff2323317f5539c5d0,vn:219-2025-nd-cp,,,,,,,,,385,fastembed-tokenizers:intfloat/multilingual-e5-large:document,383,385,2,512,0,False,False,"Điều NĐ219.6 — Quy định về giao dịch điện tử trong cấp, cấp lại, gia hạn giấy phép lao động và giấy xác nhận không thuộc diện cấp giấy phép lao động Khoản: 3 Điểm: a, b, c, d Nguồn: NĐ 3. Trường hợp người sử dụng lao động nước ngoài đề nghị",,,,
794f3976-e5b4-5d98-87d3-8d0081145c2a,NĐ219.7,Người lao động nước ngoài không thuộc diện cấp giấy phép lao động,clause,official-gazette-word:sha256:0f95a3684231ac64c538631346f50346df925dc4a995a5ff2323317f5539c5d0,vn:219-2025-nd-cp,,,,,,,,,64,fastembed-tokenizers:intfloat/multilingual-e5-large:document,62,64,2,512,0,False,False,"Điều NĐ219.7 — Người lao động nước ngoài không thuộc diện cấp giấy phép lao động Khoản: 1 Nguồn: NĐ 1. Thuộc một trong các trường hợp quy định tại các khoản 3, 4, 5, 6, 7 và 8 Điều 154 của Bộ luật Lao động.",,,,
c7d1d19a-58b7-532c-b9f7-273bbd5d3fda,NĐ219.7,Người lao động nước ngoài không thuộc diện cấp giấy phép lao động,clause,official-gazette-word:sha256:0f95a3684231ac64c538631346f50346df925dc4a995a5ff2323317f5539c5d0,vn:219-2025-nd-cp,,,,,,,,,61,fastembed-tokenizers:intfloat/multilingual-e5-large:document,59,61,2,512,0,False,False,Điều NĐ219.7 — Người lao động nước ngoài không thuộc diện cấp giấy phép lao động Khoản: 2 Nguồn: NĐ 2. Là chủ sở hữu hoặc thành viên góp vốn có giá trị góp vốn từ 3 tỷ đồng trở lên của công ty trách nhiệm hữu hạn.,,,,
d5542361-da9c-5217-87af-b11aa5185daf,NĐ219.7,Người lao động nước ngoài không thuộc diện cấp giấy phép lao động,clause,official-gazette-word:sha256:0f95a3684231ac64c538631346f50346df925dc4a995a5ff2323317f5539c5d0,vn:219-2025-nd-cp,,,,,,,,,64,fastembed-tokenizers:intfloat/multilingual-e5-large:document,62,64,2,512,0,False,False,Điều NĐ219.7 — Người lao động nước ngoài không thuộc diện cấp giấy phép lao động Khoản: 3 Nguồn: NĐ 3. Là Chủ tịch Hội đồng quản trị hoặc thành viên Hội đồng quản trị có giá trị góp vốn từ 3 tỷ đồng trở lên của công ty cổ phần.,,,,
b4ef0e51-007b-5e21-807e-fee20fd56fcb,NĐ219.7,Người lao động nước ngoài không thuộc diện cấp giấy phép lao động,clause,official-gazette-word:sha256:0f95a3684231ac64c538631346f50346df925dc4a995a5ff2323317f5539c5d0,vn:219-2025-nd-cp,,,,,,,,,131,fastembed-tokenizers:intfloat/multilingual-e5-large:document,129,131,2,512,0,False,False,"Điều NĐ219.7 — Người lao động nước ngoài không thuộc diện cấp giấy phép lao động Khoản: 4 Nguồn: NĐ 4. Vào Việt Nam để cung cấp dịch vụ tư vấn về chuyên môn và kỹ thuật hoặc thực hiện các nhiệm vụ khác phục vụ cho công tác nghiên cứu, xây d",,,,
b29a3604-749b-5e83-8ff5-e4ace8e5da29,NĐ219.7,Người lao động nước ngoài không thuộc diện cấp giấy phép lao động,clause,official-gazette-word:sha256:0f95a3684231ac64c538631346f50346df925dc4a995a5ff2323317f5539c5d0,vn:219-2025-nd-cp,,,,,,,,,51,fastembed-tokenizers:intfloat/multilingual-e5-large:document,49,51,2,512,0,False,False,Điều NĐ219.7 — Người lao động nước ngoài không thuộc diện cấp giấy phép lao động Khoản: 5 Nguồn: NĐ 5. Phóng viên nước ngoài hoạt động thông tin báo chí được Bộ Ngoại giao xác nhận.,,,,
5a665b05-bcc9-5585-950a-41e635d406c7,NĐ219.7,Người lao động nước ngoài không thuộc diện cấp giấy phép lao động,clause,official-gazette-word:sha256:0f95a3684231ac64c538631346f50346df925dc4a995a5ff2323317f5539c5d0,vn:219-2025-nd-cp,,,,,,,,,114,fastembed-tokenizers:intfloat/multilingual-e5-large:document,112,114,2,512,0,False,False,"Điều NĐ219.7 — Người lao động nước ngoài không thuộc diện cấp giấy phép lao động Khoản: 6 Nguồn: NĐ 6. Được cơ quan, tổ chức có thẩm quyền của nước ngoài cử sang Việt Nam giảng dạy, làm nhà quản lý, giám đốc điều hành tại cơ sở giáo dục do",,,,
010511c3-af8c-505e-837b-ab3505fd1c7a,NĐ219.7,Người lao động nước ngoài không thuộc diện cấp giấy phép lao động,clause,official-gazette-word:sha256:0f95a3684231ac64c538631346f50346df925dc4a995a5ff2323317f5539c5d0,vn:219-2025-nd-cp,,,,,,,,,94,fastembed-tokenizers:intfloat/multilingual-e5-large:document,92,94,2,512,0,False,False,"Điều NĐ219.7 — Người lao động nước ngoài không thuộc diện cấp giấy phép lao động Khoản: 7 Nguồn: NĐ 7. Học sinh, sinh viên, học viên nước ngoài đang học tập tại các trường, cơ sở đào tạo ở Việt Nam hoặc nước ngoài có thỏa thuận thực tập hoặ",,,,
d1f031a4-89bc-5190-8a77-a5c9cae7301f,NĐ219.7,Người lao động nước ngoài không thuộc diện cấp giấy phép lao động,clause,official-gazette-word:sha256:0f95a3684231ac64c538631346f50346df925dc4a995a5ff2323317f5539c5d0,vn:219-2025-nd-cp,,,,,,,,,75,fastembed-tokenizers:intfloat/multilingual-e5-large:document,73,75,2,512,0,False,False,Điều NĐ219.7 — Người lao động nước ngoài không thuộc diện cấp giấy phép lao động Khoản: 8 Nguồn: NĐ 8. Thân nhân thành viên cơ quan đại diện nước ngoài tại Việt Nam được phép làm việc tại Việt Nam theo quy định tại điều ước quốc tế mà nước,,,,
c8828ce3-15e0-5103-86bf-82b89cbe0f2a,NĐ219.7,Người lao động nước ngoài không thuộc diện cấp giấy phép lao động,clause,official-gazette-word:sha256:0f95a3684231ac64c538631346f50346df925dc4a995a5ff2323317f5539c5d0,vn:219-2025-nd-cp,,,,,,,,,60,fastembed-tokenizers:intfloat/multilingual-e5-large:document,58,60,2,512,0,False,False,"Điều NĐ219.7 — Người lao động nước ngoài không thuộc diện cấp giấy phép lao động Khoản: 9 Nguồn: NĐ 9. Có hộ chiếu công vụ vào làm việc cho cơ quan nhà nước, tổ chức chính trị, tổ chức chính trị - xã hội.",,,,
81a98eea-0eef-502a-95cc-26766e61bb89,NĐ219.7,Người lao động nước ngoài không thuộc diện cấp giấy phép lao động,clause,official-gazette-word:sha256:0f95a3684231ac64c538631346f50346df925dc4a995a5ff2323317f5539c5d0,vn:219-2025-nd-cp,,,,,,,,,44,fastembed-tokenizers:intfloat/multilingual-e5-large:document,42,44,2,512,0,False,False,Điều NĐ219.7 — Người lao động nước ngoài không thuộc diện cấp giấy phép lao động Khoản: 10 Nguồn: NĐ 10. Người chịu trách nhiệm thành lập hiện diện thương mại.,,,,
eaf6f925-3c05-5fe0-8757-c4310028cea7,NĐ219.7,Người lao động nước ngoài không thuộc diện cấp giấy phép lao động,clause,official-gazette-word:sha256:0f95a3684231ac64c538631346f50346df925dc4a995a5ff2323317f5539c5d0,vn:219-2025-nd-cp,,,,,,,,,92,fastembed-tokenizers:intfloat/multilingual-e5-large:document,90,92,2,512,0,False,False,Điều NĐ219.7 — Người lao động nước ngoài không thuộc diện cấp giấy phép lao động Khoản: 11 Nguồn: NĐ 11. Tình nguyện viên làm việc tại Việt Nam theo hình thức tự nguyện và không hưởng lương để thực hiện điều ước quốc tế mà nước Cộng hòa xã,,,,
56893454-7f9f-5ae8-8130-beee9ef45de3,NĐ219.7,Người lao động nước ngoài không thuộc diện cấp giấy phép lao động,clause,official-gazette-word:sha256:0f95a3684231ac64c538631346f50346df925dc4a995a5ff2323317f5539c5d0,vn:219-2025-nd-cp,,,,,,,,,64,fastembed-tokenizers:intfloat/multilingual-e5-large:document,62,64,2,512,0,False,False,"Điều NĐ219.7 — Người lao động nước ngoài không thuộc diện cấp giấy phép lao động Khoản: 12 Nguồn: NĐ 12. Vào Việt Nam thực hiện thỏa thuận quốc tế mà cơ quan, tổ chức ở Trung ương, cấp tỉnh ký kết theo quy định của pháp luật.",,,,
c6a3b694-aa55-5000-a7bd-2430480312bb,NĐ219.7,Người lao động nước ngoài không thuộc diện cấp giấy phép lao động,clause,official-gazette-word:sha256:0f95a3684231ac64c538631346f50346df925dc4a995a5ff2323317f5539c5d0,vn:219-2025-nd-cp,,,,,,,,,227,fastembed-tokenizers:intfloat/multilingual-e5-large:document,225,227,2,512,0,False,False,"Điều NĐ219.7 — Người lao động nước ngoài không thuộc diện cấp giấy phép lao động Khoản: 13 Điểm: a, b Nguồn: NĐ 13. Người lao động nước ngoài là nhà quản lý, giám đốc điều hành, chuyên gia, lao động kỹ thuật thuộc một trong các trường hợp s",,,,
66944528-b38d-571c-a641-f40b49ecf9be,NĐ219.7,Người lao động nước ngoài không thuộc diện cấp giấy phép lao động,clause,official-gazette-word:sha256:0f95a3684231ac64c538631346f50346df925dc4a995a5ff2323317f5539c5d0,vn:219-2025-nd-cp,,,,,,,,,121,fastembed-tokenizers:intfloat/multilingual-e5-large:document,119,121,2,512,0,False,False,"Điều NĐ219.7 — Người lao động nước ngoài không thuộc diện cấp giấy phép lao động Khoản: 14 Điểm: a, b Nguồn: NĐ 14. Được Bộ Giáo dục và Đào tạo xác nhận vào Việt Nam để thực hiện các công việc sau: a) Giảng dạy, nghiên cứu, chuyển giao chươ",,,,
dab233dd-3ff4-5660-85f8-cfb95aa39dcd,NĐ219.7,Người lao động nước ngoài không thuộc diện cấp giấy phép lao động,clause,official-gazette-word:sha256:0f95a3684231ac64c538631346f50346df925dc4a995a5ff2323317f5539c5d0,vn:219-2025-nd-cp,,,,,,,,,93,fastembed-tokenizers:intfloat/multilingual-e5-large:document,91,93,2,512,0,False,False,"Điều NĐ219.7 — Người lao động nước ngoài không thuộc diện cấp giấy phép lao động Khoản: 15 Nguồn: NĐ 15. Được các bộ, cơ quan ngang bộ hoặc Ủy ban nhân dân cấp tỉnh xác nhận vào Việt Nam làm việc trong các lĩnh vực: tài chính, khoa học, côn",,,,
fb0579ff-d6cd-5176-8262-f2097b715742,NĐ219.8,Hồ sơ đề nghị cấp giấy xác nhận không thuộc diện cấp giấy phép lao động,clause,official-gazette-word:sha256:0f95a3684231ac64c538631346f50346df925dc4a995a5ff2323317f5539c5d0,vn:219-2025-nd-cp,,,,,,,,,70,fastembed-tokenizers:intfloat/multilingual-e5-large:document,68,70,2,512,0,False,False,Điều NĐ219.8 — Hồ sơ đề nghị cấp giấy xác nhận không thuộc diện cấp giấy phép lao động Khoản: 1 Nguồn: NĐ 1. Văn bản đề nghị cấp giấy xác nhận không thuộc diện cấp giấy phép lao động theo Mẫu số 01 Phụ lục ban hành kèm theo Nghị định này.,,,,
6fe07b07-e431-57e5-93b5-9d34bb8d7f59,NĐ219.8,Hồ sơ đề nghị cấp giấy xác nhận không thuộc diện cấp giấy phép lao động,clause,official-gazette-word:sha256:0f95a3684231ac64c538631346f50346df925dc4a995a5ff2323317f5539c5d0,vn:219-2025-nd-cp,,,,,,,,,165,fastembed-tokenizers:intfloat/multilingual-e5-large:document,163,165,2,512,0,False,False,"Điều NĐ219.8 — Hồ sơ đề nghị cấp giấy xác nhận không thuộc diện cấp giấy phép lao động Khoản: 2 Nguồn: NĐ 2. Giấy khám sức khỏe do cơ sở khám bệnh, chữa bệnh có đủ điều kiện cấp, trừ trường hợp kết quả khám sức khỏe đã được kết nối, chia sẻ",,,,
ca876eb1-3eb9-5a9c-aabe-a4dca34522f9,NĐ219.8,Hồ sơ đề nghị cấp giấy xác nhận không thuộc diện cấp giấy phép lao động,clause,official-gazette-word:sha256:0f95a3684231ac64c538631346f50346df925dc4a995a5ff2323317f5539c5d0,vn:219-2025-nd-cp,,,,,,,,,67,fastembed-tokenizers:intfloat/multilingual-e5-large:document,65,67,2,512,0,False,False,"Điều NĐ219.8 — Hồ sơ đề nghị cấp giấy xác nhận không thuộc diện cấp giấy phép lao động Khoản: 3 Nguồn: NĐ 3. 02 ảnh màu (kích thước 4 cm x 6 cm, phông nền trắng, mặt nhìn thẳng, đầu để trần, không đeo kính).",,,,
fa3effb2-df92-55af-9474-ed69c8152cf4,NĐ219.8,Hồ sơ đề nghị cấp giấy xác nhận không thuộc diện cấp giấy phép lao động,clause,official-gazette-word:sha256:0f95a3684231ac64c538631346f50346df925dc4a995a5ff2323317f5539c5d0,vn:219-2025-nd-cp,,,,,,,,,44,fastembed-tokenizers:intfloat/multilingual-e5-large:document,42,44,2,512,0,False,False,Điều NĐ219.8 — Hồ sơ đề nghị cấp giấy xác nhận không thuộc diện cấp giấy phép lao động Khoản: 4 Nguồn: NĐ 4. Hộ chiếu còn thời hạn.,,,,
4d206af9-1bb7-56a1-9de1-7ff01151b1ce,NĐ219.8,Hồ sơ đề nghị cấp giấy xác nhận không thuộc diện cấp giấy phép lao động,clause,official-gazette-word:sha256:0f95a3684231ac64c538631346f50346df925dc4a995a5ff2323317f5539c5d0,vn:219-2025-nd-cp,,,,,,,,,328,fastembed-tokenizers:intfloat/multilingual-e5-large:document,326,328,2,512,0,False,False,"Điều NĐ219.8 — Hồ sơ đề nghị cấp giấy xác nhận không thuộc diện cấp giấy phép lao động Khoản: 5 Điểm: a, b, c Nguồn: NĐ 5. Giấy tờ chứng minh người lao động nước ngoài không thuộc diện cấp giấy phép lao động là một trong các giấy tờ sau: a)",,,,
1bbd9bac-2e2a-53ce-9098-e419a56a7676,NĐ219.9,"Trình tự, thủ tục cấp giấy xác nhận không thuộc diện cấp giấy phép lao động",clause,official-gazette-word:sha256:0f95a3684231ac64c538631346f50346df925dc4a995a5ff2323317f5539c5d0,vn:219-2025-nd-cp,,,,,,,,,137,fastembed-tokenizers:intfloat/multilingual-e5-large:document,135,137,2,512,0,False,False,"Điều NĐ219.9 — Trình tự, thủ tục cấp giấy xác nhận không thuộc diện cấp giấy phép lao động Khoản: 1 Nguồn: NĐ 1. Trong thời hạn 60 ngày và không ít hơn 10 ngày tính đến ngày người lao động nước ngoài dự kiến làm việc, người sử dụng lao động",,,,
3e8b88ac-56d1-597b-840b-b00129ceb404,NĐ219.9,"Trình tự, thủ tục cấp giấy xác nhận không thuộc diện cấp giấy phép lao động",clause,official-gazette-word:sha256:0f95a3684231ac64c538631346f50346df925dc4a995a5ff2323317f5539c5d0,vn:219-2025-nd-cp,,,,,,,,,106,fastembed-tokenizers:intfloat/multilingual-e5-large:document,104,106,2,512,0,False,False,"Điều NĐ219.9 — Trình tự, thủ tục cấp giấy xác nhận không thuộc diện cấp giấy phép lao động Khoản: 2 Nguồn: NĐ 2. Trung tâm Phục vụ hành chính công tại địa phương theo quy định của pháp luật về thực hiện thủ tục hành chính theo cơ chế một cử",,,,
05dc4e29-f5d2-54ae-9277-56839993ab61,NĐ219.9,"Trình tự, thủ tục cấp giấy xác nhận không thuộc diện cấp giấy phép lao động",clause,official-gazette-word:sha256:0f95a3684231ac64c538631346f50346df925dc4a995a5ff2323317f5539c5d0,vn:219-2025-nd-cp,,,,,,,,,143,fastembed-tokenizers:intfloat/multilingual-e5-large:document,141,143,2,512,0,False,False,"Điều NĐ219.9 — Trình tự, thủ tục cấp giấy xác nhận không thuộc diện cấp giấy phép lao động Khoản: 3 Nguồn: NĐ 3. Trong thời hạn 05 ngày làm việc, kể từ ngày nhận đủ hồ sơ đề nghị cấp giấy xác nhận không thuộc diện cấp giấy phép lao động, cơ",,,,
d01c1281-a17b-5055-93ef-fb119f2615e7,NĐ219.9,"Trình tự, thủ tục cấp giấy xác nhận không thuộc diện cấp giấy phép lao động",clause,official-gazette-word:sha256:0f95a3684231ac64c538631346f50346df925dc4a995a5ff2323317f5539c5d0,vn:219-2025-nd-cp,,,,,,,,,207,fastembed-tokenizers:intfloat/multilingual-e5-large:document,205,207,2,512,0,False,False,"Điều NĐ219.9 — Trình tự, thủ tục cấp giấy xác nhận không thuộc diện cấp giấy phép lao động Khoản: 4 Nguồn: NĐ 4. Trường hợp quy định tại các khoản 4, 5, 6 và 8 Điều 154 của Bộ luật Lao động, quy định tại các khoản 2, 3, 5, 8, 10 và điểm a k",,,,
12d7a4b1-87c4-5e12-ae8f-d8a5096a3b98,NĐ219.9,"Trình tự, thủ tục cấp giấy xác nhận không thuộc diện cấp giấy phép lao động",clause,official-gazette-word:sha256:0f95a3684231ac64c538631346f50346df925dc4a995a5ff2323317f5539c5d0,vn:219-2025-nd-cp,,,,,,,,,219,fastembed-tokenizers:intfloat/multilingual-e5-large:document,217,219,2,512,0,False,False,"Điều NĐ219.9 — Trình tự, thủ tục cấp giấy xác nhận không thuộc diện cấp giấy phép lao động Khoản: 5 Nguồn: NĐ 5. Trường hợp người lao động nước ngoài đã được cấp giấy xác nhận không thuộc diện cấp giấy phép lao động có nhu cầu làm việc cho",,,,
3580b2af-3bcd-5176-ae3c-48ab1053ecc7,NĐ219.10,Thời hạn giấy xác nhận không thuộc diện cấp giấy phép lao động,article,official-gazette-word:sha256:0f95a3684231ac64c538631346f50346df925dc4a995a5ff2323317f5539c5d0,vn:219-2025-nd-cp,,,,,,,,,67,fastembed-tokenizers:intfloat/multilingual-e5-large:document,65,67,2,512,0,False,False,Điều NĐ219.10 — Thời hạn giấy xác nhận không thuộc diện cấp giấy phép lao động Nguồn: NĐ Thời hạn giấy xác nhận không thuộc diện cấp giấy phép lao động theo thời hạn của một trong các trường hợp quy định tại Điều 21 Nghị định này nhưng khôn,,,,
bbc0e3a5-029a-589e-92c6-c0a73434e3f4,NĐ219.11,Trường hợp cấp lại giấy xác nhận không thuộc diện cấp giấy phép lao động,article,official-gazette-word:sha256:0f95a3684231ac64c538631346f50346df925dc4a995a5ff2323317f5539c5d0,vn:219-2025-nd-cp,,,,,,,,,109,fastembed-tokenizers:intfloat/multilingual-e5-large:document,107,109,2,512,0,False,False,Điều NĐ219.11 — Trường hợp cấp lại giấy xác nhận không thuộc diện cấp giấy phép lao động Nguồn: NĐ 1. Giấy xác nhận không thuộc diện cấp giấy phép lao động còn thời hạn bị mất hoặc bị hư hỏng không sử dụng được. 2. Thay đổi một trong các nộ,,,,
fbf0210e-e0e4-5a32-a305-72da733d6f1c,NĐ219.12,Hồ sơ đề nghị cấp lại giấy xác nhận không thuộc diện cấp giấy phép lao động,article,official-gazette-word:sha256:0f95a3684231ac64c538631346f50346df925dc4a995a5ff2323317f5539c5d0,vn:219-2025-nd-cp,,,,,,,,,132,fastembed-tokenizers:intfloat/multilingual-e5-large:document,130,132,2,512,0,False,False,Điều NĐ219.12 — Hồ sơ đề nghị cấp lại giấy xác nhận không thuộc diện cấp giấy phép lao động Nguồn: NĐ 1. Văn bản đề nghị cấp lại giấy xác nhận không thuộc diện cấp giấy phép lao động của người sử dụng lao động theo Mẫu số 01 Phụ lục ban hàn,,,,
91b8bdc7-e2a2-522e-bf80-b55d51c60d7b,NĐ219.13,Trình tự cấp lại giấy xác nhận không thuộc diện cấp giấy phép lao động,article,official-gazette-word:sha256:0f95a3684231ac64c538631346f50346df925dc4a995a5ff2323317f5539c5d0,vn:219-2025-nd-cp,,,,,,,,,263,fastembed-tokenizers:intfloat/multilingual-e5-large:document,261,263,2,512,0,False,False,Điều NĐ219.13 — Trình tự cấp lại giấy xác nhận không thuộc diện cấp giấy phép lao động Nguồn: NĐ 1. Người sử dụng lao động nộp hồ sơ đề nghị cấp lại giấy xác nhận không thuộc diện cấp giấy phép lao động trực tiếp hoặc thông qua dịch vụ bưu,,,,
323b0d9b-04e3-59b1-8b91-503b7aa623f0,NĐ219.14,Thời hạn của giấy xác nhận không thuộc diện cấp giấy phép lao động được cấp lại,article,official-gazette-word:sha256:0f95a3684231ac64c538631346f50346df925dc4a995a5ff2323317f5539c5d0,vn:219-2025-nd-cp,,,,,,,,,108,fastembed-tokenizers:intfloat/multilingual-e5-large:document,106,108,2,512,0,False,False,Điều NĐ219.14 — Thời hạn của giấy xác nhận không thuộc diện cấp giấy phép lao động được cấp lại Nguồn: NĐ Thời hạn của giấy xác nhận không thuộc diện cấp giấy phép lao động được cấp lại bằng thời hạn của giấy xác nhận không thuộc diện cấp g,,,,
46077ec7-f72b-5f43-80ec-3a03b0fe09ef,NĐ219.15,Hồ sơ đề nghị gia hạn giấy xác nhận không thuộc diện cấp giấy phép lao động,article,official-gazette-word:sha256:0f95a3684231ac64c538631346f50346df925dc4a995a5ff2323317f5539c5d0,vn:219-2025-nd-cp,,,,,,,,,370,fastembed-tokenizers:intfloat/multilingual-e5-large:document,368,370,2,512,0,False,False,Điều NĐ219.15 — Hồ sơ đề nghị gia hạn giấy xác nhận không thuộc diện cấp giấy phép lao động Nguồn: NĐ 1. Văn bản của người sử dụng lao động đề nghị gia hạn giấy xác nhận không thuộc diện cấp giấy phép lao động theo Mẫu số 01 Phụ lục ban hàn,,,,
44b94e74-37f5-56e0-98bd-c388bbe86714,NĐ219.16,Trình tự gia hạn giấy xác nhận không thuộc diện cấp giấy phép lao động,article,official-gazette-word:sha256:0f95a3684231ac64c538631346f50346df925dc4a995a5ff2323317f5539c5d0,vn:219-2025-nd-cp,,,,,,,,,299,fastembed-tokenizers:intfloat/multilingual-e5-large:document,297,299,2,512,0,False,False,"Điều NĐ219.16 — Trình tự gia hạn giấy xác nhận không thuộc diện cấp giấy phép lao động Nguồn: NĐ 1. Trước ít nhất 10 ngày nhưng không quá 45 ngày trước khi hết hạn giấy xác nhận không thuộc diện cấp giấy phép lao động, người sử dụng lao độn",,,,
7e313850-f092-5a5d-ada7-0a6cf5428257,NĐ219.17,Thời hạn của giấy xác nhận không thuộc diện cấp giấy phép lao động được gia hạn,article,official-gazette-word:sha256:0f95a3684231ac64c538631346f50346df925dc4a995a5ff2323317f5539c5d0,vn:219-2025-nd-cp,,,,,,,,,85,fastembed-tokenizers:intfloat/multilingual-e5-large:document,83,85,2,512,0,False,False,Điều NĐ219.17 — Thời hạn của giấy xác nhận không thuộc diện cấp giấy phép lao động được gia hạn Nguồn: NĐ Thời hạn của giấy xác nhận không thuộc diện cấp giấy phép lao động được gia hạn theo thời hạn của một trong các trường hợp quy định tạ,,,,
af984927-6b68-587f-8683-6f9e347f48b6,NĐ219.18,Hồ sơ đề nghị cấp giấy phép lao động,clause,official-gazette-word:sha256:0f95a3684231ac64c538631346f50346df925dc4a995a5ff2323317f5539c5d0,vn:219-2025-nd-cp,,,,,,,,,77,fastembed-tokenizers:intfloat/multilingual-e5-large:document,75,77,2,512,0,False,False,Điều NĐ219.18 — Hồ sơ đề nghị cấp giấy phép lao động Khoản: 1 Nguồn: NĐ 1. Văn bản của người sử dụng lao động báo cáo giải trình nhu cầu sử dụng lao động nước ngoài và đề nghị cấp giấy phép lao động theo Mẫu số 03 Phụ lục ban hành kèm theo,,,,
4b873cd0-64ba-5c0b-9502-ce2666f00b87,NĐ219.18,Hồ sơ đề nghị cấp giấy phép lao động,clause,official-gazette-word:sha256:0f95a3684231ac64c538631346f50346df925dc4a995a5ff2323317f5539c5d0,vn:219-2025-nd-cp,,,,,,,,,158,fastembed-tokenizers:intfloat/multilingual-e5-large:document,156,158,2,512,0,False,False,"Điều NĐ219.18 — Hồ sơ đề nghị cấp giấy phép lao động Khoản: 2 Nguồn: NĐ 2. Giấy khám sức khỏe do cơ sở khám bệnh, chữa bệnh có đủ điều kiện cấp, trừ trường hợp kết quả khám sức khỏe đã được kết nối, chia sẻ trên Hệ thống thông tin về quản l",,,,
c267f1d8-b80f-5916-9ff8-eab0a1cf26f5,NĐ219.18,Hồ sơ đề nghị cấp giấy phép lao động,clause,official-gazette-word:sha256:0f95a3684231ac64c538631346f50346df925dc4a995a5ff2323317f5539c5d0,vn:219-2025-nd-cp,,,,,,,,,37,fastembed-tokenizers:intfloat/multilingual-e5-large:document,35,37,2,512,0,False,False,Điều NĐ219.18 — Hồ sơ đề nghị cấp giấy phép lao động Khoản: 3 Nguồn: NĐ 3. Hộ chiếu còn thời hạn.,,,,
7892009f-9ec3-5edf-b679-424056882d95,NĐ219.18,Hồ sơ đề nghị cấp giấy phép lao động,clause,official-gazette-word:sha256:0f95a3684231ac64c538631346f50346df925dc4a995a5ff2323317f5539c5d0,vn:219-2025-nd-cp,,,,,,,,,139,fastembed-tokenizers:intfloat/multilingual-e5-large:document,137,139,2,512,0,False,False,Điều NĐ219.18 — Hồ sơ đề nghị cấp giấy phép lao động Khoản: 4 Nguồn: NĐ 4. Phiếu lý lịch tư pháp hoặc văn bản xác nhận người lao động nước ngoài không phải là người đang trong thời gian chấp hành hình phạt hoặc chưa được xóa án tích hoặc đa,,,,
51cfc6ae-5b00-5260-9542-72c40dde3533,NĐ219.18,Hồ sơ đề nghị cấp giấy phép lao động,clause,official-gazette-word:sha256:0f95a3684231ac64c538631346f50346df925dc4a995a5ff2323317f5539c5d0,vn:219-2025-nd-cp,,,,,,,,,60,fastembed-tokenizers:intfloat/multilingual-e5-large:document,58,60,2,512,0,False,False,"Điều NĐ219.18 — Hồ sơ đề nghị cấp giấy phép lao động Khoản: 5 Nguồn: NĐ 5. 02 ảnh màu (kích thước 4 cm x 6 cm, phông nền trắng, mặt nhìn thẳng, đầu để trần, không đeo kính).",,,,
f9e6578e-a9ef-5615-a7da-09887f173a9f,NĐ219.18,Hồ sơ đề nghị cấp giấy phép lao động,clause,official-gazette-word:sha256:0f95a3684231ac64c538631346f50346df925dc4a995a5ff2323317f5539c5d0,vn:219-2025-nd-cp,,,,,,,,,403,fastembed-tokenizers:intfloat/multilingual-e5-large:document,401,403,2,512,0,False,False,"Điều NĐ219.18 — Hồ sơ đề nghị cấp giấy phép lao động Khoản: 6 Điểm: a, b, c, d, đ, e Nguồn: NĐ 6. Giấy tờ chứng minh hình thức làm việc của người lao động nước ngoài là một trong các giấy tờ sau: a) Văn bản của người sử dụng lao động tại nư",,,,
413c0d6b-c4bc-5bd5-8359-36dde31a95c6,NĐ219.18,Hồ sơ đề nghị cấp giấy phép lao động,clause,official-gazette-word:sha256:0f95a3684231ac64c538631346f50346df925dc4a995a5ff2323317f5539c5d0,vn:219-2025-nd-cp,,,,,,,,,68,fastembed-tokenizers:intfloat/multilingual-e5-large:document,66,68,2,512,0,False,False,"Điều NĐ219.18 — Hồ sơ đề nghị cấp giấy phép lao động Khoản: 7 Nguồn: NĐ 7. Giấy tờ chứng minh người lao động nước ngoài là nhà quản lý, giám đốc điều hành, chuyên gia, lao động kỹ thuật theo quy định tại Điều 19 Nghị định này.",,,,
6bc9f653-b978-596e-b8aa-2c305c12279a,NĐ219.19,"Giấy tờ chứng minh người lao động nước ngoài là nhà quản lý, giám đốc điều hành, chuyên gia, lao động kỹ thuật",clause,official-gazette-word:sha256:0f95a3684231ac64c538631346f50346df925dc4a995a5ff2323317f5539c5d0,vn:219-2025-nd-cp,,,,,,,,,166,fastembed-tokenizers:intfloat/multilingual-e5-large:document,164,166,2,512,0,False,False,"Điều NĐ219.19 — Giấy tờ chứng minh người lao động nước ngoài là nhà quản lý, giám đốc điều hành, chuyên gia, lao động kỹ thuật Khoản: 1 Điểm: a, b Nguồn: NĐ 1. Giấy tờ chứng minh người lao động nước ngoài là nhà quản lý quy định tại khoản 1",,,,
325c92e0-56ff-5dde-af0a-803326f2bc17,NĐ219.19,"Giấy tờ chứng minh người lao động nước ngoài là nhà quản lý, giám đốc điều hành, chuyên gia, lao động kỹ thuật",clause,official-gazette-word:sha256:0f95a3684231ac64c538631346f50346df925dc4a995a5ff2323317f5539c5d0,vn:219-2025-nd-cp,,,,,,,,,268,fastembed-tokenizers:intfloat/multilingual-e5-large:document,266,268,2,512,0,False,False,"Điều NĐ219.19 — Giấy tờ chứng minh người lao động nước ngoài là nhà quản lý, giám đốc điều hành, chuyên gia, lao động kỹ thuật Khoản: 2 Điểm: a, b Nguồn: NĐ 2. Giấy tờ chứng minh người lao động nước ngoài là giám đốc điều hành quy định tại",,,,
bb21ec03-edf2-52b2-8b7d-6d22daf56d43,NĐ219.19,"Giấy tờ chứng minh người lao động nước ngoài là nhà quản lý, giám đốc điều hành, chuyên gia, lao động kỹ thuật",points,official-gazette-word:sha256:0f95a3684231ac64c538631346f50346df925dc4a995a5ff2323317f5539c5d0,vn:219-2025-nd-cp,,,,,,,,,430,fastembed-tokenizers:intfloat/multilingual-e5-large:document,428,430,2,512,0,False,False,"Điều NĐ219.19 — Giấy tờ chứng minh người lao động nước ngoài là nhà quản lý, giám đốc điều hành, chuyên gia, lao động kỹ thuật Khoản: 3 Điểm: a, b, c Nguồn: NĐ 3. Giấy tờ chứng minh người lao động nước ngoài là chuyên gia quy định tại khoản",,,,
f76d366f-45e5-55b3-9a4e-fad7aeca40fe,NĐ219.19,"Giấy tờ chứng minh người lao động nước ngoài là nhà quản lý, giám đốc điều hành, chuyên gia, lao động kỹ thuật",points,official-gazette-word:sha256:0f95a3684231ac64c538631346f50346df925dc4a995a5ff2323317f5539c5d0,vn:219-2025-nd-cp,,,,,,,,,297,fastembed-tokenizers:intfloat/multilingual-e5-large:document,295,297,2,512,0,False,False,"Điều NĐ219.19 — Giấy tờ chứng minh người lao động nước ngoài là nhà quản lý, giám đốc điều hành, chuyên gia, lao động kỹ thuật Khoản: 3 Điểm: d, đ, e Nguồn: NĐ 3. Giấy tờ chứng minh người lao động nước ngoài là chuyên gia quy định tại khoản",,,,
c7c8a922-59dd-5a28-b15c-47078fbe58b1,NĐ219.19,"Giấy tờ chứng minh người lao động nước ngoài là nhà quản lý, giám đốc điều hành, chuyên gia, lao động kỹ thuật",clause,official-gazette-word:sha256:0f95a3684231ac64c538631346f50346df925dc4a995a5ff2323317f5539c5d0,vn:219-2025-nd-cp,,,,,,,,,315,fastembed-tokenizers:intfloat/multilingual-e5-large:document,313,315,2,512,0,False,False,"Điều NĐ219.19 — Giấy tờ chứng minh người lao động nước ngoài là nhà quản lý, giám đốc điều hành, chuyên gia, lao động kỹ thuật Khoản: 4 Điểm: a, b Nguồn: NĐ 4. Giấy tờ chứng minh người lao động nước ngoài là lao động kỹ thuật quy định tại k",,,,
8358437b-3ae8-592f-af3e-123a726a9f01,NĐ219.20,Hồ sơ đề nghị cấp giấy phép lao động đối với một số trường hợp đã được cấp giấy phép lao động,clause,official-gazette-word:sha256:0f95a3684231ac64c538631346f50346df925dc4a995a5ff2323317f5539c5d0,vn:219-2025-nd-cp,,,,,,,,,208,fastembed-tokenizers:intfloat/multilingual-e5-large:document,206,208,2,512,0,False,False,"Điều NĐ219.20 — Hồ sơ đề nghị cấp giấy phép lao động đối với một số trường hợp đã được cấp giấy phép lao động Khoản: 1 Điểm: a, b, c, d Nguồn: NĐ 1. Trường hợp người lao động nước ngoài đã được cấp giấy phép lao động đang còn hiệu lực có nh",,,,
f05adafb-d607-5be3-8f53-2c2333216278,NĐ219.20,Hồ sơ đề nghị cấp giấy phép lao động đối với một số trường hợp đã được cấp giấy phép lao động,clause,official-gazette-word:sha256:0f95a3684231ac64c538631346f50346df925dc4a995a5ff2323317f5539c5d0,vn:219-2025-nd-cp,,,,,,,,,224,fastembed-tokenizers:intfloat/multilingual-e5-large:document,222,224,2,512,0,False,False,"Điều NĐ219.20 — Hồ sơ đề nghị cấp giấy phép lao động đối với một số trường hợp đã được cấp giấy phép lao động Khoản: 2 Điểm: a, b, c, d Nguồn: NĐ 2. Trường hợp người lao động nước ngoài đã được cấp giấy phép lao động đang còn hiệu lực có nh",,,,
7924c57c-df92-5319-905e-bf696b0dcd22,NĐ219.20,Hồ sơ đề nghị cấp giấy phép lao động đối với một số trường hợp đã được cấp giấy phép lao động,clause,official-gazette-word:sha256:0f95a3684231ac64c538631346f50346df925dc4a995a5ff2323317f5539c5d0,vn:219-2025-nd-cp,,,,,,,,,180,fastembed-tokenizers:intfloat/multilingual-e5-large:document,178,180,2,512,0,False,False,"Điều NĐ219.20 — Hồ sơ đề nghị cấp giấy phép lao động đối với một số trường hợp đã được cấp giấy phép lao động Khoản: 3 Điểm: a, b, c Nguồn: NĐ 3. Đối với người lao động nước ngoài đã được gia hạn giấy phép lao động có nhu cầu tiếp tục làm v",,,,
33bcf0a3-0b3b-5a6f-aa03-2ebd987f1159,NĐ219.21,"Thời hạn của giấy phép lao động, giấy xác nhận không thuộc diện cấp giấy phép lao động",article,official-gazette-word:sha256:0f95a3684231ac64c538631346f50346df925dc4a995a5ff2323317f5539c5d0,vn:219-2025-nd-cp,,,,,,,,,446,fastembed-tokenizers:intfloat/multilingual-e5-large:document,444,446,2,512,0,False,False,"Điều NĐ219.21 — Thời hạn của giấy phép lao động, giấy xác nhận không thuộc diện cấp giấy phép lao động Nguồn: NĐ 1. Thời hạn của giấy phép lao động, giấy xác nhận không thuộc diện cấp giấy phép lao động được cấp theo thời hạn của một trong",,,,
09508e9f-94ad-5065-9bbc-9e8f9772b999,NĐ219.22,Trình tự cấp giấy phép lao động,clause,official-gazette-word:sha256:0f95a3684231ac64c538631346f50346df925dc4a995a5ff2323317f5539c5d0,vn:219-2025-nd-cp,,,,,,,,,121,fastembed-tokenizers:intfloat/multilingual-e5-large:document,119,121,2,512,0,False,False,"Điều NĐ219.22 — Trình tự cấp giấy phép lao động Khoản: 1 Nguồn: NĐ 1. Trong thời hạn 60 ngày nhưng không ít hơn 10 ngày tính đến ngày người lao động nước ngoài dự kiến làm việc, người sử dụng lao động nộp hồ sơ đề nghị cấp giấy phép lao độn",,,,
2fabd4ad-a0f9-523d-9084-b84f1204fdba,NĐ219.22,Trình tự cấp giấy phép lao động,clause,official-gazette-word:sha256:0f95a3684231ac64c538631346f50346df925dc4a995a5ff2323317f5539c5d0,vn:219-2025-nd-cp,,,,,,,,,90,fastembed-tokenizers:intfloat/multilingual-e5-large:document,88,90,2,512,0,False,False,"Điều NĐ219.22 — Trình tự cấp giấy phép lao động Khoản: 2 Nguồn: NĐ 2. Trung tâm Phục vụ hành chính công tại địa phương chuyển hồ sơ theo quy định của pháp luật về thực hiện thủ tục hành chính theo cơ chế một cửa, một cửa liên thông tại bộ p",,,,
c0978805-114f-5fa2-ba91-14d05a377534,NĐ219.22,Trình tự cấp giấy phép lao động,clause,official-gazette-word:sha256:0f95a3684231ac64c538631346f50346df925dc4a995a5ff2323317f5539c5d0,vn:219-2025-nd-cp,,,,,,,,,150,fastembed-tokenizers:intfloat/multilingual-e5-large:document,148,150,2,512,0,False,False,"Điều NĐ219.22 — Trình tự cấp giấy phép lao động Khoản: 3 Nguồn: NĐ 3. Trong thời hạn 10 ngày làm việc, kể từ ngày nhận đủ hồ sơ đề nghị cấp giấy phép lao động, cơ quan có thẩm quyền xem xét chấp thuận nhu cầu và thực hiện cấp giấy phép lao",,,,
32141a0d-7bd9-595e-aa01-13cc9a28fa6d,NĐ219.22,Trình tự cấp giấy phép lao động,clause,official-gazette-word:sha256:0f95a3684231ac64c538631346f50346df925dc4a995a5ff2323317f5539c5d0,vn:219-2025-nd-cp,,,,,,,,,147,fastembed-tokenizers:intfloat/multilingual-e5-large:document,145,147,2,512,0,False,False,"Điều NĐ219.22 — Trình tự cấp giấy phép lao động Khoản: 4 Nguồn: NĐ 4. Đối với người lao động nước ngoài theo quy định tại các điểm a và m khoản 1 Điều 2 Nghị định này, sau khi người lao động nước ngoài được cấp giấy phép lao động thì người",,,,
834197f4-a34f-5744-b8b1-ba15329922e8,NĐ219.22,Trình tự cấp giấy phép lao động,clause,official-gazette-word:sha256:0f95a3684231ac64c538631346f50346df925dc4a995a5ff2323317f5539c5d0,vn:219-2025-nd-cp,,,,,,,,,160,fastembed-tokenizers:intfloat/multilingual-e5-large:document,158,160,2,512,0,False,False,"Điều NĐ219.22 — Trình tự cấp giấy phép lao động Khoản: 5 Nguồn: NĐ 5. Trường hợp người lao động nước ngoài đã được cấp giấy phép lao động có nhu cầu làm việc cho người sử dụng lao động đó tại nhiều tỉnh, thành phố trực thuộc trung ương, trư",,,,
dd2f4c46-30d5-54df-b1c3-b10d65c46153,NĐ219.23,Các trường hợp cấp lại giấy phép lao động,article,official-gazette-word:sha256:0f95a3684231ac64c538631346f50346df925dc4a995a5ff2323317f5539c5d0,vn:219-2025-nd-cp,,,,,,,,,99,fastembed-tokenizers:intfloat/multilingual-e5-large:document,97,99,2,512,0,False,False,Điều NĐ219.23 — Các trường hợp cấp lại giấy phép lao động Nguồn: NĐ 1. Giấy phép lao động còn thời hạn bị mất hoặc bị hư hỏng không sử dụng được. 2. Thay đổi một trong các nội dung ghi trong giấy phép lao động còn thời hạn: họ và tên; quốc,,,,
e223230c-9167-57b1-95c4-0c2975d73e9e,NĐ219.24,Hồ sơ đề nghị cấp lại giấy phép lao động,article,official-gazette-word:sha256:0f95a3684231ac64c538631346f50346df925dc4a995a5ff2323317f5539c5d0,vn:219-2025-nd-cp,,,,,,,,,141,fastembed-tokenizers:intfloat/multilingual-e5-large:document,139,141,2,512,0,False,False,Điều NĐ219.24 — Hồ sơ đề nghị cấp lại giấy phép lao động Nguồn: NĐ 1. Văn bản đề nghị cấp lại giấy phép lao động của người sử dụng lao động theo Mẫu số 03 Phụ lục ban hành kèm theo Nghị định này. 2. 02 ảnh màu (kích thước 4 cm x 6 cm phông,,,,
146d9e40-e3c7-5b02-9df0-67eb20f965cd,NĐ219.25,Trình tự cấp lại giấy phép lao động,article,official-gazette-word:sha256:0f95a3684231ac64c538631346f50346df925dc4a995a5ff2323317f5539c5d0,vn:219-2025-nd-cp,,,,,,,,,235,fastembed-tokenizers:intfloat/multilingual-e5-large:document,233,235,2,512,0,False,False,"Điều NĐ219.25 — Trình tự cấp lại giấy phép lao động Nguồn: NĐ 1. Người sử dụng lao động nộp hồ sơ đề nghị cấp lại giấy phép lao động trực tiếp hoặc thông qua dịch vụ bưu chính công ích hoặc qua thuê dịch vụ của doanh nghiệp, cá nhân hoặc qu",,,,
8edc8036-6216-59df-8397-a8b8c924c2bb,NĐ219.26,Thời hạn của giấy phép lao động được cấp lại,article,official-gazette-word:sha256:0f95a3684231ac64c538631346f50346df925dc4a995a5ff2323317f5539c5d0,vn:219-2025-nd-cp,,,,,,,,,77,fastembed-tokenizers:intfloat/multilingual-e5-large:document,75,77,2,512,0,False,False,Điều NĐ219.26 — Thời hạn của giấy phép lao động được cấp lại Nguồn: NĐ Thời hạn của giấy phép lao động được cấp lại bằng thời hạn của giấy phép lao động đã được cấp trừ đi thời gian người lao động nước ngoài đã làm việc tính đến thời điểm đ,,,,
b2e3bddc-ea48-50aa-bbf7-c7fad5aed598,NĐ219.27,Hồ sơ đề nghị gia hạn giấy phép lao động,article,official-gazette-word:sha256:0f95a3684231ac64c538631346f50346df925dc4a995a5ff2323317f5539c5d0,vn:219-2025-nd-cp,,,,,,,,,421,fastembed-tokenizers:intfloat/multilingual-e5-large:document,419,421,2,512,0,False,False,Điều NĐ219.27 — Hồ sơ đề nghị gia hạn giấy phép lao động Nguồn: NĐ 1. Văn bản của người sử dụng lao động báo cáo giải trình nhu cầu sử dụng lao động nước ngoài và đề nghị gia hạn giấy phép lao động theo Mẫu số 03 Phụ lục ban hành kèm theo N,,,,
393e0ead-2df6-5c15-910a-e0960351d67a,NĐ219.28,Trình tự gia hạn giấy phép lao động,article,official-gazette-word:sha256:0f95a3684231ac64c538631346f50346df925dc4a995a5ff2323317f5539c5d0,vn:219-2025-nd-cp,,,,,,,,,403,fastembed-tokenizers:intfloat/multilingual-e5-large:document,401,403,2,512,0,False,False,"Điều NĐ219.28 — Trình tự gia hạn giấy phép lao động Nguồn: NĐ 1. Trước ít nhất 10 ngày nhưng không quá 45 ngày trước khi hết hạn giấy phép lao động, người sử dụng lao động nộp hồ sơ đề nghị gia hạn giấy phép lao động trực tiếp hoặc thông qu",,,,
12154b0c-0be2-5989-9c86-b7177c42e1b4,NĐ219.29,Thời hạn của giấy phép lao động được gia hạn,article,official-gazette-word:sha256:0f95a3684231ac64c538631346f50346df925dc4a995a5ff2323317f5539c5d0,vn:219-2025-nd-cp,,,,,,,,,71,fastembed-tokenizers:intfloat/multilingual-e5-large:document,69,71,2,512,0,False,False,Điều NĐ219.29 — Thời hạn của giấy phép lao động được gia hạn Nguồn: NĐ Thời hạn của giấy phép lao động được gia hạn theo thời hạn của một trong các trường hợp quy định tại Điều 21 Nghị định này nhưng chỉ được gia hạn một lần với thời hạn tố,,,,
26a081fd-b70b-55e0-a462-735b053167be,NĐ219.30,Trường hợp bị thu hồi giấy phép lao động,article,official-gazette-word:sha256:0f95a3684231ac64c538631346f50346df925dc4a995a5ff2323317f5539c5d0,vn:219-2025-nd-cp,,,,,,,,,132,fastembed-tokenizers:intfloat/multilingual-e5-large:document,130,132,2,512,0,False,False,"Điều NĐ219.30 — Trường hợp bị thu hồi giấy phép lao động Nguồn: NĐ 1. Giấy phép lao động hết hiệu lực theo quy định tại các khoản 2, 3, 4, 5, 6 và 7 Điều 156 của Bộ luật Lao động. 2. Người sử dụng lao động hoặc người lao động nước ngoài khô",,,,
1eac7d08-4351-5b54-881c-60b0c2acdc1f,NĐ219.31,Trình tự thu hồi giấy phép lao động,article,official-gazette-word:sha256:0f95a3684231ac64c538631346f50346df925dc4a995a5ff2323317f5539c5d0,vn:219-2025-nd-cp,,,,,,,,,191,fastembed-tokenizers:intfloat/multilingual-e5-large:document,189,191,2,512,0,False,False,"Điều NĐ219.31 — Trình tự thu hồi giấy phép lao động Nguồn: NĐ 1. Đối với trường hợp quy định tại khoản 1 Điều 30 Nghị định này, trong thời hạn 15 ngày, kể từ ngày giấy phép lao động hết hiệu lực, người sử dụng lao động thu hồi giấy phép lao",,,,
8635447e-c5f9-5641-b7fa-f5eb36803499,NĐ219.32,Trường hợp bị thu hồi giấy xác nhận không thuộc diện cấp giấy phép lao động,article,official-gazette-word:sha256:0f95a3684231ac64c538631346f50346df925dc4a995a5ff2323317f5539c5d0,vn:219-2025-nd-cp,,,,,,,,,188,fastembed-tokenizers:intfloat/multilingual-e5-large:document,186,188,2,512,0,False,False,Điều NĐ219.32 — Trường hợp bị thu hồi giấy xác nhận không thuộc diện cấp giấy phép lao động Nguồn: NĐ 1. Làm việc không đúng với nội dung trong giấy xác nhận không thuộc diện cấp giấy phép lao động đã được cấp. 2. Có văn bản thông báo của n,,,,
a501556b-d2b5-507e-b2ed-064134dd8eab,NĐ219.33,Trình tự thu hồi giấy xác nhận không thuộc diện cấp giấy phép lao động,article,official-gazette-word:sha256:0f95a3684231ac64c538631346f50346df925dc4a995a5ff2323317f5539c5d0,vn:219-2025-nd-cp,,,,,,,,,206,fastembed-tokenizers:intfloat/multilingual-e5-large:document,204,206,2,512,0,False,False,"Điều NĐ219.33 — Trình tự thu hồi giấy xác nhận không thuộc diện cấp giấy phép lao động Nguồn: NĐ 1. Đối với trường hợp quy định tại khoản 1, 2 và 3 Điều 32 Nghị định này, trong thời hạn 15 ngày, kể từ ngày giấy xác nhận không thuộc diện cấp",,,,
75b7618e-3a26-56ad-a860-8e6ab07d3953,NĐ219.34,Quy định chuyển tiếp,clause,official-gazette-word:sha256:0f95a3684231ac64c538631346f50346df925dc4a995a5ff2323317f5539c5d0,vn:219-2025-nd-cp,,,,,,,,,109,fastembed-tokenizers:intfloat/multilingual-e5-large:document,107,109,2,512,0,False,False,"Điều NĐ219.34 — Quy định chuyển tiếp Khoản: 1 Nguồn: NĐ 1. Giấy xác nhận không thuộc diện cấp giấy phép lao động và giấy phép lao động đã được cấp, cấp lại, gia hạn theo quy định tại Nghị định số 152/2020/NĐ-CP được sửa đổi, bổ sung tại Ngh",,,,
c30ca9a3-141c-531a-99ae-41187f89fa58,NĐ219.34,Quy định chuyển tiếp,clause,official-gazette-word:sha256:0f95a3684231ac64c538631346f50346df925dc4a995a5ff2323317f5539c5d0,vn:219-2025-nd-cp,,,,,,,,,114,fastembed-tokenizers:intfloat/multilingual-e5-large:document,112,114,2,512,0,False,False,"Điều NĐ219.34 — Quy định chuyển tiếp Khoản: 2 Nguồn: NĐ 2. Trường hợp người sử dụng lao động đã nộp hồ sơ đề nghị cấp, cấp lại, gia hạn, thu hồi giấy phép lao động và giấy xác nhận không thuộc diện cấp giấy phép lao động trước ngày Nghị địn",,,,
1e759ee5-bd48-58ad-8567-bd0628db5c76,NĐ219.34,Quy định chuyển tiếp,clause,official-gazette-word:sha256:0f95a3684231ac64c538631346f50346df925dc4a995a5ff2323317f5539c5d0,vn:219-2025-nd-cp,,,,,,,,,179,fastembed-tokenizers:intfloat/multilingual-e5-large:document,177,179,2,512,0,False,False,"Điều NĐ219.34 — Quy định chuyển tiếp Khoản: 3 Nguồn: NĐ 3. Trường hợp giấy xác nhận không thuộc diện cấp giấy phép lao động và giấy phép lao động đã được cấp, cấp lại, gia hạn theo hình thức làm việc là “Nhà quản lý, giám đốc điều hành, chu",,,,
f0abf2f0-ab62-5a9e-a1c0-8fdfd0752864,NĐ219.34,Quy định chuyển tiếp,clause,official-gazette-word:sha256:0f95a3684231ac64c538631346f50346df925dc4a995a5ff2323317f5539c5d0,vn:219-2025-nd-cp,,,,,,,,,133,fastembed-tokenizers:intfloat/multilingual-e5-large:document,131,133,2,512,0,False,False,"Điều NĐ219.34 — Quy định chuyển tiếp Khoản: 4 Nguồn: NĐ 4. Giấy phép lao động và giấy xác nhận không thuộc diện cấp giấy phép lao động đã được cấp theo quy định tại Nghị định số 152/2020/NĐ-CP được sửa đổi, bổ sung tại Nghị định số 70/2023/",,,,
48fa0db7-a02a-5101-bd4b-db3660c20122,NĐ219.34,Quy định chuyển tiếp,clause,official-gazette-word:sha256:0f95a3684231ac64c538631346f50346df925dc4a995a5ff2323317f5539c5d0,vn:219-2025-nd-cp,,,,,,,,,179,fastembed-tokenizers:intfloat/multilingual-e5-large:document,177,179,2,512,0,False,False,"Điều NĐ219.34 — Quy định chuyển tiếp Khoản: 5 Nguồn: NĐ 5. Giấy xác nhận không thuộc diện cấp giấy phép lao động và giấy phép lao động đã được cấp, cấp lại, gia hạn theo quy định tại Nghị định số 128/2025/NĐ-CP được tiếp tục sử dụng đến khi",,,,
75265982-80ef-52c9-ab29-7c4ba9ad4e80,NĐ219.35,Hiệu lực thi hành,article,official-gazette-word:sha256:0f95a3684231ac64c538631346f50346df925dc4a995a5ff2323317f5539c5d0,vn:219-2025-nd-cp,,,,,,,,,217,fastembed-tokenizers:intfloat/multilingual-e5-large:document,215,217,2,512,0,False,False,Điều NĐ219.35 — Hiệu lực thi hành Nguồn: NĐ 1. Nghị định này có hiệu lực thi hành từ ngày 07 tháng 8 năm 2025. 2. Nội dung về lao động nước ngoài làm việc tại Việt Nam quy định tại Nghị định số 152/2020/NĐ-CP ngày 30 tháng 12 năm 2020 của C,,,,
21bc46d2-252c-5b34-8cc5-cd2a8caf0965,NĐ219.36,Trách nhiệm thi hành,clause,official-gazette-word:sha256:0f95a3684231ac64c538631346f50346df925dc4a995a5ff2323317f5539c5d0,vn:219-2025-nd-cp,,,,,,,,,249,fastembed-tokenizers:intfloat/multilingual-e5-large:document,247,249,2,512,0,False,False,"Điều NĐ219.36 — Trách nhiệm thi hành Khoản: 1 Điểm: a, b, c, d Nguồn: NĐ 1. Trách nhiệm của Bộ Nội vụ a) Chủ trì, phối hợp với Bộ Công an, cơ quan tổ chức liên quan xây dựng, quản lý cơ sở dữ liệu người lao động nước ngoài làm việc tại Việt",,,,
b88c5bcd-e4cd-5a72-a6d8-c300173d9ce1,NĐ219.36,Trách nhiệm thi hành,clause,official-gazette-word:sha256:0f95a3684231ac64c538631346f50346df925dc4a995a5ff2323317f5539c5d0,vn:219-2025-nd-cp,,,,,,,,,170,fastembed-tokenizers:intfloat/multilingual-e5-large:document,168,170,2,512,0,False,False,"Điều NĐ219.36 — Trách nhiệm thi hành Khoản: 2 Điểm: a, b Nguồn: NĐ 2. Trách nhiệm của Bộ Quốc phòng a) Phối hợp với các cơ quan có thẩm quyền quản lý người lao động nước ngoài, thực hiện các quy định của pháp luật về đảm bảo an ninh, trật t",,,,
3ca2ab70-7cc1-5d18-b248-b4688531a70c,NĐ219.36,Trách nhiệm thi hành,clause,official-gazette-word:sha256:0f95a3684231ac64c538631346f50346df925dc4a995a5ff2323317f5539c5d0,vn:219-2025-nd-cp,,,,,,,,,140,fastembed-tokenizers:intfloat/multilingual-e5-large:document,138,140,2,512,0,False,False,"Điều NĐ219.36 — Trách nhiệm thi hành Khoản: 3 Điểm: a, b Nguồn: NĐ 3. Trách nhiệm của Bộ Công an a) Phối hợp với các cơ quan có thẩm quyền quản lý người lao động nước ngoài làm việc cho người sử dụng lao động thực hiện các quy định của pháp",,,,
79633a93-783c-517a-8619-4679de787017,NĐ219.36,Trách nhiệm thi hành,clause,official-gazette-word:sha256:0f95a3684231ac64c538631346f50346df925dc4a995a5ff2323317f5539c5d0,vn:219-2025-nd-cp,,,,,,,,,78,fastembed-tokenizers:intfloat/multilingual-e5-large:document,76,78,2,512,0,False,False,Điều NĐ219.36 — Trách nhiệm thi hành Khoản: 4 Nguồn: NĐ 4. Trách nhiệm của Bộ Công Thương Hướng dẫn việc xác định người lao động nước ngoài di chuyển trong nội bộ doanh nghiệp thuộc phạm vi mười một ngành dịch vụ trong Biểu cam kết cụ thể v,,,,
b8c65b2d-7b09-59b7-825a-bd764c9b6a1d,NĐ219.36,Trách nhiệm thi hành,clause,official-gazette-word:sha256:0f95a3684231ac64c538631346f50346df925dc4a995a5ff2323317f5539c5d0,vn:219-2025-nd-cp,,,,,,,,,75,fastembed-tokenizers:intfloat/multilingual-e5-large:document,73,75,2,512,0,False,False,"Điều NĐ219.36 — Trách nhiệm thi hành Khoản: 5 Nguồn: NĐ 5. Trách nhiệm của Bộ Văn hóa, Thể thao và Du lịch Hướng dẫn việc chứng nhận thành tích cao, bằng cấp, kinh nghiệm trong lĩnh vực văn hóa, thể thao đối với nghệ sĩ, huấn luyện viên thể",,,,
f73723a3-8026-57e6-8a91-7cc53f5513e6,NĐ219.36,Trách nhiệm thi hành,clause,official-gazette-word:sha256:0f95a3684231ac64c538631346f50346df925dc4a995a5ff2323317f5539c5d0,vn:219-2025-nd-cp,,,,,,,,,65,fastembed-tokenizers:intfloat/multilingual-e5-large:document,63,65,2,512,0,False,False,"Điều NĐ219.36 — Trách nhiệm thi hành Khoản: 6 Nguồn: NĐ 6. Trách nhiệm của Bộ Giáo dục và Đào tạo Hướng dẫn về văn bằng, chứng chỉ đáp ứng trình độ, trình độ chuẩn để tham gia giảng dạy trong lĩnh vực giáo dục và đào tạo.",,,,
c865a436-2692-5a9a-8564-04b9d0fdaa1a,NĐ219.36,Trách nhiệm thi hành,clause,official-gazette-word:sha256:0f95a3684231ac64c538631346f50346df925dc4a995a5ff2323317f5539c5d0,vn:219-2025-nd-cp,,,,,,,,,93,fastembed-tokenizers:intfloat/multilingual-e5-large:document,91,93,2,512,0,False,False,"Điều NĐ219.36 — Trách nhiệm thi hành Khoản: 7 Nguồn: NĐ 7. Trách nhiệm của các bộ, cơ quan ngang bộ Hướng dẫn một số nghề, công việc do bộ, cơ quan ngang bộ quản lý làm việc trong các lĩnh vực: tài chính, khoa học, công nghệ, đổi mới sáng t",,,,
992073f1-70af-5855-ac11-eb86c98e1044,NĐ219.36,Trách nhiệm thi hành,clause,official-gazette-word:sha256:0f95a3684231ac64c538631346f50346df925dc4a995a5ff2323317f5539c5d0,vn:219-2025-nd-cp,,,,,,,,,175,fastembed-tokenizers:intfloat/multilingual-e5-large:document,173,175,2,512,0,False,False,"Điều NĐ219.36 — Trách nhiệm thi hành Khoản: 8 Điểm: a, b, c Nguồn: NĐ 8. Trách nhiệm của Ủy ban nhân dân cấp tỉnh a) Quản lý, hướng dẫn người sử dụng lao động tại địa phương thực hiện các quy định của pháp luật về người lao động nước ngoài",,,,
a6413002-9069-514b-a0ae-bbf8009191cf,NĐ219.36,Trách nhiệm thi hành,clause,official-gazette-word:sha256:0f95a3684231ac64c538631346f50346df925dc4a995a5ff2323317f5539c5d0,vn:219-2025-nd-cp,,,,,,,,,68,fastembed-tokenizers:intfloat/multilingual-e5-large:document,66,68,2,512,0,False,False,"Điều NĐ219.36 — Trách nhiệm thi hành Khoản: 9 Nguồn: NĐ 9. Các Bộ trưởng, Thủ trưởng cơ quan ngang bộ, Chủ tịch Ủy ban nhân dân cấp tỉnh và các cơ quan, tổ chức, cá nhân có liên quan chịu trách nhiệm thi hành Nghị định này./.",,,,
7a5f53d2-aa2a-51ca-bbf8-2f4d46fa236a,NĐ128.7,"Phân quyền nhiệm vụ quản lý nhà nước về lao động, tiền lương áp dụng với người sử dụng lao động và người lao động làm việc theo hợp đồng lao động",article,official-gazette-word:sha256:78bd889badd9b375694344f18041b28a458e2553f8530258a5effc824aad5cce,vn:128-2025-nd-cp,,,,,,,,,182,fastembed-tokenizers:intfloat/multilingual-e5-large:document,180,182,2,512,0,False,False,"Điều NĐ128.7 — Phân quyền nhiệm vụ quản lý nhà nước về lao động, tiền lương áp dụng với người sử dụng lao động và người lao động làm việc theo hợp đồng lao động Nguồn: NĐ 1. Nhiệm vụ, quyền hạn quy định chức năng, nhiệm vụ, cơ cấu tổ chức v",,,,
beacd3b0-ae3c-5d00-9cf8-c07ac1ae9b1e,NĐ129.67,Đăng ký nội quy lao động,article,official-gazette-word:sha256:ca5082b9f517d8aaf45651f2b6e9b24d5b62b9be7b6a19c1f8473998b9b996c0,vn:129-2025-nd-cp,,,,,,,,,92,fastembed-tokenizers:intfloat/multilingual-e5-large:document,90,92,2,512,0,False,False,Điều NĐ129.67 — Đăng ký nội quy lao động Nguồn: NĐ Cơ quan chuyên môn thực hiện nhiệm vụ về lĩnh vực nội vụ thuộc Ủy ban nhân dân cấp xã thực hiện việc đăng ký nội quy lao động trong trường hợp được ủy quyền của cơ quan chuyên môn thực hiện,,,,
e69fb22d-514f-5fcf-90fd-e7c556f5067c,NĐ129.68,Quyết định đình công và thông báo thời điểm bắt đầu đình công,article,official-gazette-word:sha256:ca5082b9f517d8aaf45651f2b6e9b24d5b62b9be7b6a19c1f8473998b9b996c0,vn:129-2025-nd-cp,,,,,,,,,116,fastembed-tokenizers:intfloat/multilingual-e5-large:document,114,116,2,512,0,False,False,"Điều NĐ129.68 — Quyết định đình công và thông báo thời điểm bắt đầu đình công Nguồn: NĐ Ít nhất là 05 ngày làm việc trước ngày bắt đầu đình công, tổ chức đại diện người lao động tổ chức và lãnh đạo đình công phải gửi văn bản về việc quyết đ",,,,
705e1892-ade4-52e8-b9ae-49754cea472e,NĐ129.69,Thông báo quyết định đóng cửa tạm thời nơi làm việc,article,official-gazette-word:sha256:ca5082b9f517d8aaf45651f2b6e9b24d5b62b9be7b6a19c1f8473998b9b996c0,vn:129-2025-nd-cp,,,,,,,,,99,fastembed-tokenizers:intfloat/multilingual-e5-large:document,97,99,2,512,0,False,False,"Điều NĐ129.69 — Thông báo quyết định đóng cửa tạm thời nơi làm việc Nguồn: NĐ Ít nhất 03 ngày làm việc trước ngày đóng cửa tạm thời nơi làm việc, người sử dụng lao động phải niêm yết công khai quyết định đóng cửa tạm thời nơi làm việc tại n",,,,
52176024-15d0-58a0-97c0-814f8f28509a,NĐ129.70,"Xử lý cuộc đình công không đúng trình tự, thủ tục",article,official-gazette-word:sha256:ca5082b9f517d8aaf45651f2b6e9b24d5b62b9be7b6a19c1f8473998b9b996c0,vn:129-2025-nd-cp,,,,,,,,,122,fastembed-tokenizers:intfloat/multilingual-e5-large:document,120,122,2,512,0,False,False,"Điều NĐ129.70 — Xử lý cuộc đình công không đúng trình tự, thủ tục Nguồn: NĐ Trong thời hạn 12 giờ kể từ khi nhận được thông báo về cuộc đình công không tuân theo quy định tại các Điều 200, 201 và 202 của Bộ luật Lao động, Chủ tịch Ủy ban nh",,,,
afa63d5c-3842-53f5-8886-39c83e1bd04f,NĐ129.71,Báo cáo sử dụng lao động,article,official-gazette-word:sha256:ca5082b9f517d8aaf45651f2b6e9b24d5b62b9be7b6a19c1f8473998b9b996c0,vn:129-2025-nd-cp,,,,,,,,,464,fastembed-tokenizers:intfloat/multilingual-e5-large:document,462,464,2,512,0,False,False,Điều NĐ129.71 — Báo cáo sử dụng lao động Nguồn: NĐ Việc định kỳ báo cáo tình hình thay đổi về lao động theo quy định tại khoản 2 Điều 4 Nghị định số 145/2020/NĐ-CP ngày 14 tháng 12 năm 2020 của Chính phủ quy định chi tiết và hướng dẫn thi h,,,,
a63936dd-c339-591e-b883-34c946c38da3,NĐ129.72,Trách nhiệm quản lý lao động là người giúp việc gia đình,article,official-gazette-word:sha256:ca5082b9f517d8aaf45651f2b6e9b24d5b62b9be7b6a19c1f8473998b9b996c0,vn:129-2025-nd-cp,,,,,,,,,159,fastembed-tokenizers:intfloat/multilingual-e5-large:document,157,159,2,512,0,False,False,"Điều NĐ129.72 — Trách nhiệm quản lý lao động là người giúp việc gia đình Nguồn: NĐ Cơ quan chuyên môn thực hiện nhiệm vụ về lĩnh vực nội vụ Ủy ban nhân dân cấp xã thực hiện tuyên truyền, phổ biến quy định pháp luật về lao động là người giúp",,,,
54a6b645-5dcf-566f-a954-521b87d3f979,NĐ129.73,Bổ nhiệm hòa giải viên lao động,clause,official-gazette-word:sha256:ca5082b9f517d8aaf45651f2b6e9b24d5b62b9be7b6a19c1f8473998b9b996c0,vn:129-2025-nd-cp,,,,,,,,,207,fastembed-tokenizers:intfloat/multilingual-e5-large:document,205,207,2,512,0,False,False,"Điều NĐ129.73 — Bổ nhiệm hòa giải viên lao động Khoản: 1 Điểm: a, b Nguồn: NĐ 1. Trình tự lập kế hoạch tuyển chọn, bổ nhiệm hòa giải viên lao động theo quy định tại khoản 1 Điều 93 Nghị định số 145/2020/NĐ-CP như sau: a) Quý I hằng năm, cơ",,,,
8bdf63b3-0dd7-5f04-aa3f-a642e2078ccf,NĐ129.73,Bổ nhiệm hòa giải viên lao động,points,official-gazette-word:sha256:ca5082b9f517d8aaf45651f2b6e9b24d5b62b9be7b6a19c1f8473998b9b996c0,vn:129-2025-nd-cp,,,,,,,,,379,fastembed-tokenizers:intfloat/multilingual-e5-large:document,377,379,2,512,0,False,False,"Điều NĐ129.73 — Bổ nhiệm hòa giải viên lao động Khoản: 2 Điểm: a, b Nguồn: NĐ 2. Trình tự, thủ tục tuyển chọn, bổ nhiệm hòa giải viên lao động theo quy định tại khoản 2 Điều 93 Nghị định số 145/2020/NĐ-CP quy định như sau: a) Căn cứ kế hoạc",,,,
ba1a4134-462e-5e18-80dd-58040f33a844,NĐ129.73,Bổ nhiệm hòa giải viên lao động,points,official-gazette-word:sha256:ca5082b9f517d8aaf45651f2b6e9b24d5b62b9be7b6a19c1f8473998b9b996c0,vn:129-2025-nd-cp,,,,,,,,,328,fastembed-tokenizers:intfloat/multilingual-e5-large:document,326,328,2,512,0,False,False,"Điều NĐ129.73 — Bổ nhiệm hòa giải viên lao động Khoản: 2 Điểm: c, d Nguồn: NĐ 2. Trình tự, thủ tục tuyển chọn, bổ nhiệm hòa giải viên lao động theo quy định tại khoản 2 Điều 93 Nghị định số 145/2020/NĐ-CP quy định như sau: c) Trong thời hạn",,,,
c2ddb486-c763-51f4-a230-1fc561612de5,NĐ129.73,Bổ nhiệm hòa giải viên lao động,clause,official-gazette-word:sha256:ca5082b9f517d8aaf45651f2b6e9b24d5b62b9be7b6a19c1f8473998b9b996c0,vn:129-2025-nd-cp,,,,,,,,,155,fastembed-tokenizers:intfloat/multilingual-e5-large:document,153,155,2,512,0,False,False,"Điều NĐ129.73 — Bổ nhiệm hòa giải viên lao động Khoản: 3 Nguồn: NĐ 3. Sở Nội vụ, cơ quan chuyên môn thực hiện nhiệm vụ về lĩnh vực nội vụ thuộc Ủy ban nhân dân cấp xã công khai, cập nhật, đăng tải danh sách họ tên, địa bàn phân công hoạt độ",,,,
779cd1ce-3925-5d7a-a750-0951cfb358e5,NĐ129.74,Miễn nhiệm hòa giải viên lao động,article,official-gazette-word:sha256:ca5082b9f517d8aaf45651f2b6e9b24d5b62b9be7b6a19c1f8473998b9b996c0,vn:129-2025-nd-cp,,,,,,,,,102,fastembed-tokenizers:intfloat/multilingual-e5-large:document,100,102,2,512,0,False,False,"Điều NĐ129.74 — Miễn nhiệm hòa giải viên lao động Nguồn: NĐ Sở Nội vụ chủ trì, phối hợp với cơ quan chuyên môn thực hiện nhiệm vụ về lĩnh vực nội vụ thuộc Ủy ban nhân dân cấp xã rà soát, đánh giá, trình Chủ tịch Ủy ban nhân dân cấp tỉnh xem",,,,
61f70170-f93d-5e79-b64f-860aae89ccbf,NĐ129.75,"Thẩm quyền, trình tự, thủ tục cử hòa giải viên lao động",article,official-gazette-word:sha256:ca5082b9f517d8aaf45651f2b6e9b24d5b62b9be7b6a19c1f8473998b9b996c0,vn:129-2025-nd-cp,,,,,,,,,469,fastembed-tokenizers:intfloat/multilingual-e5-large:document,467,469,2,512,0,False,False,"Điều NĐ129.75 — Thẩm quyền, trình tự, thủ tục cử hòa giải viên lao động Nguồn: NĐ 1. Sở Nội vụ hoặc cơ quan chuyên môn thực hiện nhiệm vụ về lĩnh vực nội vụ thuộc Ủy ban nhân dân cấp xã thực hiện việc cử hòa giải viên lao động theo quy định",,,,
4d81555f-e11d-5b48-abee-05234662000f,NĐ129.76,Quản lý hòa giải viên lao động,article,official-gazette-word:sha256:ca5082b9f517d8aaf45651f2b6e9b24d5b62b9be7b6a19c1f8473998b9b996c0,vn:129-2025-nd-cp,,,,,,,,,348,fastembed-tokenizers:intfloat/multilingual-e5-large:document,346,348,2,512,0,False,False,Điều NĐ129.76 — Quản lý hòa giải viên lao động Nguồn: NĐ 1. Chủ tịch Ủy ban nhân dân cấp tỉnh ban hành quy chế quản lý hòa giải viên lao động thuộc Sở Nội vụ và cơ quan chuyên môn thực hiện nhiệm vụ về lĩnh vực nội vụ thuộc Ủy ban nhân dân,,,,
1c32c3c9-fa28-5890-a145-16e96aa25299,NĐ129.77,"Trình tự, thủ tục thực hiện hoãn đình công",article,official-gazette-word:sha256:ca5082b9f517d8aaf45651f2b6e9b24d5b62b9be7b6a19c1f8473998b9b996c0,vn:129-2025-nd-cp,,,,,,,,,212,fastembed-tokenizers:intfloat/multilingual-e5-large:document,210,212,2,512,0,False,False,"Điều NĐ129.77 — Trình tự, thủ tục thực hiện hoãn đình công Nguồn: NĐ Trình tự, thủ tục thực hiện hoãn đình công theo quy định tại khoản 2 Điều 110 Nghị định số 145/2020/NĐ-CP thực hiện như sau: Trong thời hạn 24 giờ kể từ khi nhận được báo",,,,
8178b069-118c-58b6-a3d6-ed11f410bdaf,NĐ129.78,"Trách nhiệm của Chủ tịch Ủy ban nhân dân cấp xã trong trình tự, thủ tục thực hiện ngừng đình công",article,official-gazette-word:sha256:ca5082b9f517d8aaf45651f2b6e9b24d5b62b9be7b6a19c1f8473998b9b996c0,vn:129-2025-nd-cp,,,,,,,,,202,fastembed-tokenizers:intfloat/multilingual-e5-large:document,200,202,2,512,0,False,False,"Điều NĐ129.78 — Trách nhiệm của Chủ tịch Ủy ban nhân dân cấp xã trong trình tự, thủ tục thực hiện ngừng đình công Nguồn: NĐ Trách nhiệm của Chủ tịch Ủy ban nhân dân cấp xã theo quy định tại Điều 111 Nghị định số 145/2020/NĐ-CP về trình tự,",,,,
81a29c59-6681-52c5-b712-e34154e297b4,NĐ129.79,"Giải quyết quyền lợi của người lao động khi hoãn, ngừng đình công",article,official-gazette-word:sha256:ca5082b9f517d8aaf45651f2b6e9b24d5b62b9be7b6a19c1f8473998b9b996c0,vn:129-2025-nd-cp,,,,,,,,,229,fastembed-tokenizers:intfloat/multilingual-e5-large:document,227,229,2,512,0,False,False,"Điều NĐ129.79 — Giải quyết quyền lợi của người lao động khi hoãn, ngừng đình công Nguồn: NĐ Trách nhiệm của Ủy ban nhân dân cấp xã theo quy định tại Điều 112 Nghị định số 145/2020/NĐ-CP về giải quyết quyền lợi của người lao động khi hoãn, n",,,,
70d6030f-d4f8-5338-9f08-c61173783ace,NĐ129.80,Hiệu lực thi hành,article,official-gazette-word:sha256:ca5082b9f517d8aaf45651f2b6e9b24d5b62b9be7b6a19c1f8473998b9b996c0,vn:129-2025-nd-cp,,,,,,,,,272,fastembed-tokenizers:intfloat/multilingual-e5-large:document,270,272,2,512,0,False,False,"Điều NĐ129.80 — Hiệu lực thi hành Nguồn: NĐ 1. Nghị định này có hiệu lực thi hành từ ngày 01 tháng 7 năm 2025. 2. Nghị định này hết hiệu lực kể từ ngày 01 tháng 3 năm 2027 trừ các trường hợp sau: a) Bộ, cơ quan ngang bộ báo cáo Chính phủ đề",,,,
19aaccee-19b2-5cf8-b718-919c1f8d0dba,NĐ129.81,"Quy định chuyển tiếp, trách nhiệm thi hành",article,official-gazette-word:sha256:ca5082b9f517d8aaf45651f2b6e9b24d5b62b9be7b6a19c1f8473998b9b996c0,vn:129-2025-nd-cp,,,,,,,,,127,fastembed-tokenizers:intfloat/multilingual-e5-large:document,125,127,2,512,0,False,False,"Điều NĐ129.81 — Quy định chuyển tiếp, trách nhiệm thi hành Nguồn: NĐ 1. Ủy ban nhân dân cấp tỉnh có trách nhiệm giải quyết các thủ tục giải thể của hội, quỹ xã hội, quỹ từ thiện hoạt động trong phạm vi cấp huyện sau khi kết thúc hoạt động c",,,,
efc67d14-6872-54c1-bbd4-df62664b459f,20.2.TT.1.1,Phạm vi điều chỉnh,article,official-gazette-word:sha256:7f58cc95c585deb5d8ff748e83f5cc722a8cf91ae67aa2ee91e6c82bbfc6a245,vn:09-2020-tt-bldtbxh,,,,,,,,,170,fastembed-tokenizers:intfloat/multilingual-e5-large:document,168,170,2,512,0,False,False,"Điều 20.2.TT.1.1 — Phạm vi điều chỉnh Nguồn: TT Thông tư này quy định chi tiết và hướng dẫn thi hành một số điều, khoản sau đây của Bộ luật Lao động về lao động chưa thành niên: 1. Sử dụng người chưa đủ 15 tuổi làm việc theo quy định tại kh",,,,
fcb6d5bf-8017-5b0f-bc79-4f9f98aafd67,20.2.TT.1.2,Đối tượng áp dụng,article,official-gazette-word:sha256:7f58cc95c585deb5d8ff748e83f5cc722a8cf91ae67aa2ee91e6c82bbfc6a245,vn:09-2020-tt-bldtbxh,,,,,,,,,59,fastembed-tokenizers:intfloat/multilingual-e5-large:document,57,59,2,512,0,False,False,"Điều 20.2.TT.1.2 — Đối tượng áp dụng Nguồn: TT 1. Người sử dụng lao động. 2. Người lao động chưa thành niên. 3. Cơ quan, tổ chức, cá nhân khác có liên quan đến việc thực hiện quy định tại Thông tư này.",,,,
ff586d3c-2e7e-5d15-bd60-ebf81597bed7,20.2.TT.1.3,Điều kiện sử dụng người chưa đủ 15 tuổi làm việc,article,official-gazette-word:sha256:7f58cc95c585deb5d8ff748e83f5cc722a8cf91ae67aa2ee91e6c82bbfc6a245,vn:09-2020-tt-bldtbxh,,,,,,,,,433,fastembed-tokenizers:intfloat/multilingual-e5-large:document,431,433,2,512,0,False,False,"Điều 20.2.TT.1.3 — Điều kiện sử dụng người chưa đủ 15 tuổi làm việc Nguồn: TT Người sử dụng lao động phải tuân thủ Điều 145 của Bộ luật Lao động khi sử dụng người chưa đủ 15 tuổi làm việc, với các quy định cụ thể sau: 1. Giao kết hợp đồng l",,,,
21762c5d-f725-5d18-8e32-88299a7d2b02,20.2.TT.1.4,Giao kết hợp đồng lao động để sử dụng người chưa đủ 15 tuổi làm việc,article,official-gazette-word:sha256:7f58cc95c585deb5d8ff748e83f5cc722a8cf91ae67aa2ee91e6c82bbfc6a245,vn:09-2020-tt-bldtbxh,,,,,,,,,323,fastembed-tokenizers:intfloat/multilingual-e5-large:document,321,323,2,512,0,False,False,Điều 20.2.TT.1.4 — Giao kết hợp đồng lao động để sử dụng người chưa đủ 15 tuổi làm việc Nguồn: TT 1. Người giao kết hợp đồng lao động bên phía người sử dụng lao động thực hiện theo quy định tại khoản 3 Điều 18 của Bộ luật Lao động và đáp ứn,,,,
15de9759-8cf2-5a45-906d-76f8017125e2,20.2.TT.1.5,Thẩm quyền đồng ý việc sử dụng người chưa đủ 13 tuổi làm việc,article,official-gazette-word:sha256:7f58cc95c585deb5d8ff748e83f5cc722a8cf91ae67aa2ee91e6c82bbfc6a245,vn:09-2020-tt-bldtbxh,,,,,,,,,216,fastembed-tokenizers:intfloat/multilingual-e5-large:document,214,216,2,512,0,False,False,"Điều 20.2.TT.1.5 — Thẩm quyền đồng ý việc sử dụng người chưa đủ 13 tuổi làm việc Nguồn: TT Khi tuyển dụng, sử dụng người chưa đủ 13 tuổi làm việc theo quy định tại khoản 3 Điều 145 của Bộ luật Lao động, người sử dụng lao động phải có sự đồn",,,,
136931f5-db77-55f6-ad98-f94da7a7cfa2,20.2.TT.1.6,Hồ sơ đề nghị việc sử dụng người chưa đủ 13 tuổi làm việc,article,official-gazette-word:sha256:7f58cc95c585deb5d8ff748e83f5cc722a8cf91ae67aa2ee91e6c82bbfc6a245,vn:09-2020-tt-bldtbxh,,,,,,,,,372,fastembed-tokenizers:intfloat/multilingual-e5-large:document,370,372,2,512,0,False,False,Điều 20.2.TT.1.6 — Hồ sơ đề nghị việc sử dụng người chưa đủ 13 tuổi làm việc Nguồn: TT Hồ sơ đề nghị việc sử dụng người chưa đủ 13 tuổi làm việc gồm có: 1. Văn bản đề nghị việc sử dụng người chưa đủ 13 tuổi làm việc theo Mẫu số 01 tại Phụ l,,,,
3b91bfb1-e6c6-52d1-ae05-3f4101ef5169,20.2.TT.1.7,"Trình tự, thủ tục đề nghị việc sử dụng người chưa đủ 13 tuổi làm việc",article,official-gazette-word:sha256:7f58cc95c585deb5d8ff748e83f5cc722a8cf91ae67aa2ee91e6c82bbfc6a245,vn:09-2020-tt-bldtbxh,,,,,,,,,298,fastembed-tokenizers:intfloat/multilingual-e5-large:document,296,298,2,512,0,False,False,"Điều 20.2.TT.1.7 — Trình tự, thủ tục đề nghị việc sử dụng người chưa đủ 13 tuổi làm việc Nguồn: TT 1. Khi có nhu cầu sử dụng người chưa đủ 13 tuổi làm việc, người sử dụng lao động gửi trực tiếp hoặc qua đường bưu điện hoặc trực tuyến 01 bộ",,,,
bb78ebee-e9fd-5376-8e20-cb4262af8a13,20.2.TT.1.8,Danh mục công việc nhẹ người từ đủ 13 tuổi đến chưa đủ 15 tuổi được làm,article,official-gazette-word:sha256:7f58cc95c585deb5d8ff748e83f5cc722a8cf91ae67aa2ee91e6c82bbfc6a245,vn:09-2020-tt-bldtbxh,,,,,,,,,60,fastembed-tokenizers:intfloat/multilingual-e5-large:document,58,60,2,512,0,False,False,Điều 20.2.TT.1.8 — Danh mục công việc nhẹ người từ đủ 13 tuổi đến chưa đủ 15 tuổi được làm Nguồn: TT Ban hành kèm theo Thông tư này Phụ lục II - Danh mục công việc nhẹ người từ đủ 13 tuổi đến chưa đủ 15 tuổi được làm.,,,,
dada665b-ef94-58e4-b54d-58908c4a746f,20.2.TT.1.9,"Danh mục công việc, nơi làm việc gây tổn hại đến sự phát triển thể lực, trí lực, nhân cách của người chưa thành niên",article,official-gazette-word:sha256:7f58cc95c585deb5d8ff748e83f5cc722a8cf91ae67aa2ee91e6c82bbfc6a245,vn:09-2020-tt-bldtbxh,,,,,,,,,147,fastembed-tokenizers:intfloat/multilingual-e5-large:document,145,147,2,512,0,False,False,"Điều 20.2.TT.1.9 — Danh mục công việc, nơi làm việc gây tổn hại đến sự phát triển thể lực, trí lực, nhân cách của người chưa thành niên Nguồn: TT 1. Ban hành kèm theo Thông tư này Phụ lục III - Danh mục công việc gây tổn hại đến sự phát tri",,,,
28f8aa93-296a-5f44-9b55-1f6d18b4a762,20.2.TT.1.10,"Danh mục nghề, công việc người từ đủ 15 tuổi đến chưa đủ 18 tuổi có thể được làm thêm giờ, làm việc vào ban đêm",article,official-gazette-word:sha256:7f58cc95c585deb5d8ff748e83f5cc722a8cf91ae67aa2ee91e6c82bbfc6a245,vn:09-2020-tt-bldtbxh,,,,,,,,,82,fastembed-tokenizers:intfloat/multilingual-e5-large:document,80,82,2,512,0,False,False,"Điều 20.2.TT.1.10 — Danh mục nghề, công việc người từ đủ 15 tuổi đến chưa đủ 18 tuổi có thể được làm thêm giờ, làm việc vào ban đêm Nguồn: TT Ban hành kèm theo Thông tư này Phụ lục V - Danh mục nghề, công việc người từ đủ 15 tuổi đến chưa đ",,,,
7821ba60-0de0-5545-a378-fa52e61cad26,20.2.TT.1.11,Trách nhiệm của Sở Lao động - Thương binh và Xã hội,article,official-gazette-word:sha256:7f58cc95c585deb5d8ff748e83f5cc722a8cf91ae67aa2ee91e6c82bbfc6a245,vn:09-2020-tt-bldtbxh,,,,,,,,,228,fastembed-tokenizers:intfloat/multilingual-e5-large:document,226,228,2,512,0,False,False,"Điều 20.2.TT.1.11 — Trách nhiệm của Sở Lao động - Thương binh và Xã hội Nguồn: TT 1. Chủ trì, phối hợp với cơ quan chuyên môn thuộc Ủy ban nhân dân tỉnh, thành phố trực thuộc Trung ương về y tế, văn hóa, thể thao và du lịch, giáo dục và các",,,,
6d660a86-bfae-55f9-8a05-7070b60ee6da,20.2.TT.1.12,Trách nhiệm của người sử dụng lao động,article,official-gazette-word:sha256:7f58cc95c585deb5d8ff748e83f5cc722a8cf91ae67aa2ee91e6c82bbfc6a245,vn:09-2020-tt-bldtbxh,,,,,,,,,191,fastembed-tokenizers:intfloat/multilingual-e5-large:document,189,191,2,512,0,False,False,Điều 20.2.TT.1.12 — Trách nhiệm của người sử dụng lao động Nguồn: TT 1. Lập Sổ theo dõi tình hình sử dụng lao động chưa thành niên theo Mẫu số 06 tại Phụ lục I ban hành kèm theo Thông tư này và thường xuyên cập nhật thông tin vào Sổ theo dõ,,,,
62fa27d7-acae-5bf3-927a-c152afb8cb91,20.2.TT.1.13,Hiệu lực thi hành,article,official-gazette-word:sha256:7f58cc95c585deb5d8ff748e83f5cc722a8cf91ae67aa2ee91e6c82bbfc6a245,vn:09-2020-tt-bldtbxh,,,,,,,,,166,fastembed-tokenizers:intfloat/multilingual-e5-large:document,164,166,2,512,0,False,False,"Điều 20.2.TT.1.13 — Hiệu lực thi hành Nguồn: TT 1. Thông tư này có hiệu lực thi hành kể từ ngày 15 tháng 3 năm 2021. 2. Kể từ ngày Thông tư này có hiệu lực thi hành, các Thông tư sau hết hiệu lực thi hành: a) Thông tư số 10/2013/TT-BLĐTBXH",,,,
5d5fc2c3-5799-542c-9301-80e0fdc1c07d,20.2.TT.2.1,Phạm vi điều chỉnh,article,vbpl:item:146696,vn:10-2020-tt-bldtbxh,,,,,,,,,108,fastembed-tokenizers:intfloat/multilingual-e5-large:document,106,108,2,512,0,False,False,"Điều 20.2.TT.2.1 — Phạm vi điều chỉnh Nguồn: TT Thông tư này quy định chi tiết và hướng dẫn thi hành một số điều, khoản sau đây của Bộ luật Lao động: 1. Nội dung của hợp đồng lao động theo khoản 1, 2 và 3 Điều 21. 2. Chức năng, nhiệm vụ và",,,,
de7be5a2-02a5-563a-8b62-3d21b6d7c8e2,20.2.TT.2.2,Đối tượng áp dụng,article,vbpl:item:146696,vn:10-2020-tt-bldtbxh,,,,,,,,,73,fastembed-tokenizers:intfloat/multilingual-e5-large:document,71,73,2,512,0,False,False,"Điều 20.2.TT.2.2 — Đối tượng áp dụng Nguồn: TT 1. Người lao động, người sử dụng lao động theo khoản 1, khoản 2 và khoản 3 Điều 2 của Bộ luật Lao động. 2. Cơ quan, tổ chức, cá nhân khác có liên quan trực tiếp đến việc thực hiện quy định tại",,,,
719556b8-c973-51eb-a6cb-67baba9c6c78,20.2.TT.2.3,Nội dung chủ yếu của hợp đồng lao động,clause,vbpl:item:146696,vn:10-2020-tt-bldtbxh,,,,,,,,,464,fastembed-tokenizers:intfloat/multilingual-e5-large:document,462,464,2,512,0,False,False,"Điều 20.2.TT.2.3 — Nội dung chủ yếu của hợp đồng lao động Khoản: 1 Điểm: a, b, c Nguồn: TT Nội dung chủ yếu phải có của hợp đồng lao động theo khoản 1 Điều 21 của Bộ luật Lao động được quy định như sau: 1. Thông tin về tên, địa chỉ của ngườ",,,,
be8377c0-ab3b-5b2c-9979-ceef1d9d5e0e,20.2.TT.2.3,Nội dung chủ yếu của hợp đồng lao động,clause,vbpl:item:146696,vn:10-2020-tt-bldtbxh,,,,,,,,,271,fastembed-tokenizers:intfloat/multilingual-e5-large:document,269,271,2,512,0,False,False,"Điều 20.2.TT.2.3 — Nội dung chủ yếu của hợp đồng lao động Khoản: 2 Điểm: a, b, c Nguồn: TT 2. Thông tin về họ tên, ngày tháng năm sinh, giới tính, nơi cư trú, số thẻ Căn cước công dân hoặc Chứng minh nhân dân hoặc hộ chiếu của người giao kế",,,,
355ce729-5229-50c7-a997-b1ebb3a2f99c,20.2.TT.2.3,Nội dung chủ yếu của hợp đồng lao động,clause,vbpl:item:146696,vn:10-2020-tt-bldtbxh,,,,,,,,,119,fastembed-tokenizers:intfloat/multilingual-e5-large:document,117,119,2,512,0,False,False,"Điều 20.2.TT.2.3 — Nội dung chủ yếu của hợp đồng lao động Khoản: 3 Điểm: a, b Nguồn: TT 3. Công việc và địa điểm làm việc được quy định như sau: a) Công việc: những công việc mà người lao động phải thực hiện; b) Địa điểm làm việc của người",,,,
d9fe49ab-7230-57f4-96c0-fae707e5e448,20.2.TT.2.3,Nội dung chủ yếu của hợp đồng lao động,clause,vbpl:item:146696,vn:10-2020-tt-bldtbxh,,,,,,,,,110,fastembed-tokenizers:intfloat/multilingual-e5-large:document,108,110,2,512,0,False,False,"Điều 20.2.TT.2.3 — Nội dung chủ yếu của hợp đồng lao động Khoản: 4 Nguồn: TT 4. Thời hạn của hợp đồng lao động: thời gian thực hiện hợp đồng lao động (số tháng hoặc số ngày), thời điểm bắt đầu và thời điểm kết thúc thực hiện hợp đồng lao độ",,,,
52b99d0e-cc32-5b2c-8ecb-aeaa748a0638,20.2.TT.2.3,Nội dung chủ yếu của hợp đồng lao động,points,vbpl:item:146696,vn:10-2020-tt-bldtbxh,,,,,,,,,252,fastembed-tokenizers:intfloat/multilingual-e5-large:document,250,252,2,512,0,False,False,"Điều 20.2.TT.2.3 — Nội dung chủ yếu của hợp đồng lao động Khoản: 5 Điểm: a, b Nguồn: TT 5. Mức lương theo công việc hoặc chức danh, hình thức trả lương, kỳ hạn trả lương, phụ cấp lương và các khoản bổ sung khác được quy định như sau: a) Mức",,,,
23190da7-e444-5187-9af0-d7e20db2420d,20.2.TT.2.3,Nội dung chủ yếu của hợp đồng lao động,points,vbpl:item:146696,vn:10-2020-tt-bldtbxh,,,,,,,,,358,fastembed-tokenizers:intfloat/multilingual-e5-large:document,356,358,2,512,0,False,False,"Điều 20.2.TT.2.3 — Nội dung chủ yếu của hợp đồng lao động Khoản: 5 Điểm: c, d, đ Nguồn: TT 5. Mức lương theo công việc hoặc chức danh, hình thức trả lương, kỳ hạn trả lương, phụ cấp lương và các khoản bổ sung khác được quy định như sau: c)",,,,
062bea11-a1f6-53fa-93e5-458b02127e00,20.2.TT.2.3,Nội dung chủ yếu của hợp đồng lao động,clause,vbpl:item:146696,vn:10-2020-tt-bldtbxh,,,,,,,,,80,fastembed-tokenizers:intfloat/multilingual-e5-large:document,78,80,2,512,0,False,False,"Điều 20.2.TT.2.3 — Nội dung chủ yếu của hợp đồng lao động Khoản: 6 Nguồn: TT 6. Chế độ nâng bậc, nâng lương: theo thỏa thuận của hai bên về điều kiện, thời gian, mức lương sau khi nâng bậc, nâng lương hoặc thực hiện theo thỏa ước lao động t",,,,
9b734884-f4c4-585d-8b7b-7d7dc6bb8a53,20.2.TT.2.3,Nội dung chủ yếu của hợp đồng lao động,clause,vbpl:item:146696,vn:10-2020-tt-bldtbxh,,,,,,,,,80,fastembed-tokenizers:intfloat/multilingual-e5-large:document,78,80,2,512,0,False,False,"Điều 20.2.TT.2.3 — Nội dung chủ yếu của hợp đồng lao động Khoản: 7 Nguồn: TT 7. Thời giờ làm việc, thời giờ nghỉ ngơi: theo thỏa thuận của hai bên hoặc thỏa thuận thực hiện theo nội quy lao động, quy định của người sử dụng lao động, thỏa ướ",,,,
e9278de8-62e5-5161-819d-0d23d089cfbc,20.2.TT.2.3,Nội dung chủ yếu của hợp đồng lao động,clause,vbpl:item:146696,vn:10-2020-tt-bldtbxh,,,,,,,,,95,fastembed-tokenizers:intfloat/multilingual-e5-large:document,93,95,2,512,0,False,False,Điều 20.2.TT.2.3 — Nội dung chủ yếu của hợp đồng lao động Khoản: 8 Nguồn: TT 8. Trang bị bảo hộ lao động cho người lao động: những loại phương tiện bảo vệ cá nhân trong lao động theo thỏa thuận của hai bên hoặc theo thỏa ước lao động tập th,,,,
3a482c5f-3265-5478-9b4b-de5d59980d8a,20.2.TT.2.3,Nội dung chủ yếu của hợp đồng lao động,clause,vbpl:item:146696,vn:10-2020-tt-bldtbxh,,,,,,,,,69,fastembed-tokenizers:intfloat/multilingual-e5-large:document,67,69,2,512,0,False,False,"Điều 20.2.TT.2.3 — Nội dung chủ yếu của hợp đồng lao động Khoản: 9 Nguồn: TT 9. Bảo hiểm xã hội, bảo hiểm y tế và bảo hiểm thất nghiệp: theo quy định của pháp luật về lao động, bảo hiểm xã hội, bảo hiểm y tế và bảo hiểm thất nghiệp.",,,,
94d21e89-1cba-5cae-9930-10098c313bc5,20.2.TT.2.3,Nội dung chủ yếu của hợp đồng lao động,clause,vbpl:item:146696,vn:10-2020-tt-bldtbxh,,,,,,,,,86,fastembed-tokenizers:intfloat/multilingual-e5-large:document,84,86,2,512,0,False,False,"Điều 20.2.TT.2.3 — Nội dung chủ yếu của hợp đồng lao động Khoản: 10 Nguồn: TT 10. Đào tạo, bồi dưỡng, nâng cao trình độ, kỹ năng nghề: quyền, nghĩa vụ và lợi ích của người sử dụng lao động và người lao động trong việc bảo đảm thời gian, kin",,,,
05d1d813-78ec-5e17-af9d-b773c8e312c6,20.2.TT.2.4,"Bảo vệ bí mật kinh doanh, bí mật công nghệ",article,vbpl:item:146696,vn:10-2020-tt-bldtbxh,,,,,,,,,443,fastembed-tokenizers:intfloat/multilingual-e5-large:document,441,443,2,512,0,False,False,"Điều 20.2.TT.2.4 — Bảo vệ bí mật kinh doanh, bí mật công nghệ Nguồn: TT 1. Khi người lao động làm việc có liên quan trực tiếp đến bí mật kinh doanh, bí mật công nghệ theo quy định của pháp luật thì người sử dụng lao động có quyền thỏa thuận",,,,
40551c8a-bd17-5833-88f0-c60005765182,20.2.TT.2.5,"Nội dung chủ yếu của hợp đồng lao động trong lĩnh vực nông nghiệp, lâm nghiệp, ngư nghiệp, diêm nghiệp",article,vbpl:item:146696,vn:10-2020-tt-bldtbxh,,,,,,,,,244,fastembed-tokenizers:intfloat/multilingual-e5-large:document,242,244,2,512,0,False,False,"Điều 20.2.TT.2.5 — Nội dung chủ yếu của hợp đồng lao động trong lĩnh vực nông nghiệp, lâm nghiệp, ngư nghiệp, diêm nghiệp Nguồn: TT 1. Hợp đồng lao động đối với người lao động làm việc trong lĩnh vực nông nghiệp, lâm nghiệp, ngư nghiệp, diê",,,,
0be0a9bb-0eba-5ef7-a236-b107d0e1005d,20.2.TT.2.6,Thành lập Hội đồng thương lượng tập thể,clause,vbpl:item:146696,vn:10-2020-tt-bldtbxh,,,,,,,,,168,fastembed-tokenizers:intfloat/multilingual-e5-large:document,166,168,2,512,0,False,False,"Điều 20.2.TT.2.6 — Thành lập Hội đồng thương lượng tập thể Khoản: 1 Nguồn: TT 1. Khi có nhu cầu thương lượng tập thể có nhiều doanh nghiệp tham gia thông qua Hội đồng thương lượng tập thể, trên cơ sở đồng thuận, người sử dụng lao động và cá",,,,
7bdde45b-67a4-5638-87cb-94cbcf253069,20.2.TT.2.6,Thành lập Hội đồng thương lượng tập thể,clause,vbpl:item:146696,vn:10-2020-tt-bldtbxh,,,,,,,,,274,fastembed-tokenizers:intfloat/multilingual-e5-large:document,272,274,2,512,0,False,False,"Điều 20.2.TT.2.6 — Thành lập Hội đồng thương lượng tập thể Khoản: 2 Điểm: a, b, c, d Nguồn: TT 2. Văn bản đề nghị thành lập Hội đồng thương lượng tập thể phải có các thông tin chủ yếu sau: a) Danh sách dự kiến các doanh nghiệp tham gia thươ",,,,
a03227b8-ff21-5caf-87ef-db0334d2af38,20.2.TT.2.6,Thành lập Hội đồng thương lượng tập thể,clause,vbpl:item:146696,vn:10-2020-tt-bldtbxh,,,,,,,,,103,fastembed-tokenizers:intfloat/multilingual-e5-large:document,101,103,2,512,0,False,False,"Điều 20.2.TT.2.6 — Thành lập Hội đồng thương lượng tập thể Khoản: 3 Nguồn: TT 3. Trong thời hạn 20 ngày làm việc kể từ ngày nhận được văn bản yêu cầu của đại diện các bên thương lượng tập thể có nhiều doanh nghiệp, Ủy ban nhân dân cấp tỉnh",,,,
03998f9f-3d2e-54e8-8135-cce3afcf540f,20.2.TT.2.6,Thành lập Hội đồng thương lượng tập thể,clause,vbpl:item:146696,vn:10-2020-tt-bldtbxh,,,,,,,,,314,fastembed-tokenizers:intfloat/multilingual-e5-large:document,312,314,2,512,0,False,False,"Điều 20.2.TT.2.6 — Thành lập Hội đồng thương lượng tập thể Khoản: 4 Điểm: a, b, c, d, đ, e Nguồn: TT 4. Sở Lao động - Thương binh và Xã hội có trách nhiệm chủ trì, phối hợp với Liên đoàn Lao động cấp tỉnh, tổ chức đại diện người sử dụng lao",,,,
32de9986-8814-5160-b723-065f668404fe,20.2.TT.2.6,Thành lập Hội đồng thương lượng tập thể,clause,vbpl:item:146696,vn:10-2020-tt-bldtbxh,,,,,,,,,178,fastembed-tokenizers:intfloat/multilingual-e5-large:document,176,178,2,512,0,False,False,"Điều 20.2.TT.2.6 — Thành lập Hội đồng thương lượng tập thể Khoản: 5 Nguồn: TT 5. Trong quá trình hoạt động, khi cần thay đổi Chủ tịch Hội đồng thương lượng tập thể, đại diện Ủy ban nhân dân cấp tỉnh, chức năng, nhiệm vụ, kế hoạch, thời gian",,,,
c23b20ac-1f9d-5790-9523-a4cc1b37637b,20.2.TT.2.7,Chức năng của Hội đồng thương lượng tập thể,article,vbpl:item:146696,vn:10-2020-tt-bldtbxh,,,,,,,,,56,fastembed-tokenizers:intfloat/multilingual-e5-large:document,54,56,2,512,0,False,False,Điều 20.2.TT.2.7 — Chức năng của Hội đồng thương lượng tập thể Nguồn: TT Hội đồng thương lượng tập thể có chức năng tổ chức cho đại diện của các bên tiến hành thương lượng tập thể theo quy định của Bộ luật Lao động.,,,,
650c1210-6a15-587e-a1eb-1b9d53def1d8,20.2.TT.2.8,Nhiệm vụ của Hội đồng thương lượng tập thể,article,vbpl:item:146696,vn:10-2020-tt-bldtbxh,,,,,,,,,267,fastembed-tokenizers:intfloat/multilingual-e5-large:document,265,267,2,512,0,False,False,"Điều 20.2.TT.2.8 — Nhiệm vụ của Hội đồng thương lượng tập thể Nguồn: TT 1. Lập kế hoạch để tiến hành thương lượng tập thể trên cơ sở đề xuất của các bên và theo quyết định thành lập Hội đồng thương lượng tập thể. 2. Tổ chức, điều phối các p",,,,
3dc93bf1-ed87-582a-a178-cce6d313de55,20.2.TT.2.9,Hoạt động của Hội đồng thương lượng tập thể,article,vbpl:item:146696,vn:10-2020-tt-bldtbxh,,,,,,,,,374,fastembed-tokenizers:intfloat/multilingual-e5-large:document,372,374,2,512,0,False,False,Điều 20.2.TT.2.9 — Hoạt động của Hội đồng thương lượng tập thể Nguồn: TT 1. Hội đồng thương lượng tập thể làm việc thông qua các phiên họp. 2. Đại diện thương lượng của bên người sử dụng lao động và bên tổ chức đại diện người lao động tại c,,,,
1ca59678-dacc-5cef-91e3-ae571f91946c,20.2.TT.2.10,"Danh mục nghề, công việc có ảnh hưởng xấu tới chức năng sinh sản và nuôi con",article,vbpl:item:146696,vn:10-2020-tt-bldtbxh,,,,,,,,,111,fastembed-tokenizers:intfloat/multilingual-e5-large:document,109,111,2,512,0,False,False,"Điều 20.2.TT.2.10 — Danh mục nghề, công việc có ảnh hưởng xấu tới chức năng sinh sản và nuôi con Nguồn: TT Danh mục nghề, công việc có ảnh hưởng xấu tới chức năng sinh sản và nuôi con được ban hành tại Phụ lục kèm theo Thông tư này, bao gồm",,,,
e433a487-f9a9-50c6-ab05-7d82e1b4bab0,20.2.TT.2.11,"Trách nhiệm của người sử dụng lao động và người lao động trong việc thực hiện danh mục nghề, công việc có ảnh hưởng xấu tới chức năng sinh sản và nuôi con",article,vbpl:item:146696,vn:10-2020-tt-bldtbxh,,,,,,,,,354,fastembed-tokenizers:intfloat/multilingual-e5-large:document,352,354,2,512,0,False,False,"Điều 20.2.TT.2.11 — Trách nhiệm của người sử dụng lao động và người lao động trong việc thực hiện danh mục nghề, công việc có ảnh hưởng xấu tới chức năng sinh sản và nuôi con Nguồn: TT 1. Người sử dụng lao động có trách nhiệm: a) Thực hiện",,,,
dc6531a7-eff0-54cf-a3db-43e2d073e902,20.2.TT.2.12,Hiệu lực thi hành,article,vbpl:item:146696,vn:10-2020-tt-bldtbxh,,,,,,,,,376,fastembed-tokenizers:intfloat/multilingual-e5-large:document,374,376,2,512,0,False,False,"Điều 20.2.TT.2.12 — Hiệu lực thi hành Nguồn: TT 1. Thông tư này có hiệu lực thi hành kể từ ngày 01 tháng 01 năm 2021. 2. Kể từ ngày Thông tư này có hiệu lực thi hành, các Thông tư sau đây hết hiệu lực thi hành: a) Thông tư số 47/2015/TT-BLĐ",,,,
87dd7ca0-701a-5ada-b8c3-f680179d1eb9,20.2.TT.3.1,Phạm vi điều chỉnh,article,official-gazette-word:sha256:a6fd1ab0428d307430fa0b3ef58cf386c47908259f86a9d7ef3ff2119daf71fc,vn:04-2021-tt-bct,,,,,,,,,50,fastembed-tokenizers:intfloat/multilingual-e5-large:document,48,50,2,512,0,False,False,"Điều 20.2.TT.3.1 — Phạm vi điều chỉnh Nguồn: TT Thông tư này quy định về thời giờ làm việc, thời giờ nghỉ ngơi đối với người lao động làm các công việc trong hầm lò.",,,,
ff3c8e82-4586-5da6-a830-29c940823af3,20.2.TT.3.2,Đối tượng áp dụng,article,official-gazette-word:sha256:a6fd1ab0428d307430fa0b3ef58cf386c47908259f86a9d7ef3ff2119daf71fc,vn:04-2021-tt-bct,,,,,,,,,135,fastembed-tokenizers:intfloat/multilingual-e5-large:document,133,135,2,512,0,False,False,"Điều 20.2.TT.3.2 — Đối tượng áp dụng Nguồn: TT 1. Đối tượng áp dụng: a. Người sử dụng lao động là tổ chức, cá nhân có thuê mướn, sử dụng lao động hoạt động trong lĩnh vực khai thác than, khoáng sản bằng phương pháp hầm lò. b. Người lao động",,,,
1175a15c-0ca4-51e7-aff1-2ead7be904c9,20.2.TT.3.3,Giải thích từ ngữ,article,official-gazette-word:sha256:a6fd1ab0428d307430fa0b3ef58cf386c47908259f86a9d7ef3ff2119daf71fc,vn:04-2021-tt-bct,,,,,,,,,293,fastembed-tokenizers:intfloat/multilingual-e5-large:document,291,293,2,512,0,False,False,"Điều 20.2.TT.3.3 — Giải thích từ ngữ Nguồn: TT Trong Thông tư này, các từ ngữ dưới đây được hiểu như sau: 1. Ca làm việc của người lao động trong hầm lò là khoảng thời gian từ khi bắt đầu nhận nhiệm vụ tại nhà giao ca cho đến khi trở lại sâ",,,,
d4987395-bc47-5637-a607-41203321db23,20.2.TT.3.4,Thời giờ làm việc,article,official-gazette-word:sha256:a6fd1ab0428d307430fa0b3ef58cf386c47908259f86a9d7ef3ff2119daf71fc,vn:04-2021-tt-bct,,,,,,,,,79,fastembed-tokenizers:intfloat/multilingual-e5-large:document,77,79,2,512,0,False,False,"Điều 20.2.TT.3.4 — Thời giờ làm việc Nguồn: TT 1. Ca làm việc của người lao động trong hầm lò không quá 9,5 giờ trong 01 ngày. 2. Thời giờ làm việc của người lao động tại vị trí sản xuất trong hầm lò không quá 07 giờ trong 01 ngày và không",,,,
c30e738d-5579-5405-9da5-f09be278692c,20.2.TT.3.5,Làm thêm giờ,article,official-gazette-word:sha256:a6fd1ab0428d307430fa0b3ef58cf386c47908259f86a9d7ef3ff2119daf71fc,vn:04-2021-tt-bct,,,,,,,,,149,fastembed-tokenizers:intfloat/multilingual-e5-large:document,147,149,2,512,0,False,False,Điều 20.2.TT.3.5 — Làm thêm giờ Nguồn: TT 1. Thời gian làm thêm giờ là khoảng thời gian làm việc ngoài ca làm việc quy định tại khoản 1 Điều 4 Thông tư này. 2. Bảo đảm tổng số giờ làm việc của ca làm việc và số giờ làm thêm không quá 12 giờ,,,,
76e058b2-5874-5ed2-b8b1-36332791d44e,20.2.TT.3.6,Nghỉ trong giờ làm việc,article,official-gazette-word:sha256:a6fd1ab0428d307430fa0b3ef58cf386c47908259f86a9d7ef3ff2119daf71fc,vn:04-2021-tt-bct,,,,,,,,,39,fastembed-tokenizers:intfloat/multilingual-e5-large:document,37,39,2,512,0,False,False,Điều 20.2.TT.3.6 — Nghỉ trong giờ làm việc Nguồn: TT Nghỉ trong giờ làm việc tuân thủ quy định tại Điều 109 Bộ luật Lao động.,,,,
05a1a0d3-491e-5bd8-a1b8-3873ee360747,20.2.TT.3.7,"Nghỉ chuyển ca; Nghỉ hằng tuần; Nghỉ lễ, tết; Nghỉ hàng năm; Nghỉ việc riêng, nghỉ không hưởng lương",article,official-gazette-word:sha256:a6fd1ab0428d307430fa0b3ef58cf386c47908259f86a9d7ef3ff2119daf71fc,vn:04-2021-tt-bct,,,,,,,,,71,fastembed-tokenizers:intfloat/multilingual-e5-large:document,69,71,2,512,0,False,False,"Điều 20.2.TT.3.7 — Nghỉ chuyển ca; Nghỉ hằng tuần; Nghỉ lễ, tết; Nghỉ hàng năm; Nghỉ việc riêng, nghỉ không hưởng lương Nguồn: TT Tuân thủ theo quy định tại Điều 110, Điều 111, Điều 112, Điều 113, Điều 115 Bộ luật Lao động.",,,,
c04d9569-184f-5daa-9c59-dd53087c9995,20.2.TT.3.8,Trách nhiệm của người sử dụng lao động,article,official-gazette-word:sha256:a6fd1ab0428d307430fa0b3ef58cf386c47908259f86a9d7ef3ff2119daf71fc,vn:04-2021-tt-bct,,,,,,,,,120,fastembed-tokenizers:intfloat/multilingual-e5-large:document,118,120,2,512,0,False,False,"Điều 20.2.TT.3.8 — Trách nhiệm của người sử dụng lao động Nguồn: TT 1. Quy định cụ thể ca làm việc, thời giờ làm việc, thời giờ nghỉ ngơi của các công việc trong hầm lò tại nội quy lao động và thông báo cho người lao động theo quy định của",,,,
76ae0307-c45d-5619-9819-0362827f0571,20.2.TT.3.9,Hiệu lực thi hành,article,official-gazette-word:sha256:a6fd1ab0428d307430fa0b3ef58cf386c47908259f86a9d7ef3ff2119daf71fc,vn:04-2021-tt-bct,,,,,,,,,100,fastembed-tokenizers:intfloat/multilingual-e5-large:document,98,100,2,512,0,False,False,"Điều 20.2.TT.3.9 — Hiệu lực thi hành Nguồn: TT 1. Thông tư này có hiệu lực thi hành kể từ ngày 01 tháng 9 năm 2021. 2. Vụ Tổ chức cán bộ có trách nhiệm giám sát, kiểm tra quá trình thực hiện các quy định tại Thông tư này. 3. Trong quá trình",,,,
94065840-6172-50cb-832f-7523a698e93a,20.2.TT.4.1,Phạm vi điều chỉnh,article,official-gazette-word:sha256:525f7583bc976c3f89c832c8464732122d548be57277e8d5d121f8a30e124e41,vn:18-2021-tt-bldtbxh,,,,,,,,,67,fastembed-tokenizers:intfloat/multilingual-e5-large:document,65,67,2,512,0,False,False,"Điều 20.2.TT.4.1 — Phạm vi điều chỉnh Nguồn: TT Thông tư này quy định việc xây dựng kế hoạch và tổ chức thực hiện thời giờ làm việc, thời giờ nghỉ ngơi đối với người lao động làm công việc sản xuất có tính thời vụ, công việc gia công theo đ",,,,
da72aa84-7fde-56ea-a083-612ce0421975,20.2.TT.4.2,Đối tượng áp dụng,article,official-gazette-word:sha256:525f7583bc976c3f89c832c8464732122d548be57277e8d5d121f8a30e124e41,vn:18-2021-tt-bldtbxh,,,,,,,,,162,fastembed-tokenizers:intfloat/multilingual-e5-large:document,160,162,2,512,0,False,False,Điều 20.2.TT.4.2 — Đối tượng áp dụng Nguồn: TT 1. Người lao động làm việc theo chế độ hợp đồng lao động xác định thời hạn có thời hạn từ đủ 12 tháng đến 36 tháng và hợp đồng lao động không xác định thời hạn làm công việc sau: a) Sản xuất có,,,,
cc9ed97d-1407-59ca-a1f6-8c62937fa8dd,20.2.TT.4.3,Quỹ thời giờ làm việc tiêu chuẩn trong năm,article,official-gazette-word:sha256:525f7583bc976c3f89c832c8464732122d548be57277e8d5d121f8a30e124e41,vn:18-2021-tt-bldtbxh,,,,,,,,,259,fastembed-tokenizers:intfloat/multilingual-e5-large:document,257,259,2,512,0,False,False,Điều 20.2.TT.4.3 — Quỹ thời giờ làm việc tiêu chuẩn trong năm Nguồn: TT TQ = [TN - (Tt + Tp + TL)] x tn (giờ) Trong đó: - TQ: Quỹ thời giờ làm việc tiêu chuẩn trong năm của người lao động; - TN: Số ngày trong năm tính theo năm dương lịch là,,,,
1451b8cb-9da7-5f1c-80e2-7f945e44dd81,20.2.TT.4.4,Lập kế hoạch xác định số giờ làm việc tiêu chuẩn hằng ngày,article,official-gazette-word:sha256:525f7583bc976c3f89c832c8464732122d548be57277e8d5d121f8a30e124e41,vn:18-2021-tt-bldtbxh,,,,,,,,,148,fastembed-tokenizers:intfloat/multilingual-e5-large:document,146,148,2,512,0,False,False,"Điều 20.2.TT.4.4 — Lập kế hoạch xác định số giờ làm việc tiêu chuẩn hằng ngày Nguồn: TT Hằng năm, căn cứ vào quỹ thời giờ làm việc tiêu chuẩn trong năm (TQ) đã tính theo hướng dẫn tại Điều 3 Thông tư này, người sử dụng lao động lập kế hoạch",,,,
7379ffc1-92d8-5f42-81eb-ad10212633bf,20.2.TT.4.5,Nguyên tắc sử dụng quỹ thời giờ làm việc tiêu chuẩn,article,official-gazette-word:sha256:525f7583bc976c3f89c832c8464732122d548be57277e8d5d121f8a30e124e41,vn:18-2021-tt-bldtbxh,,,,,,,,,330,fastembed-tokenizers:intfloat/multilingual-e5-large:document,328,330,2,512,0,False,False,"Điều 20.2.TT.4.5 — Nguyên tắc sử dụng quỹ thời giờ làm việc tiêu chuẩn Nguồn: TT 1. Trong năm, tổng số giờ làm việc tiêu chuẩn được lập kế hoạch xác định theo hướng dẫn tại Điều 4 Thông tư này (gồm cả thời giờ nghỉ ngơi trong ngày được tính",,,,
e154ed5d-2c06-55d5-849c-1440b5dfe0b5,20.2.TT.4.6,Giới hạn giờ làm việc tiêu chuẩn hằng ngày và giờ làm thêm,article,official-gazette-word:sha256:525f7583bc976c3f89c832c8464732122d548be57277e8d5d121f8a30e124e41,vn:18-2021-tt-bldtbxh,,,,,,,,,183,fastembed-tokenizers:intfloat/multilingual-e5-large:document,181,183,2,512,0,False,False,"Điều 20.2.TT.4.6 — Giới hạn giờ làm việc tiêu chuẩn hằng ngày và giờ làm thêm Nguồn: TT 1. Tổng số giờ làm việc tiêu chuẩn và số giờ làm thêm trong một ngày không quá 12 giờ. 2. Giới hạn giờ làm việc tiêu chuẩn và giờ làm thêm theo tuần, th",,,,
98627151-f7bf-5b38-809b-bede82b5ff9a,20.2.TT.4.7,Thời giờ nghỉ ngơi,article,official-gazette-word:sha256:525f7583bc976c3f89c832c8464732122d548be57277e8d5d121f8a30e124e41,vn:18-2021-tt-bldtbxh,,,,,,,,,210,fastembed-tokenizers:intfloat/multilingual-e5-large:document,208,210,2,512,0,False,False,"Điều 20.2.TT.4.7 — Thời giờ nghỉ ngơi Nguồn: TT 1. Hằng tuần, người lao động được nghỉ ít nhất một ngày (24 giờ liên tục). Trong những tháng thời vụ hoặc phải gấp rút gia công hàng xuất khẩu theo đơn đặt hàng, nếu không thực hiện được nghỉ",,,,
2dd8090c-1b52-510d-9a6f-001c066e032b,20.2.TT.4.8,Trách nhiệm của người sử dụng lao động,article,official-gazette-word:sha256:525f7583bc976c3f89c832c8464732122d548be57277e8d5d121f8a30e124e41,vn:18-2021-tt-bldtbxh,,,,,,,,,360,fastembed-tokenizers:intfloat/multilingual-e5-large:document,358,360,2,512,0,False,False,"Điều 20.2.TT.4.8 — Trách nhiệm của người sử dụng lao động Nguồn: TT 1. Căn cứ vào kế hoạch sản xuất, kinh doanh, hằng năm chủ động quyết định áp dụng chế độ thời giờ làm việc, thời giờ nghỉ ngơi bình thường theo quy định của Bộ luật Lao độn",,,,
65c35f04-f6a5-5f4a-9eec-af8f916e263d,20.2.TT.4.9,Trách nhiệm của Sở Lao động - Thương binh và Xã hội,article,official-gazette-word:sha256:525f7583bc976c3f89c832c8464732122d548be57277e8d5d121f8a30e124e41,vn:18-2021-tt-bldtbxh,,,,,,,,,186,fastembed-tokenizers:intfloat/multilingual-e5-large:document,184,186,2,512,0,False,False,"Điều 20.2.TT.4.9 — Trách nhiệm của Sở Lao động - Thương binh và Xã hội Nguồn: TT 1. Phối hợp với các cơ quan liên quan phổ biến, hướng dẫn Thông tư này đến các doanh nghiệp, cơ sở sản xuất, kinh doanh đóng trên địa bàn. 2. Thường xuyên đôn",,,,
e8b2e903-4785-56ea-bdde-641193acb0c0,20.2.TT.4.10,Hiệu lực thi hành,article,official-gazette-word:sha256:525f7583bc976c3f89c832c8464732122d548be57277e8d5d121f8a30e124e41,vn:18-2021-tt-bldtbxh,,,,,,,,,151,fastembed-tokenizers:intfloat/multilingual-e5-large:document,149,151,2,512,0,False,False,Điều 20.2.TT.4.10 — Hiệu lực thi hành Nguồn: TT 1. Thông tư này có hiệu lực kể từ ngày 01 tháng 02 năm 2022. 2. Thông tư số 54/2015/TT-BLĐTBXH ngày 16 tháng 12 năm 2015 của Bộ trưởng Bộ Lao động - Thương binh và Xã hội hướng dẫn về thời giờ,,,,
7afe5f61-0721-54f6-ac03-e58d6ad0cfbf,20.2.TT.5.1,Phạm vi điều chỉnh,article,official-gazette-word:sha256:0eb0859ac9a55268cb0d5f87e16e1408e7bc221e6bae0f8cd68119f87948445f,vn:19-2021-tt-bldtbxh,,,,,,,,,99,fastembed-tokenizers:intfloat/multilingual-e5-large:document,97,99,2,512,0,False,False,Điều 20.2.TT.5.1 — Phạm vi điều chỉnh Nguồn: TT Thông tư này quy định Danh mục vùng có điều kiện kinh tế - xã hội đặc biệt khó khăn để làm căn cứ xác định các trường hợp có thể nghỉ hưu ở tuổi thấp hơn theo quy định tại khoản 3 Điều 169 của,,,,
9001e67e-5835-5995-a28f-83f3471caa7f,20.2.TT.5.2,Đối tượng áp dụng,article,official-gazette-word:sha256:0eb0859ac9a55268cb0d5f87e16e1408e7bc221e6bae0f8cd68119f87948445f,vn:19-2021-tt-bldtbxh,,,,,,,,,66,fastembed-tokenizers:intfloat/multilingual-e5-large:document,64,66,2,512,0,False,False,"Điều 20.2.TT.5.2 — Đối tượng áp dụng Nguồn: TT 1. Người lao động và người sử dụng lao động quy định tại các khoản 1, 2 và 3 Điều 2 của Bộ luật Lao động. 2. Cơ quan, tổ chức và cá nhân có liên quan đến bảo hiểm xã hội.",,,,
e747b06a-8c28-5140-9b45-c3524544d9da,20.2.TT.5.3,Danh mục vùng có điều kiện kinh tế - xã hội đặc biệt khó khăn để làm căn cứ xác định các trường hợp có thể nghỉ hưu ở tuổi thấp hơn tuổi nghỉ hưu trong điều kiện lao động bình thường,article,official-gazette-word:sha256:0eb0859ac9a55268cb0d5f87e16e1408e7bc221e6bae0f8cd68119f87948445f,vn:19-2021-tt-bldtbxh,,,,,,,,,112,fastembed-tokenizers:intfloat/multilingual-e5-large:document,110,112,2,512,0,False,False,Điều 20.2.TT.5.3 — Danh mục vùng có điều kiện kinh tế - xã hội đặc biệt khó khăn để làm căn cứ xác định các trường hợp có thể nghỉ hưu ở tuổi thấp hơn tuổi nghỉ hưu trong điều kiện lao động bình thường Nguồn: TT Ban hành kèm theo Thông tư n,,,,
d8680a33-2344-54e8-b485-92fb2dc83ae3,20.2.TT.5.4,Hiệu lực thi hành,article,official-gazette-word:sha256:0eb0859ac9a55268cb0d5f87e16e1408e7bc221e6bae0f8cd68119f87948445f,vn:19-2021-tt-bldtbxh,,,,,,,,,116,fastembed-tokenizers:intfloat/multilingual-e5-large:document,114,116,2,512,0,False,False,Điều 20.2.TT.5.4 — Hiệu lực thi hành Nguồn: TT 1. Thông tư này có hiệu lực thi hành kể từ ngày 30 tháng 01 năm 2022. 2. Các quy định tại Thông tư này được áp dụng từ ngày 01 tháng 01 năm 2021. Thời gian người lao động làm việc trước ngày 01,,,,
68b34824-77f3-549d-a0ee-45b3f2093ed6,20.2.TT.5.5,Tổ chức thực hiện,article,official-gazette-word:sha256:0eb0859ac9a55268cb0d5f87e16e1408e7bc221e6bae0f8cd68119f87948445f,vn:19-2021-tt-bldtbxh,,,,,,,,,122,fastembed-tokenizers:intfloat/multilingual-e5-large:document,120,122,2,512,0,False,False,"Điều 20.2.TT.5.5 — Tổ chức thực hiện Nguồn: TT 1. Ủy ban nhân dân các tỉnh, thành phố trực thuộc Trung ương có trách nhiệm chỉ đạo Sở Lao động - Thương binh và Xã hội và các cơ quan có liên quan kiểm tra, đôn đốc việc thực hiện Thông tư này",,,,
0a2d16e2-8881-56ff-a553-41b3deec122b,20.2.TT.6.1,Phạm vi điều chỉnh,article,official-gazette-word:sha256:400d3571aaba503d7f79a2e5fcee8dcb1c298594aac4db62deab9d70932b4eb3,vn:12-2022-tt-bct,,,,,,,,,64,fastembed-tokenizers:intfloat/multilingual-e5-large:document,62,64,2,512,0,False,False,"Điều 20.2.TT.6.1 — Phạm vi điều chỉnh Nguồn: TT Thông tư này quy định về thời giờ làm việc, thời giờ nghỉ ngơi đối với người lao động làm công việc vận hành, bảo dưỡng, sửa chữa hệ thống đường ống phân phối khí và các công trình khí.",,,,
795c5663-ca36-55f3-958b-d684a04c20d9,20.2.TT.6.2,Đối tượng áp dụng,article,official-gazette-word:sha256:400d3571aaba503d7f79a2e5fcee8dcb1c298594aac4db62deab9d70932b4eb3,vn:12-2022-tt-bct,,,,,,,,,171,fastembed-tokenizers:intfloat/multilingual-e5-large:document,169,171,2,512,0,False,False,"Điều 20.2.TT.6.2 — Đối tượng áp dụng Nguồn: TT 1. Đối tượng áp dụng: a. Người sử dụng lao động là tổ chức, cá nhân sử dụng lao động hoạt động trong các lĩnh vực: quản lý, vận hành, bảo dưỡng, sửa chữa hệ thống đường ống phân phối khí và các",,,,
e3ff1008-45ac-5e7b-a6f9-856acd24737a,20.2.TT.6.3,Giải thích từ ngữ,article,official-gazette-word:sha256:400d3571aaba503d7f79a2e5fcee8dcb1c298594aac4db62deab9d70932b4eb3,vn:12-2022-tt-bct,,,,,,,,,160,fastembed-tokenizers:intfloat/multilingual-e5-large:document,158,160,2,512,0,False,False,"Điều 20.2.TT.6.3 — Giải thích từ ngữ Nguồn: TT Trong Thông tư này, các từ ngữ dưới đây được hiểu như sau: 1. Ca làm việc là khoảng thời gian làm việc của người lao động bao gồm: thời giờ làm việc tại địa điểm làm việc và thời gian nghỉ giữa",,,,
4b4799ee-8097-5a33-a1ce-7ee7368624b3,20.2.TT.6.4,Thời giờ làm việc,article,official-gazette-word:sha256:400d3571aaba503d7f79a2e5fcee8dcb1c298594aac4db62deab9d70932b4eb3,vn:12-2022-tt-bct,,,,,,,,,83,fastembed-tokenizers:intfloat/multilingual-e5-large:document,81,83,2,512,0,False,False,"Điều 20.2.TT.6.4 — Thời giờ làm việc Nguồn: TT Người lao động làm công việc vận hành, bảo dưỡng, sửa chữa hệ thống đường ống phân phối khí và các công trình khí làm việc theo ca và phiên làm việc, cụ thể như sau: 1. Ca làm việc không quá 12",,,,
b6188185-ee94-55e9-bcbd-2947f7c3eee7,20.2.TT.6.5,Làm thêm giờ,article,official-gazette-word:sha256:400d3571aaba503d7f79a2e5fcee8dcb1c298594aac4db62deab9d70932b4eb3,vn:12-2022-tt-bct,,,,,,,,,158,fastembed-tokenizers:intfloat/multilingual-e5-large:document,156,158,2,512,0,False,False,Điều 20.2.TT.6.5 — Làm thêm giờ Nguồn: TT 1. Thời gian làm thêm giờ là khoảng thời gian làm việc ngoài ca làm việc hoặc ngoài phiên làm việc quy định tại Điều 4 Thông tư này. 2. Bảo đảm tổng số giờ làm việc của ca làm việc và số giờ làm thê,,,,
b8f05eea-22c9-5fe2-b190-15d9c7526ee1,20.2.TT.6.6,Nghỉ trong giờ làm việc,article,official-gazette-word:sha256:400d3571aaba503d7f79a2e5fcee8dcb1c298594aac4db62deab9d70932b4eb3,vn:12-2022-tt-bct,,,,,,,,,58,fastembed-tokenizers:intfloat/multilingual-e5-large:document,56,58,2,512,0,False,False,Điều 20.2.TT.6.6 — Nghỉ trong giờ làm việc Nguồn: TT 1. Nghỉ trong giờ làm việc tuân thủ quy định tại Điều 109 Bộ luật Lao động. 2. Thời gian chuyển tiếp giữa hai ca làm việc liền kề không quá 45 phút.,,,,
7721a7b8-e95a-5d7e-9c93-053b01312d15,20.2.TT.6.7,"Nghỉ chuyển ca; Nghỉ lễ, tết; Nghỉ hàng năm; Nghỉ việc riêng, nghỉ không hưởng lương",article,official-gazette-word:sha256:400d3571aaba503d7f79a2e5fcee8dcb1c298594aac4db62deab9d70932b4eb3,vn:12-2022-tt-bct,,,,,,,,,144,fastembed-tokenizers:intfloat/multilingual-e5-large:document,142,144,2,512,0,False,False,"Điều 20.2.TT.6.7 — Nghỉ chuyển ca; Nghỉ lễ, tết; Nghỉ hàng năm; Nghỉ việc riêng, nghỉ không hưởng lương Nguồn: TT 1. Nghỉ chuyển ca; Nghỉ lễ, tết; Nghỉ việc riêng, nghỉ không hưởng lương tuân thủ quy định tại Điều 110, Điều 112 và Điều 115",,,,
701c8082-dc37-5935-bd95-f8f5645c794c,20.2.TT.6.8,Nghỉ chuyển phiên,article,official-gazette-word:sha256:400d3571aaba503d7f79a2e5fcee8dcb1c298594aac4db62deab9d70932b4eb3,vn:12-2022-tt-bct,,,,,,,,,55,fastembed-tokenizers:intfloat/multilingual-e5-large:document,53,55,2,512,0,False,False,"Điều 20.2.TT.6.8 — Nghỉ chuyển phiên Nguồn: TT Sau mỗi phiên làm việc, người lao động làm việc theo phiên được bố trí nghỉ liên tục với số ngày nghỉ bằng với số ngày làm việc trong phiên làm việc trước đó.",,,,
bf598857-dd22-57c6-8cfe-22f9e6b6bb3f,20.2.TT.6.9,Trách nhiệm của người sử dụng lao động,article,official-gazette-word:sha256:400d3571aaba503d7f79a2e5fcee8dcb1c298594aac4db62deab9d70932b4eb3,vn:12-2022-tt-bct,,,,,,,,,116,fastembed-tokenizers:intfloat/multilingual-e5-large:document,114,116,2,512,0,False,False,Điều 20.2.TT.6.9 — Trách nhiệm của người sử dụng lao động Nguồn: TT 1. Người sử dụng lao động có trách nhiệm quy định cụ thể ca làm việc và phiên làm việc của người lao động trong Nội quy lao động và thông báo cho người lao động trước khi đ,,,,
c42e5ae8-29df-5cc9-8d65-d134d4df8cee,20.2.TT.6.10,Hiệu lực thi hành,article,official-gazette-word:sha256:400d3571aaba503d7f79a2e5fcee8dcb1c298594aac4db62deab9d70932b4eb3,vn:12-2022-tt-bct,,,,,,,,,100,fastembed-tokenizers:intfloat/multilingual-e5-large:document,98,100,2,512,0,False,False,"Điều 20.2.TT.6.10 — Hiệu lực thi hành Nguồn: TT 1. Thông tư này có hiệu lực thi hành kể từ ngày 09 tháng 9 năm 2022. 2. Vụ Tổ chức cán bộ có trách nhiệm giám sát, kiểm tra quá trình thực hiện các quy định tại Thông tư này. 3. Trong quá trìn",,,,
de4219ec-ce4f-568f-96b2-4796c1146bb5,20.2.TT.7.1,Phạm vi điều chỉnh,article,official-gazette-word:sha256:bf9f045ef7cbc47d181b4e0218be51666fa933067554f045de728a4acbd405a3,vn:20-2023-tt-bct,,,,,,,,,62,fastembed-tokenizers:intfloat/multilingual-e5-large:document,60,62,2,512,0,False,False,"Điều 20.2.TT.7.1 — Phạm vi điều chỉnh Nguồn: TT Thông tư này quy định về thời giờ làm việc, thời giờ nghỉ ngơi đối với người lao động làm các công việc có tính chất đặc biệt trong lĩnh vực thăm dò, khai thác dầu khí trên biển.",,,,
2f55140a-1652-54c5-a2ef-2e8c6e8a6c87,20.2.TT.7.2,Đối tượng áp dụng,article,official-gazette-word:sha256:bf9f045ef7cbc47d181b4e0218be51666fa933067554f045de728a4acbd405a3,vn:20-2023-tt-bct,,,,,,,,,119,fastembed-tokenizers:intfloat/multilingual-e5-large:document,117,119,2,512,0,False,False,"Điều 20.2.TT.7.2 — Đối tượng áp dụng Nguồn: TT 1. Đối tượng áp dụng: a. Người sử dụng lao động là doanh nghiệp, tổ chức, cá nhân có thuê mướn, sử dụng lao động hoạt động trong lĩnh vực thăm dò, khai thác dầu khí trên biển; b. Người lao động",,,,
8b6deac4-85e5-53e3-97b7-f744acad4744,20.2.TT.7.3,Giải thích từ ngữ,article,official-gazette-word:sha256:bf9f045ef7cbc47d181b4e0218be51666fa933067554f045de728a4acbd405a3,vn:20-2023-tt-bct,,,,,,,,,255,fastembed-tokenizers:intfloat/multilingual-e5-large:document,253,255,2,512,0,False,False,"Điều 20.2.TT.7.3 — Giải thích từ ngữ Nguồn: TT Trong Thông tư này, các từ ngữ dưới đây được hiểu như sau: 1. Công trình dầu khí trên biển là một công trình độc lập hoặc một tổ hợp các công trình hoặc một dây chuyền công nghệ trong các cơ sở",,,,
09df41bf-2147-56ba-9a55-ae1944743bc8,20.2.TT.7.4,Thời giờ làm việc đối với người lao động làm việc thường xuyên,article,official-gazette-word:sha256:bf9f045ef7cbc47d181b4e0218be51666fa933067554f045de728a4acbd405a3,vn:20-2023-tt-bct,,,,,,,,,82,fastembed-tokenizers:intfloat/multilingual-e5-large:document,80,82,2,512,0,False,False,"Điều 20.2.TT.7.4 — Thời giờ làm việc đối với người lao động làm việc thường xuyên Nguồn: TT Người lao động làm việc thường xuyên tại các công trình dầu khí trên biển theo phiên và theo ca làm việc, cụ thể như sau: a. Ca làm việc không quá 1",,,,
0f83b422-592b-5d5a-b226-09e701c3ceff,20.2.TT.7.5,Thời giờ làm việc đối với người lao động làm việc không thường xuyên,clause,official-gazette-word:sha256:bf9f045ef7cbc47d181b4e0218be51666fa933067554f045de728a4acbd405a3,vn:20-2023-tt-bct,,,,,,,,,435,fastembed-tokenizers:intfloat/multilingual-e5-large:document,433,435,2,512,0,False,False,Điều 20.2.TT.7.5 — Thời giờ làm việc đối với người lao động làm việc không thường xuyên Khoản: 1 Nguồn: TT 1. Thời giờ làm việc tiêu chuẩn Tổng số giờ làm việc tiêu chuẩn trong 1 năm của người lao động làm việc không thường xuyên được tính,,,,
b24c5362-5aac-5455-85b4-916a1ee39d72,20.2.TT.7.5,Thời giờ làm việc đối với người lao động làm việc không thường xuyên,clause,official-gazette-word:sha256:bf9f045ef7cbc47d181b4e0218be51666fa933067554f045de728a4acbd405a3,vn:20-2023-tt-bct,,,,,,,,,88,fastembed-tokenizers:intfloat/multilingual-e5-large:document,86,88,2,512,0,False,False,"Điều 20.2.TT.7.5 — Thời giờ làm việc đối với người lao động làm việc không thường xuyên Khoản: 2 Nguồn: TT 2. Người lao động làm việc không thường xuyên tại các công trình dầu khí trên biển theo phiên và theo ca làm việc, cụ thể như sau: a.",,,,
c20b5675-39c8-5e42-8af9-4b85189fe61d,20.2.TT.7.5,Thời giờ làm việc đối với người lao động làm việc không thường xuyên,clause,official-gazette-word:sha256:bf9f045ef7cbc47d181b4e0218be51666fa933067554f045de728a4acbd405a3,vn:20-2023-tt-bct,,,,,,,,,80,fastembed-tokenizers:intfloat/multilingual-e5-large:document,78,80,2,512,0,False,False,Điều 20.2.TT.7.5 — Thời giờ làm việc đối với người lao động làm việc không thường xuyên Khoản: 3 Nguồn: TT 3. Người sử dụng lao động thỏa thuận bằng văn bản hoặc thống nhất với người lao động về ca làm việc và phiên làm việc trước khi cử ng,,,,
ebc92ff0-743b-58fa-867d-4db674d181bf,20.2.TT.7.5,Thời giờ làm việc đối với người lao động làm việc không thường xuyên,clause,official-gazette-word:sha256:bf9f045ef7cbc47d181b4e0218be51666fa933067554f045de728a4acbd405a3,vn:20-2023-tt-bct,,,,,,,,,87,fastembed-tokenizers:intfloat/multilingual-e5-large:document,85,87,2,512,0,False,False,"Điều 20.2.TT.7.5 — Thời giờ làm việc đối với người lao động làm việc không thường xuyên Khoản: 4 Nguồn: TT 4. Trong thời gian không làm việc trên công trình dầu khí trên biển, người lao động làm việc không thường xuyên được bố trí nghỉ bù t",,,,
d1b9e7b9-1c1a-50b4-8f98-5ad5e377df18,20.2.TT.7.5,Thời giờ làm việc đối với người lao động làm việc không thường xuyên,clause,official-gazette-word:sha256:bf9f045ef7cbc47d181b4e0218be51666fa933067554f045de728a4acbd405a3,vn:20-2023-tt-bct,,,,,,,,,73,fastembed-tokenizers:intfloat/multilingual-e5-large:document,71,73,2,512,0,False,False,Điều 20.2.TT.7.5 — Thời giờ làm việc đối với người lao động làm việc không thường xuyên Khoản: 5 Nguồn: TT 5. Tổng số giờ làm việc bình thường trong năm của người lao động làm việc không thường xuyên không được vượt quá thời giờ làm việc ti,,,,
b64f134d-c560-5c1c-be56-530089b4513f,20.2.TT.7.6,Làm thêm giờ,article,official-gazette-word:sha256:bf9f045ef7cbc47d181b4e0218be51666fa933067554f045de728a4acbd405a3,vn:20-2023-tt-bct,,,,,,,,,248,fastembed-tokenizers:intfloat/multilingual-e5-large:document,246,248,2,512,0,False,False,Điều 20.2.TT.7.6 — Làm thêm giờ Nguồn: TT 1. Thời gian làm việc ngoài ca làm việc hoặc ngoài phiên làm việc quy định tại khoản 1 Điều 4 Thông tư này đối với người lao động làm việc thường xuyên được tính là thời gian làm thêm giờ. Thời gian,,,,
d18a6713-dbd9-548f-a76e-87ef8dc7fa27,20.2.TT.7.7,Làm thêm giờ trong trường hợp đặc biệt,article,official-gazette-word:sha256:bf9f045ef7cbc47d181b4e0218be51666fa933067554f045de728a4acbd405a3,vn:20-2023-tt-bct,,,,,,,,,124,fastembed-tokenizers:intfloat/multilingual-e5-large:document,122,124,2,512,0,False,False,Điều 20.2.TT.7.7 — Làm thêm giờ trong trường hợp đặc biệt Nguồn: TT 1. Việc tổ chức làm thêm giờ trong trường hợp đặc biệt tuân thủ quy định tại Điều 108 Bộ luật Lao động. 2. Người sử dụng lao động phải có trách nhiệm sắp xếp cho người lao,,,,
784520b1-1be0-5147-8c14-bc69dcf1364c,20.2.TT.7.8,Thời giờ nghỉ ngơi,article,official-gazette-word:sha256:bf9f045ef7cbc47d181b4e0218be51666fa933067554f045de728a4acbd405a3,vn:20-2023-tt-bct,,,,,,,,,286,fastembed-tokenizers:intfloat/multilingual-e5-large:document,284,286,2,512,0,False,False,"Điều 20.2.TT.7.8 — Thời giờ nghỉ ngơi Nguồn: TT 1. Sau mỗi ca làm việc, người lao động được bố trí nghỉ liên tục tối thiểu 10 giờ trước khi bắt đầu ca làm việc mới. 2. Người sử dụng lao động có trách nhiệm bố trí thời gian nghỉ giải lao giữ",,,,
974f3cbf-2534-5c8e-a23a-01d59e827464,20.2.TT.7.9,Nghỉ hàng năm,article,official-gazette-word:sha256:bf9f045ef7cbc47d181b4e0218be51666fa933067554f045de728a4acbd405a3,vn:20-2023-tt-bct,,,,,,,,,93,fastembed-tokenizers:intfloat/multilingual-e5-large:document,91,93,2,512,0,False,False,"Điều 20.2.TT.7.9 — Nghỉ hàng năm Nguồn: TT Người lao động được nghỉ hàng năm, ngoài thời gian nghỉ giữa phiên làm việc tuân thủ quy định tại Điều 113 và Điều 114 Bộ luật lao động. Trường hợp không thể bố trí nghỉ hàng năm cho người lao động",,,,
7af4d17f-6fbb-5f55-bba6-b7f647e9f275,20.2.TT.7.10,"Nghỉ Lễ, Tết; Nghỉ việc riêng; Nghỉ không hưởng lương",article,official-gazette-word:sha256:bf9f045ef7cbc47d181b4e0218be51666fa933067554f045de728a4acbd405a3,vn:20-2023-tt-bct,,,,,,,,,100,fastembed-tokenizers:intfloat/multilingual-e5-large:document,98,100,2,512,0,False,False,"Điều 20.2.TT.7.10 — Nghỉ Lễ, Tết; Nghỉ việc riêng; Nghỉ không hưởng lương Nguồn: TT 1. Người lao động được bố trí nghỉ Lễ, Tết; nghỉ việc riêng và nghỉ không hưởng lương theo quy định tại Điều 112 và Điều 115 Bộ luật Lao động. 2. Trường hợp",,,,
b12bc37e-fd70-533b-a29c-4b49e000972f,20.2.TT.7.11,Trách nhiệm của người sử dụng lao động,article,official-gazette-word:sha256:bf9f045ef7cbc47d181b4e0218be51666fa933067554f045de728a4acbd405a3,vn:20-2023-tt-bct,,,,,,,,,116,fastembed-tokenizers:intfloat/multilingual-e5-large:document,114,116,2,512,0,False,False,Điều 20.2.TT.7.11 — Trách nhiệm của người sử dụng lao động Nguồn: TT 1. Người sử dụng lao động có trách nhiệm quy định cụ thể ca làm việc và phiên làm việc của người lao động trong Nội quy lao động và thông báo cho người lao động trước khi,,,,
caf6664b-c9dc-507a-8eb4-d8957244a299,20.2.TT.7.12,Hiệu lực thi hành,article,official-gazette-word:sha256:bf9f045ef7cbc47d181b4e0218be51666fa933067554f045de728a4acbd405a3,vn:20-2023-tt-bct,,,,,,,,,160,fastembed-tokenizers:intfloat/multilingual-e5-large:document,158,160,2,512,0,False,False,Điều 20.2.TT.7.12 — Hiệu lực thi hành Nguồn: TT 1. Thông tư này có hiệu lực thi hành kể từ ngày 25 tháng 12 năm 2023. Thông tư này thay thế Thông tư số 24/2015/TT-BCT ngày 31 tháng 7 năm 2015 của Bộ trưởng Bộ Công Thương quy định thời giờ l,,,,
5cd3f01e-2482-5d8d-bf98-dfa27d2359f3,20.2.TT.8.1,Phạm vi điều chỉnh,article,official-gazette-word:sha256:0f3afa3650504ad1a0161d1dbe55b3942c12fa5f057171d6ef251652c6339ef8,vn:17-2023-tt-bldtbxh,,,,,,,,,109,fastembed-tokenizers:intfloat/multilingual-e5-large:document,107,109,2,512,0,False,False,"Điều 20.2.TT.8.1 — Phạm vi điều chỉnh Nguồn: TT Thông tư này hướng dẫn việc ủy quyền thực hiện nhiệm vụ quản lý nhà nước về lao động trong các khu công nghiệp, khu kinh tế (sau đây được viết là khu công nghiệp) theo quy định tại Nghị định s",,,,
a428413a-e3d7-5d20-9de3-435ce34932fc,20.2.TT.8.2,Đối tượng áp dụng,article,official-gazette-word:sha256:0f3afa3650504ad1a0161d1dbe55b3942c12fa5f057171d6ef251652c6339ef8,vn:17-2023-tt-bldtbxh,,,,,,,,,148,fastembed-tokenizers:intfloat/multilingual-e5-large:document,146,148,2,512,0,False,False,"Điều 20.2.TT.8.2 — Đối tượng áp dụng Nguồn: TT 1. Ủy ban nhân dân tỉnh, thành phố trực thuộc Trung ương (sau đây được viết là Ủy ban nhân dân cấp tỉnh). 2. Sở Lao động - Thương binh và Xã hội tỉnh, thành phố trực thuộc Trung ương (sau đây đ",,,,
4ed5f401-5166-5cec-93f5-5661f105c63e,20.2.TT.8.3,"Cơ quan ủy quyền, cơ quan được ủy quyền",article,official-gazette-word:sha256:0f3afa3650504ad1a0161d1dbe55b3942c12fa5f057171d6ef251652c6339ef8,vn:17-2023-tt-bldtbxh,,,,,,,,,51,fastembed-tokenizers:intfloat/multilingual-e5-large:document,49,51,2,512,0,False,False,"Điều 20.2.TT.8.3 — Cơ quan ủy quyền, cơ quan được ủy quyền Nguồn: TT 1. Cơ quan ủy quyền: Ủy ban nhân dân cấp tỉnh. 2. Cơ quan được ủy quyền: Ban quản lý khu công nghiệp.",,,,
0729de37-93c0-59fe-a2e2-63e76ea0c56b,20.2.TT.8.4,Nguyên tắc ủy quyền,article,official-gazette-word:sha256:0f3afa3650504ad1a0161d1dbe55b3942c12fa5f057171d6ef251652c6339ef8,vn:17-2023-tt-bldtbxh,,,,,,,,,114,fastembed-tokenizers:intfloat/multilingual-e5-large:document,112,114,2,512,0,False,False,"Điều 20.2.TT.8.4 — Nguyên tắc ủy quyền Nguồn: TT 1. Đảm bảo hiệu lực, hiệu quả công tác quản lý nhà nước về lao động trong khu công nghiệp. 2. Tạo điều kiện thuận lợi cho hoạt động sản xuất kinh doanh của doanh nghiệp trong khu công nghiệp.",,,,
22cb6ec9-86c6-5064-918f-0a734a76bec4,20.2.TT.8.5,"Hình thức, thời hạn ủy quyền",article,official-gazette-word:sha256:0f3afa3650504ad1a0161d1dbe55b3942c12fa5f057171d6ef251652c6339ef8,vn:17-2023-tt-bldtbxh,,,,,,,,,128,fastembed-tokenizers:intfloat/multilingual-e5-large:document,126,128,2,512,0,False,False,"Điều 20.2.TT.8.5 — Hình thức, thời hạn ủy quyền Nguồn: TT 1. Ủy quyền phải được lập thành văn bản. Văn bản ủy quyền được lập thành 04 (bốn) bản theo mẫu tại Phụ lục I ban hành kèm theo Thông tư này, mỗi bên giữ 01 (một) bản, 01 (một) bản gử",,,,
567742df-5fe6-5f6c-bac5-4c54a7cd4f09,20.2.TT.8.6,Chấm dứt ủy quyền trước thời hạn,article,official-gazette-word:sha256:0f3afa3650504ad1a0161d1dbe55b3942c12fa5f057171d6ef251652c6339ef8,vn:17-2023-tt-bldtbxh,,,,,,,,,116,fastembed-tokenizers:intfloat/multilingual-e5-large:document,114,116,2,512,0,False,False,"Điều 20.2.TT.8.6 — Chấm dứt ủy quyền trước thời hạn Nguồn: TT Cơ quan ủy quyền có quyền chấm dứt ủy quyền trước thời hạn khi xét thấy cơ quan được ủy quyền thực hiện không đúng nội dung đã được ủy quyền hoặc xuất phát từ tình hình thực tế,",,,,
33f8916a-553b-5827-9f22-96c106acda11,20.2.TT.8.7,Nội dung ủy quyền,article,official-gazette-word:sha256:0f3afa3650504ad1a0161d1dbe55b3942c12fa5f057171d6ef251652c6339ef8,vn:17-2023-tt-bldtbxh,,,,,,,,,78,fastembed-tokenizers:intfloat/multilingual-e5-large:document,76,78,2,512,0,False,False,Điều 20.2.TT.8.7 — Nội dung ủy quyền Nguồn: TT Ủy ban nhân dân cấp tỉnh quyết định việc ủy quyền cho Ban quản lý khu công nghiệp thực hiện công việc sau: Tiếp nhận thông báo về việc cho thôi việc đối với người lao động của các doanh nghiệp,,,,
0b99b03d-25de-54f6-9d39-5af2a89da788,20.2.TT.8.8,Trách nhiệm của Ủy ban nhân dân cấp tỉnh,article,official-gazette-word:sha256:0f3afa3650504ad1a0161d1dbe55b3942c12fa5f057171d6ef251652c6339ef8,vn:17-2023-tt-bldtbxh,,,,,,,,,180,fastembed-tokenizers:intfloat/multilingual-e5-large:document,178,180,2,512,0,False,False,"Điều 20.2.TT.8.8 — Trách nhiệm của Ủy ban nhân dân cấp tỉnh Nguồn: TT 1. Tổ chức triển khai nội dung ủy quyền về lao động trong khu công nghiệp theo quy định tại Thông tư này. 2. Chỉ đạo, hướng dẫn, kiểm tra Ban quản lý khu công nghiệp tron",,,,
1c184826-7276-503f-96eb-9abd2f334906,20.2.TT.8.9,Trách nhiệm của Ban quản lý khu công nghiệp,article,official-gazette-word:sha256:0f3afa3650504ad1a0161d1dbe55b3942c12fa5f057171d6ef251652c6339ef8,vn:17-2023-tt-bldtbxh,,,,,,,,,290,fastembed-tokenizers:intfloat/multilingual-e5-large:document,288,290,2,512,0,False,False,"Điều 20.2.TT.8.9 — Trách nhiệm của Ban quản lý khu công nghiệp Nguồn: TT 1. Ban quản lý khu công nghiệp trực tiếp thực hiện đúng và đầy đủ nội dung công việc đã được ủy quyền, đảm bảo hiệu quả quản lý nhà nước về lao động trong khu công ngh",,,,
468eb57f-981e-5b4a-965f-e1f4faa99fdd,20.2.TT.8.10,Trách nhiệm của Sở Lao động - Thương binh và Xã hội,article,official-gazette-word:sha256:0f3afa3650504ad1a0161d1dbe55b3942c12fa5f057171d6ef251652c6339ef8,vn:17-2023-tt-bldtbxh,,,,,,,,,170,fastembed-tokenizers:intfloat/multilingual-e5-large:document,168,170,2,512,0,False,False,"Điều 20.2.TT.8.10 — Trách nhiệm của Sở Lao động - Thương binh và Xã hội Nguồn: TT Tham mưu, giúp Ủy ban nhân dân cấp tỉnh trong việc tổng hợp, báo cáo về việc thực hiện quản lý nhà nước về lao động trong khu công nghiệp trên địa bàn tỉnh qu",,,,
834b5f6d-f1e8-572b-83b4-226fedc7ceeb,20.2.TT.8.11,Hiệu lực thi hành,article,official-gazette-word:sha256:0f3afa3650504ad1a0161d1dbe55b3942c12fa5f057171d6ef251652c6339ef8,vn:17-2023-tt-bldtbxh,,,,,,,,,159,fastembed-tokenizers:intfloat/multilingual-e5-large:document,157,159,2,512,0,False,False,Điều 20.2.TT.8.11 — Hiệu lực thi hành Nguồn: TT 1. Thông tư này có hiệu lực kể từ ngày 01 tháng 3 năm 2024. 2. Thông tư số 32/2014/TT-BLĐTBXH ngày 01 tháng 12 năm 2014 của Bộ Lao động - Thương binh và Xã hội hướng dẫn ủy quyền thực hiện một,,,,
c2555536-801e-5b69-ae97-5a247ab5850f,20.2.TT.8.12,Tổ chức thực hiện,article,official-gazette-word:sha256:0f3afa3650504ad1a0161d1dbe55b3942c12fa5f057171d6ef251652c6339ef8,vn:17-2023-tt-bldtbxh,,,,,,,,,183,fastembed-tokenizers:intfloat/multilingual-e5-large:document,181,183,2,512,0,False,False,"Điều 20.2.TT.8.12 — Tổ chức thực hiện Nguồn: TT 1. Vụ Pháp chế, Bộ Lao động - Thương binh và Xã hội giúp Bộ trưởng kiểm tra, đôn đốc, tổng hợp tình hình thực hiện, đề xuất, kiến nghị xử lý vướng mắc liên quan đến việc ủy quyền quản lý nhà n",,,,
40f39938-e5a4-5202-a90c-86dee077bd74,NQ66.18.4,"Bãi bỏ một số điểm, phần, mục tại các Phụ lục ban hành kèm theo Nghị quyết số 66.16/2026/NQ-CP cắt giảm, đơn giản hóa thủ tục hành chính, quy định liên quan đến hoạt động sản xuất, kinh doanh",clause,official-docx:sha256:73dbd510f1d2cd838ed7e77dc7850ef31c71afbee95d9b9877077f8805bbe0fd,vn:66.18-2026-nq-cp,,,,,,,,,247,fastembed-tokenizers:intfloat/multilingual-e5-large:document,245,247,2,512,0,False,False,"Điều NQ66.18.4 — Bãi bỏ một số điểm, phần, mục tại các Phụ lục ban hành kèm theo Nghị quyết số 66.16/2026/NQ-CP cắt giảm, đơn giản hóa thủ tục hành chính, quy định liên quan đến hoạt động sản xuất, kinh doanh Khoản: 1 Nguồn: Nghị quyết 1. B",,,,
63d2ca2c-e3f3-5ff9-bbda-82d08b091e48,NQ66.18.4,"Bãi bỏ một số điểm, phần, mục tại các Phụ lục ban hành kèm theo Nghị quyết số 66.16/2026/NQ-CP cắt giảm, đơn giản hóa thủ tục hành chính, quy định liên quan đến hoạt động sản xuất, kinh doanh",clause,official-docx:sha256:73dbd510f1d2cd838ed7e77dc7850ef31c71afbee95d9b9877077f8805bbe0fd,vn:66.18-2026-nq-cp,,,,,,,,,142,fastembed-tokenizers:intfloat/multilingual-e5-large:document,140,142,2,512,0,False,False,"Điều NQ66.18.4 — Bãi bỏ một số điểm, phần, mục tại các Phụ lục ban hành kèm theo Nghị quyết số 66.16/2026/NQ-CP cắt giảm, đơn giản hóa thủ tục hành chính, quy định liên quan đến hoạt động sản xuất, kinh doanh Khoản: 2 Nguồn: Nghị quyết 2. B",,,,
0df048f7-5da9-5a74-97a5-9016f2978b6a,NQ66.18.4,"Bãi bỏ một số điểm, phần, mục tại các Phụ lục ban hành kèm theo Nghị quyết số 66.16/2026/NQ-CP cắt giảm, đơn giản hóa thủ tục hành chính, quy định liên quan đến hoạt động sản xuất, kinh doanh",clause,official-docx:sha256:73dbd510f1d2cd838ed7e77dc7850ef31c71afbee95d9b9877077f8805bbe0fd,vn:66.18-2026-nq-cp,,,,,,,,,171,fastembed-tokenizers:intfloat/multilingual-e5-large:document,169,171,2,512,0,False,False,"Điều NQ66.18.4 — Bãi bỏ một số điểm, phần, mục tại các Phụ lục ban hành kèm theo Nghị quyết số 66.16/2026/NQ-CP cắt giảm, đơn giản hóa thủ tục hành chính, quy định liên quan đến hoạt động sản xuất, kinh doanh Khoản: 3 Nguồn: Nghị quyết 3. B",,,,
27c62b90-7fb5-51a9-a16c-8a1de706dc85,NQ66.18.4,"Bãi bỏ một số điểm, phần, mục tại các Phụ lục ban hành kèm theo Nghị quyết số 66.16/2026/NQ-CP cắt giảm, đơn giản hóa thủ tục hành chính, quy định liên quan đến hoạt động sản xuất, kinh doanh",clause,official-docx:sha256:73dbd510f1d2cd838ed7e77dc7850ef31c71afbee95d9b9877077f8805bbe0fd,vn:66.18-2026-nq-cp,,,,,,,,,154,fastembed-tokenizers:intfloat/multilingual-e5-large:document,152,154,2,512,0,False,False,"Điều NQ66.18.4 — Bãi bỏ một số điểm, phần, mục tại các Phụ lục ban hành kèm theo Nghị quyết số 66.16/2026/NQ-CP cắt giảm, đơn giản hóa thủ tục hành chính, quy định liên quan đến hoạt động sản xuất, kinh doanh Khoản: 4 Nguồn: Nghị quyết 4. B",,,,
7cadf050-476e-5d37-8a15-3fb6dc8b79c3,NQ66.18.4,"Bãi bỏ một số điểm, phần, mục tại các Phụ lục ban hành kèm theo Nghị quyết số 66.16/2026/NQ-CP cắt giảm, đơn giản hóa thủ tục hành chính, quy định liên quan đến hoạt động sản xuất, kinh doanh",clause,official-docx:sha256:73dbd510f1d2cd838ed7e77dc7850ef31c71afbee95d9b9877077f8805bbe0fd,vn:66.18-2026-nq-cp,,,,,,,,,108,fastembed-tokenizers:intfloat/multilingual-e5-large:document,106,108,2,512,0,False,False,"Điều NQ66.18.4 — Bãi bỏ một số điểm, phần, mục tại các Phụ lục ban hành kèm theo Nghị quyết số 66.16/2026/NQ-CP cắt giảm, đơn giản hóa thủ tục hành chính, quy định liên quan đến hoạt động sản xuất, kinh doanh Khoản: 5 Nguồn: Nghị quyết 5. B",,,,
19b01ea9-821c-5589-b20a-a2997327273a,NQ66.18.4,"Bãi bỏ một số điểm, phần, mục tại các Phụ lục ban hành kèm theo Nghị quyết số 66.16/2026/NQ-CP cắt giảm, đơn giản hóa thủ tục hành chính, quy định liên quan đến hoạt động sản xuất, kinh doanh",clause,official-docx:sha256:73dbd510f1d2cd838ed7e77dc7850ef31c71afbee95d9b9877077f8805bbe0fd,vn:66.18-2026-nq-cp,,,,,,,,,156,fastembed-tokenizers:intfloat/multilingual-e5-large:document,154,156,2,512,0,False,False,"Điều NQ66.18.4 — Bãi bỏ một số điểm, phần, mục tại các Phụ lục ban hành kèm theo Nghị quyết số 66.16/2026/NQ-CP cắt giảm, đơn giản hóa thủ tục hành chính, quy định liên quan đến hoạt động sản xuất, kinh doanh Khoản: 6 Nguồn: Nghị quyết 6. B",,,,
61d7d91f-8557-5aa8-8d71-de3b8a0361b4,NQ66.18.4,"Bãi bỏ một số điểm, phần, mục tại các Phụ lục ban hành kèm theo Nghị quyết số 66.16/2026/NQ-CP cắt giảm, đơn giản hóa thủ tục hành chính, quy định liên quan đến hoạt động sản xuất, kinh doanh",clause,official-docx:sha256:73dbd510f1d2cd838ed7e77dc7850ef31c71afbee95d9b9877077f8805bbe0fd,vn:66.18-2026-nq-cp,,,,,,,,,120,fastembed-tokenizers:intfloat/multilingual-e5-large:document,118,120,2,512,0,False,False,"Điều NQ66.18.4 — Bãi bỏ một số điểm, phần, mục tại các Phụ lục ban hành kèm theo Nghị quyết số 66.16/2026/NQ-CP cắt giảm, đơn giản hóa thủ tục hành chính, quy định liên quan đến hoạt động sản xuất, kinh doanh Khoản: 7 Nguồn: Nghị quyết 7. B",,,,
dee1611e-8d97-5c3d-a444-7857f48fb2d3,NQ66.18.6,Điều khoản chuyển tiếp,article,official-docx:sha256:73dbd510f1d2cd838ed7e77dc7850ef31c71afbee95d9b9877077f8805bbe0fd,vn:66.18-2026-nq-cp,,,,,,,,,262,fastembed-tokenizers:intfloat/multilingual-e5-large:document,260,262,2,512,0,False,False,Điều NQ66.18.6 — Điều khoản chuyển tiếp Nguồn: Nghị quyết 1. Đối với hồ sơ đề nghị giải quyết thủ tục hành chính được đơn giản hóa thuộc các lĩnh vực quy định tại Điều 3 và Phụ lục I ban hành kèm theo Nghị quyết này đã được cơ quan có thẩm,,,,
49e05e94-44e2-5efc-ba94-bf375c1444b4,NQ66.18.PL-I.4.C.I,"Phụ lục I.4, Mục 1, C.I — Không thực hiện các thủ tục",article,official-docx:sha256:73dbd510f1d2cd838ed7e77dc7850ef31c71afbee95d9b9877077f8805bbe0fd,vn:66.18-2026-nq-cp,,,,,,,,,465,fastembed-tokenizers:intfloat/multilingual-e5-large:document,463,465,2,512,0,False,False,"Đề mục: labor — Lao động, tiền lương Mục I.4/C/I — Lĩnh vực lao động, tiền lương Điều NQ66.18.PL-I.4.C.I — Phụ lục I.4, Mục 1, C.I — Không thực hiện các thủ tục Nguồn: Phụ lục Nghị quyết I. Không thực hiện các thủ tục 1. Cấp giấy phép hoạt",,,,
96377f43-717e-5f9d-b8d6-f61bcf054f20,NQ66.18.PL-I.4.C.III,"Phụ lục I.4, Mục 1, C.III — Doanh nghiệp cho thuê lại lao động quy định tại Điều 54 Bộ luật Lao động số 45/2019/QH14 phải ký quỹ và thực hiện thông báo hoạt động, chấm dứt hoạt động cho thuê lại lao động với cơ quan nhà nước có thẩm quyền.",article,official-docx:sha256:73dbd510f1d2cd838ed7e77dc7850ef31c71afbee95d9b9877077f8805bbe0fd,vn:66.18-2026-nq-cp,,,,,,,,,178,fastembed-tokenizers:intfloat/multilingual-e5-large:document,176,178,2,512,0,False,False,"Đề mục: labor — Lao động, tiền lương Mục I.4/C/III — Lĩnh vực lao động, tiền lương Điều NQ66.18.PL-I.4.C.III — Phụ lục I.4, Mục 1, C.III — Doanh nghiệp cho thuê lại lao động quy định tại Điều 54 Bộ luật Lao động số 45/2019/QH14 phải ký quỹ",,,,
f295f903-7006-5d4f-afdc-fa52ccaad17b,NQ66.18.PL-I.4.C.V,"Phụ lục I.4, Mục 1, C.V — Doanh nghiệp cho thuê lại lao động thực hiện ký quỹ quy định tại Điều 15 Nghị định số 145/2020/NĐ-CP như sau",article,official-docx:sha256:73dbd510f1d2cd838ed7e77dc7850ef31c71afbee95d9b9877077f8805bbe0fd,vn:66.18-2026-nq-cp,,,,,,,,,323,fastembed-tokenizers:intfloat/multilingual-e5-large:document,321,323,2,512,0,False,False,"Đề mục: labor — Lao động, tiền lương Mục I.4/C/V — Lĩnh vực lao động, tiền lương Điều NQ66.18.PL-I.4.C.V — Phụ lục I.4, Mục 1, C.V — Doanh nghiệp cho thuê lại lao động thực hiện ký quỹ quy định tại Điều 15 Nghị định số 145/2020/NĐ-CP như sa",,,,
3c10863f-3df5-531d-96a8-3cfb565083d1,NQ66.18.PL-I.4.C.VII,"Phụ lục I.4, Mục 1, C.VII — Rút tiền ký quỹ quy định tại Điều 18 Nghị định số 145/2020/NĐ-CP",points,official-docx:sha256:73dbd510f1d2cd838ed7e77dc7850ef31c71afbee95d9b9877077f8805bbe0fd,vn:66.18-2026-nq-cp,,,,,,,,,461,fastembed-tokenizers:intfloat/multilingual-e5-large:document,459,461,2,512,0,False,False,"Đề mục: labor — Lao động, tiền lương Mục I.4/C/VII — Lĩnh vực lao động, tiền lương Điều NQ66.18.PL-I.4.C.VII — Phụ lục I.4, Mục 1, C.VII — Rút tiền ký quỹ quy định tại Điều 18 Nghị định số 145/2020/NĐ-CP Khoản: 1 Điểm: a, b, c Nguồn: Phụ lụ",,,,
a3371ba4-6253-52e4-a40c-d5f9a25773e5,NQ66.18.PL-I.4.C.VII,"Phụ lục I.4, Mục 1, C.VII — Rút tiền ký quỹ quy định tại Điều 18 Nghị định số 145/2020/NĐ-CP",points,official-docx:sha256:73dbd510f1d2cd838ed7e77dc7850ef31c71afbee95d9b9877077f8805bbe0fd,vn:66.18-2026-nq-cp,,,,,,,,,259,fastembed-tokenizers:intfloat/multilingual-e5-large:document,257,259,2,512,0,False,False,"Đề mục: labor — Lao động, tiền lương Mục I.4/C/VII — Lĩnh vực lao động, tiền lương Điều NQ66.18.PL-I.4.C.VII — Phụ lục I.4, Mục 1, C.VII — Rút tiền ký quỹ quy định tại Điều 18 Nghị định số 145/2020/NĐ-CP Khoản: 1 Điểm: d Nguồn: Phụ lục Nghị",,,,
2667daf3-2edf-5a70-94d2-87b6b5e058b4,NQ66.18.PL-I.4.C.VII,"Phụ lục I.4, Mục 1, C.VII — Rút tiền ký quỹ quy định tại Điều 18 Nghị định số 145/2020/NĐ-CP",clause,official-docx:sha256:73dbd510f1d2cd838ed7e77dc7850ef31c71afbee95d9b9877077f8805bbe0fd,vn:66.18-2026-nq-cp,,,,,,,,,300,fastembed-tokenizers:intfloat/multilingual-e5-large:document,298,300,2,512,0,False,False,"Đề mục: labor — Lao động, tiền lương Mục I.4/C/VII — Lĩnh vực lao động, tiền lương Điều NQ66.18.PL-I.4.C.VII — Phụ lục I.4, Mục 1, C.VII — Rút tiền ký quỹ quy định tại Điều 18 Nghị định số 145/2020/NĐ-CP Khoản: 2 Điểm: a, b, c, d Nguồn: Phụ",,,,
9892325a-a1d4-5b65-84b8-2a5ed60938ef,NQ66.18.PL-I.4.C.VII,"Phụ lục I.4, Mục 1, C.VII — Rút tiền ký quỹ quy định tại Điều 18 Nghị định số 145/2020/NĐ-CP",clause,official-docx:sha256:73dbd510f1d2cd838ed7e77dc7850ef31c71afbee95d9b9877077f8805bbe0fd,vn:66.18-2026-nq-cp,,,,,,,,,194,fastembed-tokenizers:intfloat/multilingual-e5-large:document,192,194,2,512,0,False,False,"Đề mục: labor — Lao động, tiền lương Mục I.4/C/VII — Lĩnh vực lao động, tiền lương Điều NQ66.18.PL-I.4.C.VII — Phụ lục I.4, Mục 1, C.VII — Rút tiền ký quỹ quy định tại Điều 18 Nghị định số 145/2020/NĐ-CP Khoản: 3 Điểm: a, b, c Nguồn: Phụ lụ",,,,
b14bf70f-d0ef-520e-a890-2dfe911166f5,NQ66.18.PL-I.4.C.VII,"Phụ lục I.4, Mục 1, C.VII — Rút tiền ký quỹ quy định tại Điều 18 Nghị định số 145/2020/NĐ-CP",points,official-docx:sha256:73dbd510f1d2cd838ed7e77dc7850ef31c71afbee95d9b9877077f8805bbe0fd,vn:66.18-2026-nq-cp,,,,,,,,,437,fastembed-tokenizers:intfloat/multilingual-e5-large:document,435,437,2,512,0,False,False,"Đề mục: labor — Lao động, tiền lương Mục I.4/C/VII — Lĩnh vực lao động, tiền lương Điều NQ66.18.PL-I.4.C.VII — Phụ lục I.4, Mục 1, C.VII — Rút tiền ký quỹ quy định tại Điều 18 Nghị định số 145/2020/NĐ-CP Khoản: 4 Điểm: a, b, c, d Nguồn: Phụ",,,,
66350587-68b8-5693-8a2f-40b841c7f500,NQ66.18.PL-I.4.C.VII,"Phụ lục I.4, Mục 1, C.VII — Rút tiền ký quỹ quy định tại Điều 18 Nghị định số 145/2020/NĐ-CP",points,official-docx:sha256:73dbd510f1d2cd838ed7e77dc7850ef31c71afbee95d9b9877077f8805bbe0fd,vn:66.18-2026-nq-cp,,,,,,,,,181,fastembed-tokenizers:intfloat/multilingual-e5-large:document,179,181,2,512,0,False,False,"Đề mục: labor — Lao động, tiền lương Mục I.4/C/VII — Lĩnh vực lao động, tiền lương Điều NQ66.18.PL-I.4.C.VII — Phụ lục I.4, Mục 1, C.VII — Rút tiền ký quỹ quy định tại Điều 18 Nghị định số 145/2020/NĐ-CP Khoản: 4 Điểm: đ Nguồn: Phụ lục Nghị",,,,
19239861-4f5f-539f-9def-a2a443f194f8,NQ66.18.PL-I.4.C.VII,"Phụ lục I.4, Mục 1, C.VII — Rút tiền ký quỹ quy định tại Điều 18 Nghị định số 145/2020/NĐ-CP",clause,official-docx:sha256:73dbd510f1d2cd838ed7e77dc7850ef31c71afbee95d9b9877077f8805bbe0fd,vn:66.18-2026-nq-cp,,,,,,,,,143,fastembed-tokenizers:intfloat/multilingual-e5-large:document,141,143,2,512,0,False,False,"Đề mục: labor — Lao động, tiền lương Mục I.4/C/VII — Lĩnh vực lao động, tiền lương Điều NQ66.18.PL-I.4.C.VII — Phụ lục I.4, Mục 1, C.VII — Rút tiền ký quỹ quy định tại Điều 18 Nghị định số 145/2020/NĐ-CP Khoản: 5 Nguồn: Phụ lục Nghị quyết 5",,,,
33505a62-857e-54eb-b285-3a9fe68b53e2,NQ66.18.PL-I.4.C.VIII,"Phụ lục I.4, Mục 1, C.VIII — Trích tiền ký quỹ khi doanh nghiệp cho thuê lại lao động không thực hiện nghĩa vụ đối với người lao động thuê lại quy định tại Điều 19 Nghị định số 145/2020/NĐ-CP",preamble,official-docx:sha256:73dbd510f1d2cd838ed7e77dc7850ef31c71afbee95d9b9877077f8805bbe0fd,vn:66.18-2026-nq-cp,,,,,,,,,152,fastembed-tokenizers:intfloat/multilingual-e5-large:document,150,152,2,512,0,False,False,"Đề mục: labor — Lao động, tiền lương Mục I.4/C/VIII — Lĩnh vực lao động, tiền lương Điều NQ66.18.PL-I.4.C.VIII — Phụ lục I.4, Mục 1, C.VIII — Trích tiền ký quỹ khi doanh nghiệp cho thuê lại lao động không thực hiện nghĩa vụ đối với người la",,,,
3f014f7d-ce6b-5c4b-8169-30072649587f,NQ66.18.PL-I.4.C.VIII,"Phụ lục I.4, Mục 1, C.VIII — Trích tiền ký quỹ khi doanh nghiệp cho thuê lại lao động không thực hiện nghĩa vụ đối với người lao động thuê lại quy định tại Điều 19 Nghị định số 145/2020/NĐ-CP",points,official-docx:sha256:73dbd510f1d2cd838ed7e77dc7850ef31c71afbee95d9b9877077f8805bbe0fd,vn:66.18-2026-nq-cp,,,,,,,,,464,fastembed-tokenizers:intfloat/multilingual-e5-large:document,462,464,2,512,0,False,False,"Đề mục: labor — Lao động, tiền lương Mục I.4/C/VIII — Lĩnh vực lao động, tiền lương Điều NQ66.18.PL-I.4.C.VIII — Phụ lục I.4, Mục 1, C.VIII — Trích tiền ký quỹ khi doanh nghiệp cho thuê lại lao động không thực hiện nghĩa vụ đối với người la",,,,
039ef8b7-bf8e-5684-a624-6c353bd253da,NQ66.18.PL-I.4.C.VIII,"Phụ lục I.4, Mục 1, C.VIII — Trích tiền ký quỹ khi doanh nghiệp cho thuê lại lao động không thực hiện nghĩa vụ đối với người lao động thuê lại quy định tại Điều 19 Nghị định số 145/2020/NĐ-CP",points,official-docx:sha256:73dbd510f1d2cd838ed7e77dc7850ef31c71afbee95d9b9877077f8805bbe0fd,vn:66.18-2026-nq-cp,,,,,,,,,380,fastembed-tokenizers:intfloat/multilingual-e5-large:document,378,380,2,512,0,False,False,"Đề mục: labor — Lao động, tiền lương Mục I.4/C/VIII — Lĩnh vực lao động, tiền lương Điều NQ66.18.PL-I.4.C.VIII — Phụ lục I.4, Mục 1, C.VIII — Trích tiền ký quỹ khi doanh nghiệp cho thuê lại lao động không thực hiện nghĩa vụ đối với người la",,,,
5875dbc2-2f6b-5105-a699-8ccd625e19c9,NQ66.18.PL-I.4.C.VIII,"Phụ lục I.4, Mục 1, C.VIII — Trích tiền ký quỹ khi doanh nghiệp cho thuê lại lao động không thực hiện nghĩa vụ đối với người lao động thuê lại quy định tại Điều 19 Nghị định số 145/2020/NĐ-CP",fallback_segment,official-docx:sha256:73dbd510f1d2cd838ed7e77dc7850ef31c71afbee95d9b9877077f8805bbe0fd,vn:66.18-2026-nq-cp,,,,,,,1,,389,fastembed-tokenizers:intfloat/multilingual-e5-large:document,387,389,2,512,0,False,False,"Đề mục: labor — Lao động, tiền lương Mục I.4/C/VIII — Lĩnh vực lao động, tiền lương Điều NQ66.18.PL-I.4.C.VIII — Phụ lục I.4, Mục 1, C.VIII — Trích tiền ký quỹ khi doanh nghiệp cho thuê lại lao động không thực hiện nghĩa vụ đối với người la",,,,
e3621b4d-191d-5da1-a9e7-76f7f7c20fe2,NQ66.18.PL-I.4.C.VIII,"Phụ lục I.4, Mục 1, C.VIII — Trích tiền ký quỹ khi doanh nghiệp cho thuê lại lao động không thực hiện nghĩa vụ đối với người lao động thuê lại quy định tại Điều 19 Nghị định số 145/2020/NĐ-CP",clause,official-docx:sha256:73dbd510f1d2cd838ed7e77dc7850ef31c71afbee95d9b9877077f8805bbe0fd,vn:66.18-2026-nq-cp,,,,,,,,,162,fastembed-tokenizers:intfloat/multilingual-e5-large:document,160,162,2,512,0,False,False,"Đề mục: labor — Lao động, tiền lương Mục I.4/C/VIII — Lĩnh vực lao động, tiền lương Điều NQ66.18.PL-I.4.C.VIII — Phụ lục I.4, Mục 1, C.VIII — Trích tiền ký quỹ khi doanh nghiệp cho thuê lại lao động không thực hiện nghĩa vụ đối với người la",,,,
164e6645-63ae-5952-a89b-a69542fc5b83,NQ66.18.PL-I.4.C.IX,"Phụ lục I.4, Mục 1, C.IX — Doanh nghiệp cho thuê lại lao động thực hiện thông báo hoạt động cho thuê lại lao động như sau:",article,official-docx:sha256:73dbd510f1d2cd838ed7e77dc7850ef31c71afbee95d9b9877077f8805bbe0fd,vn:66.18-2026-nq-cp,,,,,,,,,278,fastembed-tokenizers:intfloat/multilingual-e5-large:document,276,278,2,512,0,False,False,"Đề mục: labor — Lao động, tiền lương Mục I.4/C/IX — Lĩnh vực lao động, tiền lương Điều NQ66.18.PL-I.4.C.IX — Phụ lục I.4, Mục 1, C.IX — Doanh nghiệp cho thuê lại lao động thực hiện thông báo hoạt động cho thuê lại lao động như sau: Nguồn: P",,,,
