phapdien_article_code,phapdien_heading,source_document_number,runtime_document_number,source_article_number,classification,source_note
20.2.LQ.1,Điều 20.2.LQ.1. Phạm vi điều chỉnh,45/2019/QH,45/2019/QH,1,source_document_absent_from_runtime_scope,"(Điều 1 Bộ luật số 45/2019/QH14 Bộ Luật lao động ngày 20/11/2019 của Quốc hội, có hiệu lực thi hành kể từ ngày 01/01/2021 )"
20.2.LQ.2,Điều 20.2.LQ.2. Đối tượng áp dụng,45/2019/QH,45/2019/QH,2,source_document_absent_from_runtime_scope,"(Điều 2 Bộ luật số 45/2019/QH14, có hiệu lực thi hành kể từ ngày 01/01/2021)"
20.2.NĐ.2.1,Điều 20.2.NĐ.2.1. Phạm vi điều chỉnh,135/2020/NĐ-CP,135/2020/NĐ-CP,1,covered_by_document_and_article,"(Điều 1 Nghị định số 135/2020/NĐ-CP Quy định về tuổi nghỉ hưu ngày 18/11/2020 của Chính phủ, có hiệu lực thi hành kể từ ngày 01/01/2021 )"
20.2.NĐ.2.2,Điều 20.2.NĐ.2.2. Đối tượng áp dụng,135/2020/NĐ-CP,135/2020/NĐ-CP,2,covered_by_document_and_article,"(Điều 2 Nghị định số 135/2020/NĐ-CP, có hiệu lực thi hành kể từ ngày 01/01/2021)"
20.2.NĐ.3.1,Điều 20.2.NĐ.3.1. Phạm vi điều chỉnh,145/2020/NĐ-CP,145/2020/NĐ-CP,1,covered_by_document_and_article,"(Điều 1 Nghị định số 145/2020/NĐ-CP Quy định chi tiết và hướng dẫn thi hành một số điều của Bộ luật Lao động về điều kiện lao động và quan hệ lao động ngày 14/12/2020 của Chính phủ, có hiệu lực thi hành kể từ ngày 01/02/2021 )"
20.2.NĐ.3.2,Điều 20.2.NĐ.3.2. Đối tượng áp dụng,145/2020/NĐ-CP,145/2020/NĐ-CP,2,covered_by_document_and_article,"(Điều 2 Nghị định số 145/2020/NĐ-CP, có hiệu lực thi hành kể từ ngày 01/02/2021)"
20.2.NĐ.4.1,Điều 20.2.NĐ.4.1. Phạm vi điều chỉnh,152/2020/NĐ-CP,152/2020/NĐ-CP,1,source_article_outside_selected_runtime_scope,"(Điều 1 Nghị định số 152/2020/NĐ-CP Quy định về người lao động nước ngoài làm việc tại Việt Nam và tuyển dụng, quản lý người lao động Việt Nam làm việc cho tổ chức, cá nhân nước ngoài tại Việt Nam ngày 30/12/2020 của Chính phủ, có hiệu lực thi hành kể từ ngày 15/02/2021 )"
20.2.NĐ.4.2,Điều 20.2.NĐ.4.2. Đối tượng áp dụng,152/2020/NĐ-CP,152/2020/NĐ-CP,2,source_article_outside_selected_runtime_scope,"(Điều 2 Nghị định số 152/2020/NĐ-CP, có hiệu lực thi hành kể từ ngày 15/02/2021)"
20.2.NĐ.6.1,Điều 20.2.NĐ.6.1. Phạm vi điều chỉnh,97/2022/NĐ-CP,97/2022/NĐ-CP,1,covered_by_document_and_article,"(Điều 1 Nghị định số 97/2022/NĐ-CP Quy định chính sách đối với người lao động dôi dư khi chuyển đổi sở hữu, sắp xếp lại công ty trách nhiệm hữu hạn một thành viên do Nhà nước nắm giữ 100% vốn điều lệ ngày 29/11/2022 của Chính phủ, có hiệu lực thi hành kể từ ngày 15/01/2023 )"
20.2.NĐ.6.2,Điều 20.2.NĐ.6.2. Đối tượng áp dụng,97/2022/NĐ-CP,97/2022/NĐ-CP,2,covered_by_document_and_article,"(Điều 2 Nghị định số 97/2022/NĐ-CP, có hiệu lực thi hành kể từ ngày 15/01/2023)"
20.2.NĐ.8.1,Điều 20.2.NĐ.8.1. Phạm vi điều chỉnh,293/2025/NĐ-CP,293/2025/NĐ-CP,1,covered_by_document_and_article,"(Điều 1 Nghị định số 293/2025/NĐ-CP Quy định mức lương tối thiểu đối với người lao động làm việc theo hợp đồng lao động ngày 10/11/2025 của Chính phủ, có hiệu lực thi hành kể từ ngày 01/01/2026 )"
20.2.NĐ.8.2,Điều 20.2.NĐ.8.2. Đối tượng áp dụng,293/2025/NĐ-CP,293/2025/NĐ-CP,2,covered_by_document_and_article,"(Điều 2 Nghị định số 293/2025/NĐ-CP, có hiệu lực thi hành kể từ ngày 01/01/2026)"
20.2.TT.1.1,Điều 20.2.TT.1.1. Phạm vi điều chỉnh,09/2020/TT-BLĐTBXH,09/2020/TT-BLĐTBXH,1,covered_by_document_and_article,"(Điều 1 Thông tư số 09/2020/TT-BLĐTBXH Quy định chi tiết và hướng dẫn thi hành một số điều của Bộ luật Lao động về lao động chưa thành niên ngày 12/11/2020 của Bộ Lao động - Thương binh và Xã hội, có hiệu lực thi hành kể từ ngày 15/03/2021 )"
20.2.TT.1.2,Điều 20.2.TT.1.2. Đối tượng áp dụng,09/2020/TT-BLĐTBXH,09/2020/TT-BLĐTBXH,2,covered_by_document_and_article,"(Điều 2 Thông tư số 09/2020/TT-BLĐTBXH, có hiệu lực thi hành kể từ ngày 15/03/2021)"
20.2.TT.2.1,Điều 20.2.TT.2.1. Phạm vi điều chỉnh,10/2020/TT-BLĐTBXH,10/2020/TT-BLĐTBXH,1,covered_by_document_and_article,"(Điều 1 Thông tư số 10/2020/TT-BLĐTBXH Quy định chi tiết và hướng dẫn thi hành một số điều, khoản sau đây của Bộ luật Lao động về nội dung của Hợp đồng lao động, hội đồng thương lượng tập thể và nghề, công việc có ảnh hưởng xấu tới chức năng sinh sản, nuôi con ngày 12/11/2020 của Bộ Lao động - Thương binh và Xã hội, có hiệu lực thi hành kể từ ngày 01/01/2021 )"
20.2.TT.2.2,Điều 20.2.TT.2.2. Đối tượng áp dụng,10/2020/TT-BLĐTBXH,10/2020/TT-BLĐTBXH,2,covered_by_document_and_article,"(Điều 2 Thông tư số 10/2020/TT-BLĐTBXH, có hiệu lực thi hành kể từ ngày 01/01/2021)"
20.2.TT.3.1,Điều 20.2.TT.3.1. Phạm vi điều chỉnh,04/2021/TT-BCT,04/2021/TT-BCT,1,covered_by_document_and_article,"(Điều 1 Thông tư số 04/2021/TT-BCT Thông tư quy định về thời giờ làm việc, thời giờ nghỉ ngơi đối với người lao động làm các công việc trong hầm lò ngày 16/07/2021 của Bộ Công thương, có hiệu lực thi hành kể từ ngày 01/09/2021 )"
20.2.TT.3.2,Điều 20.2.TT.3.2. Đối tượng áp dụng,04/2021/TT-BCT,04/2021/TT-BCT,2,covered_by_document_and_article,"(Điều 2 Thông tư số 04/2021/TT-BCT, có hiệu lực thi hành kể từ ngày 01/09/2021)"
20.2.TT.4.1,Điều 20.2.TT.4.1. Phạm vi điều chỉnh,18/2021/TT-BLĐTBXH,18/2021/TT-BLĐTBXH,1,covered_by_document_and_article,"(Điều 1 Thông tư số 18/2021/TT-BLĐTBXH Quy định về thời giờ làm việc, thời giờ nghỉ ngơi đối với người lao động làm các công việc sản xuất có tính thời vụ, công việc gia công theo đơn đặt hàng ngày 15/12/2021 của Bộ Lao động - Thương Binh và Xã hội, có hiệu lực thi hành kể từ ngày 01/02/2022 )"
20.2.TT.4.2,Điều 20.2.TT.4.2. Đối tượng áp dụng,18/2021/TT-BLĐTBXH,18/2021/TT-BLĐTBXH,2,covered_by_document_and_article,"(Điều 2 Thông tư số 18/2021/TT-BLĐTBXH, có hiệu lực thi hành kể từ ngày 01/02/2022)"
20.2.TT.5.1,Điều 20.2.TT.5.1. Phạm vi điều chỉnh,19/2021/TT-BLĐTBXH,19/2021/TT-BLĐTBXH,1,covered_by_document_and_article,"(Điều 1 Thông tư số 19/2021/TT-BLĐTBXH Ban hành Danh mục vùng có điều kiện kinh tế - xã hội đặc biệt khó khăn làm cơ sở xác định các trường hợp có thể nghỉ hưu ở tuổi thấp hơn tuổi nghỉ hưu trong điều kiện lao động bình thường. ngày 15/12/2021 của Bộ Lao động - Thương binh và Xã hội, có hiệu lực thi hành kể từ ngày 30/01/2022 )"
20.2.TT.5.2,Điều 20.2.TT.5.2. Đối tượng áp dụng,19/2021/TT-BLĐTBXH,19/2021/TT-BLĐTBXH,2,covered_by_document_and_article,"(Điều 2 Thông tư số 19/2021/TT-BLĐTBXH, có hiệu lực thi hành kể từ ngày 30/01/2022)"
20.2.TT.6.1,Điều 20.2.TT.6.1. Phạm vi điều chỉnh,12/2022/TT-BCT,12/2022/TT-BCT,1,covered_by_document_and_article,"(Điều 1 Thông tư số 12/2022/TT-BCT Thông tư quy định về thời giờ làm việc, thời giờ nghỉ ngơi đối với người lao động làm công việc vận hành, bảo dưỡng, sửa chữa hệ thống đường ống phân phối khí và các công trình khí. ngày 25/07/2022 của Bộ công thương, có hiệu lực thi hành kể từ ngày 09/09/2022 )"
20.2.TT.6.2,Điều 20.2.TT.6.2. Đối tượng áp dụng,12/2022/TT-BCT,12/2022/TT-BCT,2,covered_by_document_and_article,"(Điều 2 Thông tư số 12/2022/TT-BCT, có hiệu lực thi hành kể từ ngày 09/09/2022)"
20.2.TT.7.1,Điều 20.2.TT.7.1. Phạm vi điều chỉnh,20/2023/TT-BCT,20/2023/TT-BCT,1,covered_by_document_and_article,"(Điều 1 Thông tư số 20/2023/TT-BCT Thông tư quy định về thời giờ làm việc, thời giờ nghỉ ngơi đối với người lao động làm các công việc có tính chất đặc biệt trong lĩnh vực thăm dò, khai thác dầu khí trên biển ngày 08/11/2023 của Bộ công thương, có hiệu lực thi hành kể từ ngày 25/12/2023 )"
20.2.TT.7.2,Điều 20.2.TT.7.2. Đối tượng áp dụng,20/2023/TT-BCT,20/2023/TT-BCT,2,covered_by_document_and_article,"(Điều 2 Thông tư số 20/2023/TT-BCT, có hiệu lực thi hành kể từ ngày 25/12/2023)"
20.2.TT.8.1,Điều 20.2.TT.8.1. Phạm vi điều chỉnh,17/2023/TT-BLĐTBXH,17/2023/TT-BLĐTBXH,1,covered_by_document_and_article,"(Điều 1 Thông tư số 17/2023/TT-BLĐTBXH Hướng dẫn việc ủy quyền thực hiện nhiệm vụ quản lý nhà nước về lao động trong các khu công nghiệp, khu kinh tế ngày 29/12/2023 của Bộ Lao động - Thương binh và Xã hội, có hiệu lực thi hành kể từ ngày 01/03/2024 )"
20.2.TT.8.2,Điều 20.2.TT.8.2. Đối tượng áp dụng,17/2023/TT-BLĐTBXH,17/2023/TT-BLĐTBXH,2,covered_by_document_and_article,"(Điều 2 Thông tư số 17/2023/TT-BLĐTBXH, có hiệu lực thi hành kể từ ngày 01/03/2024)"
20.2.LQ.3,Điều 20.2.LQ.3. Giải thích từ ngữ,45/2019/QH,45/2019/QH,3,source_document_absent_from_runtime_scope,"(Điều 3 Bộ luật số 45/2019/QH14, có hiệu lực thi hành kể từ ngày 01/01/2021)"
20.2.NĐ.4.3,Điều 20.2.NĐ.4.3. Giải thích từ ngữ,152/2020/NĐ-CP,152/2020/NĐ-CP,3,source_article_outside_selected_runtime_scope,"( Điều 3 Nghị định số 152/2020/NĐ-CP, có hiệu lực thi hành kể từ ngày 15/02/2021, có nội dung được sửa đổi, có nội dung được bổ sung bởi Điều 1 Nghị định số 70/2023/NĐ-CP có hiệu lực thi hành kể từ ngày 18/09/2023)"
20.2.TT.3.3,Điều 20.2.TT.3.3. Giải thích từ ngữ,04/2021/TT-BCT,04/2021/TT-BCT,3,covered_by_document_and_article,"(Điều 3 Thông tư số 04/2021/TT-BCT, có hiệu lực thi hành kể từ ngày 01/09/2021)"
20.2.TT.6.3,Điều 20.2.TT.6.3. Giải thích từ ngữ,12/2022/TT-BCT,12/2022/TT-BCT,3,covered_by_document_and_article,"(Điều 3 Thông tư số 12/2022/TT-BCT, có hiệu lực thi hành kể từ ngày 09/09/2022)"
20.2.TT.7.3,Điều 20.2.TT.7.3. Giải thích từ ngữ,20/2023/TT-BCT,20/2023/TT-BCT,3,covered_by_document_and_article,"(Điều 3 Thông tư số 20/2023/TT-BCT, có hiệu lực thi hành kể từ ngày 25/12/2023)"
20.2.LQ.4,Điều 20.2.LQ.4. Chính sách của Nhà nước về lao động,45/2019/QH,45/2019/QH,4,source_document_absent_from_runtime_scope,"(Điều 4 Bộ luật số 45/2019/QH14, có hiệu lực thi hành kể từ ngày 01/01/2021)"
20.2.LQ.5,Điều 20.2.LQ.5. Quyền và nghĩa vụ của người lao động,45/2019/QH,45/2019/QH,5,source_document_absent_from_runtime_scope,"(Điều 5 Bộ luật số 45/2019/QH14, có hiệu lực thi hành kể từ ngày 01/01/2021)"
20.2.LQ.6,Điều 20.2.LQ.6. Quyền và nghĩa vụ của người sử dụng lao động,45/2019/QH,45/2019/QH,6,source_document_absent_from_runtime_scope,"(Điều 6 Bộ luật số 45/2019/QH14, có hiệu lực thi hành kể từ ngày 01/01/2021)"
20.2.LQ.7,Điều 20.2.LQ.7. Xây dựng quan hệ lao động,45/2019/QH,45/2019/QH,7,source_document_absent_from_runtime_scope,"(Điều 7 Bộ luật số 45/2019/QH14, có hiệu lực thi hành kể từ ngày 01/01/2021)"
20.2.LQ.8,Điều 20.2.LQ.8. Các hành vi bị nghiêm cấm trong lĩnh vực lao động,45/2019/QH,45/2019/QH,8,source_document_absent_from_runtime_scope,"(Điều 8 Bộ luật số 45/2019/QH14, có hiệu lực thi hành kể từ ngày 01/01/2021)"
20.2.LQ.9,"Điều 20.2.LQ.9. Việc làm, giải quyết việc làm",45/2019/QH,45/2019/QH,9,source_document_absent_from_runtime_scope,"(Điều 9 Bộ luật số 45/2019/QH14, có hiệu lực thi hành kể từ ngày 01/01/2021)"
20.2.LQ.10,Điều 20.2.LQ.10. Quyền làm việc của người lao động,45/2019/QH,45/2019/QH,10,source_document_absent_from_runtime_scope,"(Điều 10 Bộ luật số 45/2019/QH14, có hiệu lực thi hành kể từ ngày 01/01/2021)"
20.2.LQ.11,Điều 20.2.LQ.11. Tuyển dụng lao động,45/2019/QH,45/2019/QH,11,source_document_absent_from_runtime_scope,"(Điều 11 Bộ luật số 45/2019/QH14, có hiệu lực thi hành kể từ ngày 01/01/2021)"
20.2.LQ.12,Điều 20.2.LQ.12. Trách nhiệm quản lý lao động của người sử dụng lao động,45/2019/QH,45/2019/QH,12,source_document_absent_from_runtime_scope,"(Điều 12 Bộ luật số 45/2019/QH14, có hiệu lực thi hành kể từ ngày 01/01/2021)"
20.2.NĐ.3.3,Điều 20.2.NĐ.3.3. Sổ quản lý lao động,145/2020/NĐ-CP,145/2020/NĐ-CP,3,covered_by_document_and_article,"(Điều 3 Nghị định số 145/2020/NĐ-CP, có hiệu lực thi hành kể từ ngày 01/02/2021)"
20.2.NĐ.3.4,Điều 20.2.NĐ.3.4. Báo cáo sử dụng lao động,145/2020/NĐ-CP,145/2020/NĐ-CP,4,covered_by_document_and_article,"( Điều 4 Nghị định số 145/2020/NĐ-CP, có hiệu lực thi hành kể từ ngày 01/02/2021, có nội dung được sửa đổi, có nội dung được bổ sung bởi Điều 73 Nghị định số 35/2022/NĐ-CP có hiệu lực thi hành kể từ ngày 15/07/2022)"
20.2.LQ.13,Điều 20.2.LQ.13. Hợp đồng lao động,45/2019/QH,45/2019/QH,13,source_document_absent_from_runtime_scope,"(Điều 13 Bộ luật số 45/2019/QH14, có hiệu lực thi hành kể từ ngày 01/01/2021)"
20.2.LQ.14,Điều 20.2.LQ.14. Hình thức hợp đồng lao động,45/2019/QH,45/2019/QH,14,source_document_absent_from_runtime_scope,"(Điều 14 Bộ luật số 45/2019/QH14, có hiệu lực thi hành kể từ ngày 01/01/2021)"
20.2.LQ.15,Điều 20.2.LQ.15. Nguyên tắc giao kết hợp đồng lao động,45/2019/QH,45/2019/QH,15,source_document_absent_from_runtime_scope,"(Điều 15 Bộ luật số 45/2019/QH14, có hiệu lực thi hành kể từ ngày 01/01/2021)"
20.2.LQ.16,Điều 20.2.LQ.16. Nghĩa vụ cung cấp thông tin khi giao kết hợp đồng lao động,45/2019/QH,45/2019/QH,16,source_document_absent_from_runtime_scope,"(Điều 16 Bộ luật số 45/2019/QH14, có hiệu lực thi hành kể từ ngày 01/01/2021)"
20.2.LQ.17,"Điều 20.2.LQ.17. Hành vi người sử dụng lao động không được làm khi giao kết, thực hiện hợp đồng lao động",45/2019/QH,45/2019/QH,17,source_document_absent_from_runtime_scope,"(Điều 17 Bộ luật số 45/2019/QH14, có hiệu lực thi hành kể từ ngày 01/01/2021)"
20.2.LQ.18,Điều 20.2.LQ.18. Thẩm quyền giao kết hợp đồng lao động,45/2019/QH,45/2019/QH,18,source_document_absent_from_runtime_scope,"(Điều 18 Bộ luật số 45/2019/QH14, có hiệu lực thi hành kể từ ngày 01/01/2021)"
20.2.LQ.19,Điều 20.2.LQ.19. Giao kết nhiều hợp đồng lao động,45/2019/QH,45/2019/QH,19,source_document_absent_from_runtime_scope,"(Điều 19 Bộ luật số 45/2019/QH14, có hiệu lực thi hành kể từ ngày 01/01/2021)"
20.2.LQ.20,Điều 20.2.LQ.20. Loại hợp đồng lao động,45/2019/QH,45/2019/QH,20,source_document_absent_from_runtime_scope,"(Điều 20 Bộ luật số 45/2019/QH14, có hiệu lực thi hành kể từ ngày 01/01/2021)"
20.2.LQ.21,Điều 20.2.LQ.21. Nội dung hợp đồng lao động,45/2019/QH,45/2019/QH,21,source_document_absent_from_runtime_scope,"(Điều 21 Bộ luật số 45/2019/QH14, có hiệu lực thi hành kể từ ngày 01/01/2021)"
20.2.NĐ.3.5,Điều 20.2.NĐ.3.5. Nội dung hợp đồng lao động đối với người lao động được thuê làm giám đốc trong doanh nghiệp do Nhà nước nắm giữ 100% vốn điều lệ hoặc Nhà nước nắm giữ trên 50% vốn điều lệ hoặc tổng số cổ phần có quyền biểu quyết,145/2020/NĐ-CP,145/2020/NĐ-CP,5,covered_by_document_and_article,"(Điều 5 Nghị định số 145/2020/NĐ-CP, có hiệu lực thi hành kể từ ngày 01/02/2021)"
20.2.NĐ.3.6,Điều 20.2.NĐ.3.6. Nội dung hợp đồng lao động đối với người lao động được thuê làm giám đốc trong doanh nghiệp do Nhà nước nắm giữ từ 50% vốn điều lệ hoặc tổng số cổ phần có quyền biểu quyết trở xuống,145/2020/NĐ-CP,145/2020/NĐ-CP,6,covered_by_document_and_article,"(Điều 6 Nghị định số 145/2020/NĐ-CP, có hiệu lực thi hành kể từ ngày 01/02/2021)"
20.2.TT.2.3,Điều 20.2.TT.2.3. Nội dung chủ yếu của hợp đồng lao động,10/2020/TT-BLĐTBXH,10/2020/TT-BLĐTBXH,3,covered_by_document_and_article,"(Điều 3 Thông tư số 10/2020/TT-BLĐTBXH, có hiệu lực thi hành kể từ ngày 01/01/2021)"
20.2.TT.2.4,"Điều 20.2.TT.2.4. Bảo vệ bí mật kinh doanh, bí mật công nghệ",10/2020/TT-BLĐTBXH,10/2020/TT-BLĐTBXH,4,covered_by_document_and_article,"(Điều 4 Thông tư số 10/2020/TT-BLĐTBXH, có hiệu lực thi hành kể từ ngày 01/01/2021)"
20.2.TT.2.5,"Điều 20.2.TT.2.5. Nội dung chủ yếu của hợp đồng lao động trong lĩnh vực nông nghiệp, lâm nghiệp, ngư nghiệp, diêm nghiệp",10/2020/TT-BLĐTBXH,10/2020/TT-BLĐTBXH,5,covered_by_document_and_article,"(Điều 5 Thông tư số 10/2020/TT-BLĐTBXH, có hiệu lực thi hành kể từ ngày 01/01/2021)"
20.2.LQ.22,Điều 20.2.LQ.22. Phụ lục hợp đồng lao động,45/2019/QH,45/2019/QH,22,source_document_absent_from_runtime_scope,"(Điều 22 Bộ luật số 45/2019/QH14, có hiệu lực thi hành kể từ ngày 01/01/2021)"
20.2.LQ.23,Điều 20.2.LQ.23. Hiệu lực của hợp đồng lao động,45/2019/QH,45/2019/QH,23,source_document_absent_from_runtime_scope,"(Điều 23 Bộ luật số 45/2019/QH14, có hiệu lực thi hành kể từ ngày 01/01/2021)"
20.2.LQ.24,Điều 20.2.LQ.24. Thử việc,45/2019/QH,45/2019/QH,24,source_document_absent_from_runtime_scope,"(Điều 24 Bộ luật số 45/2019/QH14, có hiệu lực thi hành kể từ ngày 01/01/2021)"
20.2.LQ.25,Điều 20.2.LQ.25. Thời gian thử việc,45/2019/QH,45/2019/QH,25,source_document_absent_from_runtime_scope,"(Điều 25 Bộ luật số 45/2019/QH14, có hiệu lực thi hành kể từ ngày 01/01/2021)"
20.2.LQ.26,Điều 20.2.LQ.26. Tiền lương thử việc,45/2019/QH,45/2019/QH,26,source_document_absent_from_runtime_scope,"(Điều 26 Bộ luật số 45/2019/QH14, có hiệu lực thi hành kể từ ngày 01/01/2021)"
20.2.LQ.27,Điều 20.2.LQ.27. Kết thúc thời gian thử việc,45/2019/QH,45/2019/QH,27,source_document_absent_from_runtime_scope,"(Điều 27 Bộ luật số 45/2019/QH14, có hiệu lực thi hành kể từ ngày 01/01/2021)"
20.2.LQ.28,Điều 20.2.LQ.28. Thực hiện công việc theo hợp đồng lao động,45/2019/QH,45/2019/QH,28,source_document_absent_from_runtime_scope,"(Điều 28 Bộ luật số 45/2019/QH14, có hiệu lực thi hành kể từ ngày 01/01/2021)"
20.2.LQ.29,Điều 20.2.LQ.29. Chuyển người lao động làm công việc khác so với hợp đồng lao động,45/2019/QH,45/2019/QH,29,source_document_absent_from_runtime_scope,"(Điều 29 Bộ luật số 45/2019/QH14, có hiệu lực thi hành kể từ ngày 01/01/2021)"
20.2.LQ.30,Điều 20.2.LQ.30. Tạm hoãn thực hiện hợp đồng lao động,45/2019/QH,45/2019/QH,30,source_document_absent_from_runtime_scope,"(Điều 30 Bộ luật số 45/2019/QH14, có hiệu lực thi hành kể từ ngày 01/01/2021)"
20.2.LQ.31,Điều 20.2.LQ.31. Nhận lại người lao động hết thời hạn tạm hoãn thực hiện hợp đồng lao động,45/2019/QH,45/2019/QH,31,source_document_absent_from_runtime_scope,"(Điều 31 Bộ luật số 45/2019/QH14, có hiệu lực thi hành kể từ ngày 01/01/2021)"
20.2.LQ.32,Điều 20.2.LQ.32. Làm việc không trọn thời gian,45/2019/QH,45/2019/QH,32,source_document_absent_from_runtime_scope,"(Điều 32 Bộ luật số 45/2019/QH14, có hiệu lực thi hành kể từ ngày 01/01/2021)"
20.2.LQ.33,"Điều 20.2.LQ.33. Sửa đổi, bổ sung hợp đồng lao động",45/2019/QH,45/2019/QH,33,source_document_absent_from_runtime_scope,"(Điều 33 Bộ luật số 45/2019/QH14, có hiệu lực thi hành kể từ ngày 01/01/2021)"
20.2.LQ.34,Điều 20.2.LQ.34. Các trường hợp chấm dứt hợp đồng lao động,45/2019/QH,45/2019/QH,34,source_document_absent_from_runtime_scope,"(Điều 34 Bộ luật số 45/2019/QH14, có hiệu lực thi hành kể từ ngày 01/01/2021)"
20.2.LQ.35,Điều 20.2.LQ.35. Quyền đơn phương chấm dứt hợp đồng lao động của người lao động,45/2019/QH,45/2019/QH,35,source_document_absent_from_runtime_scope,"(Điều 35 Bộ luật số 45/2019/QH14, có hiệu lực thi hành kể từ ngày 01/01/2021)"
20.2.NĐ.3.7,"Điều 20.2.NĐ.3.7. Thời hạn báo trước khi đơn phương chấm dứt hợp đồng lao động đối với một số ngành, nghề, công việc đặc thù",145/2020/NĐ-CP,145/2020/NĐ-CP,7,covered_by_document_and_article,"(Điều 7 Nghị định số 145/2020/NĐ-CP, có hiệu lực thi hành kể từ ngày 01/02/2021)"
20.2.LQ.36,Điều 20.2.LQ.36. Quyền đơn phương chấm dứt hợp đồng lao động của người sử dụng lao động,45/2019/QH,45/2019/QH,36,source_document_absent_from_runtime_scope,"(Điều 36 Bộ luật số 45/2019/QH14, có hiệu lực thi hành kể từ ngày 01/01/2021)"
20.2.LQ.37,Điều 20.2.LQ.37. Trường hợp người sử dụng lao động không được thực hiện quyền đơn phương chấm dứt hợp đồng lao động,45/2019/QH,45/2019/QH,37,source_document_absent_from_runtime_scope,"(Điều 37 Bộ luật số 45/2019/QH14, có hiệu lực thi hành kể từ ngày 01/01/2021)"
20.2.LQ.38,Điều 20.2.LQ.38. Hủy bỏ việc đơn phương chấm dứt hợp đồng lao động,45/2019/QH,45/2019/QH,38,source_document_absent_from_runtime_scope,"(Điều 38 Bộ luật số 45/2019/QH14, có hiệu lực thi hành kể từ ngày 01/01/2021)"
20.2.LQ.39,Điều 20.2.LQ.39. Đơn phương chấm dứt hợp đồng lao động trái pháp luật,45/2019/QH,45/2019/QH,39,source_document_absent_from_runtime_scope,"(Điều 39 Bộ luật số 45/2019/QH14, có hiệu lực thi hành kể từ ngày 01/01/2021)"
20.2.LQ.40,Điều 20.2.LQ.40. Nghĩa vụ của người lao động khi đơn phương chấm dứt hợp đồng lao động trái pháp luật,45/2019/QH,45/2019/QH,40,source_document_absent_from_runtime_scope,"(Điều 40 Bộ luật số 45/2019/QH14, có hiệu lực thi hành kể từ ngày 01/01/2021)"
20.2.LQ.41,Điều 20.2.LQ.41. Nghĩa vụ của người sử dụng lao động khi đơn phương chấm dứt hợp đồng lao động trái pháp luật,45/2019/QH,45/2019/QH,41,source_document_absent_from_runtime_scope,"(Điều 41 Bộ luật số 45/2019/QH14, có hiệu lực thi hành kể từ ngày 01/01/2021)"
20.2.LQ.42,"Điều 20.2.LQ.42. Nghĩa vụ của người sử dụng lao động trong trường hợp thay đổi cơ cấu, công nghệ hoặc vì lý do kinh tế",45/2019/QH,45/2019/QH,42,source_document_absent_from_runtime_scope,"(Điều 42 Bộ luật số 45/2019/QH14, có hiệu lực thi hành kể từ ngày 01/01/2021)"
20.2.TT.8.3,"Điều 20.2.TT.8.3. Cơ quan ủy quyền, cơ quan được ủy quyền",17/2023/TT-BLĐTBXH,17/2023/TT-BLĐTBXH,3,covered_by_document_and_article,"(Điều 3 Thông tư số 17/2023/TT-BLĐTBXH, có hiệu lực thi hành kể từ ngày 01/03/2024)"
20.2.TT.8.4,Điều 20.2.TT.8.4. Nguyên tắc ủy quyền,17/2023/TT-BLĐTBXH,17/2023/TT-BLĐTBXH,4,covered_by_document_and_article,"(Điều 4 Thông tư số 17/2023/TT-BLĐTBXH, có hiệu lực thi hành kể từ ngày 01/03/2024)"
20.2.TT.8.5,"Điều 20.2.TT.8.5. Hình thức, thời hạn ủy quyền",17/2023/TT-BLĐTBXH,17/2023/TT-BLĐTBXH,5,covered_by_document_and_article,"(Điều 5 Thông tư số 17/2023/TT-BLĐTBXH, có hiệu lực thi hành kể từ ngày 01/03/2024)"
20.2.TT.8.6,Điều 20.2.TT.8.6. Chấm dứt ủy quyền trước thời hạn,17/2023/TT-BLĐTBXH,17/2023/TT-BLĐTBXH,6,covered_by_document_and_article,"(Điều 6 Thông tư số 17/2023/TT-BLĐTBXH, có hiệu lực thi hành kể từ ngày 01/03/2024)"
20.2.TT.8.7,Điều 20.2.TT.8.7. Nội dung ủy quyền,17/2023/TT-BLĐTBXH,17/2023/TT-BLĐTBXH,7,covered_by_document_and_article,"(Điều 7 Thông tư số 17/2023/TT-BLĐTBXH, có hiệu lực thi hành kể từ ngày 01/03/2024)"
20.2.TT.8.8,Điều 20.2.TT.8.8. Trách nhiệm của Ủy ban nhân dân cấp tỉnh,17/2023/TT-BLĐTBXH,17/2023/TT-BLĐTBXH,8,covered_by_document_and_article,"(Điều 8 Thông tư số 17/2023/TT-BLĐTBXH, có hiệu lực thi hành kể từ ngày 01/03/2024)"
20.2.TT.8.9,Điều 20.2.TT.8.9. Trách nhiệm của Ban quản lý khu công nghiệp,17/2023/TT-BLĐTBXH,17/2023/TT-BLĐTBXH,9,covered_by_document_and_article,"(Điều 9 Thông tư số 17/2023/TT-BLĐTBXH, có hiệu lực thi hành kể từ ngày 01/03/2024)"
20.2.TT.8.10,Điều 20.2.TT.8.10. Trách nhiệm của Sở Lao động - Thương binh và Xã hội,17/2023/TT-BLĐTBXH,17/2023/TT-BLĐTBXH,10,covered_by_document_and_article,"(Điều 10 Thông tư số 17/2023/TT-BLĐTBXH, có hiệu lực thi hành kể từ ngày 01/03/2024)"
20.2.LQ.43,"Điều 20.2.LQ.43. Nghĩa vụ của người sử dụng lao động khi chia, tách, hợp nhất, sáp nhập; bán, cho thuê, chuyển đổi loại hình doanh nghiệp; chuyển nhượng quyền sở hữu, quyền sử dụng tài sản của doanh nghiệp, hợp tác xã",45/2019/QH,45/2019/QH,43,source_document_absent_from_runtime_scope,"(Điều 43 Bộ luật số 45/2019/QH14, có hiệu lực thi hành kể từ ngày 01/01/2021)"
20.2.LQ.44,Điều 20.2.LQ.44. Phương án sử dụng lao động,45/2019/QH,45/2019/QH,44,source_document_absent_from_runtime_scope,"(Điều 44 Bộ luật số 45/2019/QH14, có hiệu lực thi hành kể từ ngày 01/01/2021)"
20.2.NĐ.6.3,Điều 20.2.NĐ.6.3. Chính sách đối với người lao động dôi dư được tuyển dụng lần cuối cùng trước ngày 21 tháng 4 năm 1998 hoặc trước ngày 26 tháng 4 năm 2002,97/2022/NĐ-CP,97/2022/NĐ-CP,3,covered_by_document_and_article,"(Điều 3 Nghị định số 97/2022/NĐ-CP, có hiệu lực thi hành kể từ ngày 15/01/2023)"
20.2.NĐ.6.4,Điều 20.2.NĐ.6.4. Chính sách đối với người lao động dôi dư được tuyển dụng lần cuối cùng từ ngày 21 tháng 4 năm 1998 hoặc từ ngày 26 tháng 4 năm 2002 trở về sau,97/2022/NĐ-CP,97/2022/NĐ-CP,4,covered_by_document_and_article,"(Điều 4 Nghị định số 97/2022/NĐ-CP, có hiệu lực thi hành kể từ ngày 15/01/2023)"
20.2.NĐ.6.5,Điều 20.2.NĐ.6.5. Chính sách đối với người đại diện phần vốn của doanh nghiệp,97/2022/NĐ-CP,97/2022/NĐ-CP,5,covered_by_document_and_article,"(Điều 5 Nghị định số 97/2022/NĐ-CP, có hiệu lực thi hành kể từ ngày 15/01/2023)"
20.2.NĐ.6.6,Điều 20.2.NĐ.6.6. Thời gian làm việc để làm căn cứ tính chế độ,97/2022/NĐ-CP,97/2022/NĐ-CP,6,covered_by_document_and_article,"(Điều 6 Nghị định số 97/2022/NĐ-CP, có hiệu lực thi hành kể từ ngày 15/01/2023)"
20.2.NĐ.6.7,Điều 20.2.NĐ.6.7. Tiền lương làm căn cứ tính chế độ,97/2022/NĐ-CP,97/2022/NĐ-CP,7,covered_by_document_and_article,"(Điều 7 Nghị định số 97/2022/NĐ-CP, có hiệu lực thi hành kể từ ngày 15/01/2023)"
20.2.NĐ.6.8,Điều 20.2.NĐ.6.8. Nguồn kinh phí thực hiện chính sách đối với người lao động dôi dư,97/2022/NĐ-CP,97/2022/NĐ-CP,8,covered_by_document_and_article,"(Điều 8 Nghị định số 97/2022/NĐ-CP, có hiệu lực thi hành kể từ ngày 15/01/2023)"
20.2.NĐ.6.9,Điều 20.2.NĐ.6.9. Trách nhiệm của doanh nghiệp thực hiện sắp xếp lại,97/2022/NĐ-CP,97/2022/NĐ-CP,9,covered_by_document_and_article,"(Điều 9 Nghị định số 97/2022/NĐ-CP, có hiệu lực thi hành kể từ ngày 15/01/2023)"
20.2.NĐ.6.10,Điều 20.2.NĐ.6.10. Trách nhiệm của doanh nghiệp sau khi sắp xếp lại,97/2022/NĐ-CP,97/2022/NĐ-CP,10,covered_by_document_and_article,"(Điều 10 Nghị định số 97/2022/NĐ-CP, có hiệu lực thi hành kể từ ngày 15/01/2023)"
20.2.LQ.45,Điều 20.2.LQ.45. Thông báo chấm dứt hợp đồng lao động,45/2019/QH,45/2019/QH,45,source_document_absent_from_runtime_scope,"(Điều 45 Bộ luật số 45/2019/QH14, có hiệu lực thi hành kể từ ngày 01/01/2021)"
20.2.LQ.46,Điều 20.2.LQ.46. Trợ cấp thôi việc,45/2019/QH,45/2019/QH,46,source_document_absent_from_runtime_scope,"(Điều 46 Bộ luật số 45/2019/QH14, có hiệu lực thi hành kể từ ngày 01/01/2021)"
20.2.NĐ.3.8,"Điều 20.2.NĐ.3.8. Trợ cấp thôi việc, trợ cấp mất việc làm",145/2020/NĐ-CP,145/2020/NĐ-CP,8,covered_by_document_and_article,"(Điều 8 Nghị định số 145/2020/NĐ-CP, có hiệu lực thi hành kể từ ngày 01/02/2021)"
20.2.LQ.47,Điều 20.2.LQ.47. Trợ cấp mất việc làm,45/2019/QH,45/2019/QH,47,source_document_absent_from_runtime_scope,"(Điều 47 Bộ luật số 45/2019/QH14, có hiệu lực thi hành kể từ ngày 01/01/2021)"
20.2.LQ.48,Điều 20.2.LQ.48. Trách nhiệm khi chấm dứt hợp đồng lao động,45/2019/QH,45/2019/QH,48,source_document_absent_from_runtime_scope,"(Điều 48 Bộ luật số 45/2019/QH14, có hiệu lực thi hành kể từ ngày 01/01/2021)"
20.2.LQ.49,Điều 20.2.LQ.49. Hợp đồng lao động vô hiệu,45/2019/QH,45/2019/QH,49,source_document_absent_from_runtime_scope,"(Điều 49 Bộ luật số 45/2019/QH14, có hiệu lực thi hành kể từ ngày 01/01/2021)"
20.2.LQ.50,Điều 20.2.LQ.50. Thẩm quyền tuyên bố hợp đồng lao động vô hiệu,45/2019/QH,45/2019/QH,50,source_document_absent_from_runtime_scope,"(Điều 50 Bộ luật số 45/2019/QH14, có hiệu lực thi hành kể từ ngày 01/01/2021)"
20.2.LQ.51,Điều 20.2.LQ.51. Xử lý hợp đồng lao động vô hiệu,45/2019/QH,45/2019/QH,51,source_document_absent_from_runtime_scope,"(Điều 51 Bộ luật số 45/2019/QH14, có hiệu lực thi hành kể từ ngày 01/01/2021)"
20.2.NĐ.3.9,Điều 20.2.NĐ.3.9. Xử lý hợp đồng lao động vô hiệu từng phần,145/2020/NĐ-CP,145/2020/NĐ-CP,9,covered_by_document_and_article,"(Điều 9 Nghị định số 145/2020/NĐ-CP, có hiệu lực thi hành kể từ ngày 01/02/2021)"
20.2.NĐ.3.10,Điều 20.2.NĐ.3.10. Xử lý hợp đồng lao động vô hiệu toàn bộ do người giao kết không đúng thẩm quyền hoặc vi phạm nguyên tắc giao kết hợp đồng lao động,145/2020/NĐ-CP,145/2020/NĐ-CP,10,covered_by_document_and_article,"(Điều 10 Nghị định số 145/2020/NĐ-CP, có hiệu lực thi hành kể từ ngày 01/02/2021)"
20.2.NĐ.3.11,Điều 20.2.NĐ.3.11. Xử lý hợp đồng lao động vô hiệu toàn bộ do toàn bộ nội dung của hợp đồng lao động vi phạm pháp luật hoặc công việc đã giao kết trong hợp đồng lao động là công việc mà pháp luật cấm,145/2020/NĐ-CP,145/2020/NĐ-CP,11,covered_by_document_and_article,"(Điều 11 Nghị định số 145/2020/NĐ-CP, có hiệu lực thi hành kể từ ngày 01/02/2021)"
20.2.LQ.52,Điều 20.2.LQ.52. Cho thuê lại lao động,45/2019/QH,45/2019/QH,52,source_document_absent_from_runtime_scope,"(Điều 52 Bộ luật số 45/2019/QH14, có hiệu lực thi hành kể từ ngày 01/01/2021)"
20.2.LQ.53,Điều 20.2.LQ.53. Nguyên tắc hoạt động cho thuê lại lao động,45/2019/QH,45/2019/QH,53,source_document_absent_from_runtime_scope,"(Điều 53 Bộ luật số 45/2019/QH14, có hiệu lực thi hành kể từ ngày 01/01/2021)"
20.2.LQ.54,Điều 20.2.LQ.54. Doanh nghiệp cho thuê lại lao động,45/2019/QH,45/2019/QH,54,source_document_absent_from_runtime_scope,"(Điều 54 Bộ luật số 45/2019/QH14, có hiệu lực thi hành kể từ ngày 01/01/2021)"
20.2.NĐ.3.12,Điều 20.2.NĐ.3.12. Doanh nghiệp cho thuê lại lao động,145/2020/NĐ-CP,145/2020/NĐ-CP,12,covered_by_document_and_article,"(Điều 12 Nghị định số 145/2020/NĐ-CP, có hiệu lực thi hành kể từ ngày 01/02/2021)"
20.2.NĐ.3.13,Điều 20.2.NĐ.3.13. Bên thuê lại lao động,145/2020/NĐ-CP,145/2020/NĐ-CP,13,covered_by_document_and_article,"(Điều 13 Nghị định số 145/2020/NĐ-CP, có hiệu lực thi hành kể từ ngày 01/02/2021)"
20.2.NĐ.3.14,Điều 20.2.NĐ.3.14. Người lao động thuê lại,145/2020/NĐ-CP,145/2020/NĐ-CP,14,covered_by_document_and_article,"(Điều 14 Nghị định số 145/2020/NĐ-CP, có hiệu lực thi hành kể từ ngày 01/02/2021)"
20.2.NĐ.3.15,Điều 20.2.NĐ.3.15. Ký quỹ và sử dụng tiền ký quỹ,145/2020/NĐ-CP,145/2020/NĐ-CP,15,covered_by_document_and_article,"(Điều 15 Nghị định số 145/2020/NĐ-CP, có hiệu lực thi hành kể từ ngày 01/02/2021)"
20.2.NĐ.3.16,Điều 20.2.NĐ.3.16. Nộp tiền ký quỹ,145/2020/NĐ-CP,145/2020/NĐ-CP,16,covered_by_document_and_article,"(Điều 16 Nghị định số 145/2020/NĐ-CP, có hiệu lực thi hành kể từ ngày 01/02/2021)"
20.2.NĐ.3.17,Điều 20.2.NĐ.3.17. Quản lý tiền ký quỹ,145/2020/NĐ-CP,145/2020/NĐ-CP,17,covered_by_document_and_article,"(Điều 17 Nghị định số 145/2020/NĐ-CP, có hiệu lực thi hành kể từ ngày 01/02/2021)"
20.2.NĐ.3.18,Điều 20.2.NĐ.3.18. Rút tiền ký quỹ,145/2020/NĐ-CP,145/2020/NĐ-CP,18,covered_by_document_and_article,"(Điều 18 Nghị định số 145/2020/NĐ-CP, có hiệu lực thi hành kể từ ngày 01/02/2021)"
20.2.NĐ.3.19,Điều 20.2.NĐ.3.19. Trích tiền ký quỹ khi doanh nghiệp cho thuê lại không thực hiện nghĩa vụ đối với người lao động thuê lại,145/2020/NĐ-CP,145/2020/NĐ-CP,19,covered_by_document_and_article,"(Điều 19 Nghị định số 145/2020/NĐ-CP, có hiệu lực thi hành kể từ ngày 01/02/2021)"
20.2.NĐ.3.20,Điều 20.2.NĐ.3.20. Nộp bổ sung tiền ký quỹ,145/2020/NĐ-CP,145/2020/NĐ-CP,20,covered_by_document_and_article,"(Điều 20 Nghị định số 145/2020/NĐ-CP, có hiệu lực thi hành kể từ ngày 01/02/2021)"
20.2.NĐ.3.21,Điều 20.2.NĐ.3.21. Điều kiện cấp giấy phép,145/2020/NĐ-CP,145/2020/NĐ-CP,21,covered_by_document_and_article,"(Điều 21 Nghị định số 145/2020/NĐ-CP, có hiệu lực thi hành kể từ ngày 01/02/2021)"
20.2.NĐ.3.22,"Điều 20.2.NĐ.3.22. Thẩm quyền cấp, gia hạn, cấp lại, thu hồi giấy phép",145/2020/NĐ-CP,145/2020/NĐ-CP,22,covered_by_document_and_article,"(Điều 22 Nghị định số 145/2020/NĐ-CP, có hiệu lực thi hành kể từ ngày 01/02/2021)"
20.2.NĐ.3.23,Điều 20.2.NĐ.3.23. Giấy phép hoạt động cho thuê lại lao động,145/2020/NĐ-CP,145/2020/NĐ-CP,23,covered_by_document_and_article,"(Điều 23 Nghị định số 145/2020/NĐ-CP, có hiệu lực thi hành kể từ ngày 01/02/2021)"
20.2.NĐ.3.24,Điều 20.2.NĐ.3.24. Hồ sơ đề nghị cấp giấy phép,145/2020/NĐ-CP,145/2020/NĐ-CP,24,covered_by_document_and_article,"(Điều 24 Nghị định số 145/2020/NĐ-CP, có hiệu lực thi hành kể từ ngày 01/02/2021)"
20.2.NĐ.3.25,"Điều 20.2.NĐ.3.25. Trình tự, thủ tục cấp giấy phép",145/2020/NĐ-CP,145/2020/NĐ-CP,25,covered_by_document_and_article,"(Điều 25 Nghị định số 145/2020/NĐ-CP, có hiệu lực thi hành kể từ ngày 01/02/2021)"
20.2.NĐ.3.26,Điều 20.2.NĐ.3.26. Gia hạn giấy phép,145/2020/NĐ-CP,145/2020/NĐ-CP,26,covered_by_document_and_article,"(Điều 26 Nghị định số 145/2020/NĐ-CP, có hiệu lực thi hành kể từ ngày 01/02/2021)"
20.2.NĐ.3.27,Điều 20.2.NĐ.3.27. Cấp lại giấy phép,145/2020/NĐ-CP,145/2020/NĐ-CP,27,covered_by_document_and_article,"(Điều 27 Nghị định số 145/2020/NĐ-CP, có hiệu lực thi hành kể từ ngày 01/02/2021)"
20.2.NĐ.3.28,Điều 20.2.NĐ.3.28. Thu hồi giấy phép,145/2020/NĐ-CP,145/2020/NĐ-CP,28,covered_by_document_and_article,"(Điều 28 Nghị định số 145/2020/NĐ-CP, có hiệu lực thi hành kể từ ngày 01/02/2021)"
20.2.NĐ.3.29,"Điều 20.2.NĐ.3.29. Trách nhiệm của doanh nghiệp cho thuê lại trong trường hợp bị thu hồi giấy phép hoặc không được gia hạn, cấp lại giấy phép",145/2020/NĐ-CP,145/2020/NĐ-CP,29,covered_by_document_and_article,"(Điều 29 Nghị định số 145/2020/NĐ-CP, có hiệu lực thi hành kể từ ngày 01/02/2021)"
20.2.NĐ.3.30,Điều 20.2.NĐ.3.30. Danh mục công việc được thực hiện cho thuê lại lao động,145/2020/NĐ-CP,145/2020/NĐ-CP,30,covered_by_document_and_article,"(Điều 30 Nghị định số 145/2020/NĐ-CP, có hiệu lực thi hành kể từ ngày 01/02/2021)"
20.2.NĐ.3.31,Điều 20.2.NĐ.3.31. Trách nhiệm của doanh nghiệp cho thuê lại,145/2020/NĐ-CP,145/2020/NĐ-CP,31,covered_by_document_and_article,"( Điều 31 Nghị định số 145/2020/NĐ-CP, có hiệu lực thi hành kể từ ngày 01/02/2021, có nội dung được sửa đổi, có nội dung được bổ sung bởi Điều 73 Nghị định số 35/2022/NĐ-CP có hiệu lực thi hành kể từ ngày 15/07/2022)"
20.2.NĐ.3.32,Điều 20.2.NĐ.3.32. Trách nhiệm của ngân hàng nhận ký quỹ,145/2020/NĐ-CP,145/2020/NĐ-CP,32,covered_by_document_and_article,"(Điều 32 Nghị định số 145/2020/NĐ-CP, có hiệu lực thi hành kể từ ngày 01/02/2021)"
20.2.NĐ.3.33,Điều 20.2.NĐ.3.33. Trách nhiệm của Sở Lao động - Thương binh và Xã hội,145/2020/NĐ-CP,145/2020/NĐ-CP,33,covered_by_document_and_article,"(Điều 33 Nghị định số 145/2020/NĐ-CP, có hiệu lực thi hành kể từ ngày 01/02/2021)"
20.2.NĐ.3.34,Điều 20.2.NĐ.3.34. Trách nhiệm của Chủ tịch Ủy ban nhân dân cấp tỉnh,145/2020/NĐ-CP,145/2020/NĐ-CP,34,covered_by_document_and_article,"(Điều 34 Nghị định số 145/2020/NĐ-CP, có hiệu lực thi hành kể từ ngày 01/02/2021)"
20.2.NĐ.3.35,Điều 20.2.NĐ.3.35. Trách nhiệm của Bộ Lao động - Thương binh và Xã hội,145/2020/NĐ-CP,145/2020/NĐ-CP,35,covered_by_document_and_article,"(Điều 35 Nghị định số 145/2020/NĐ-CP, có hiệu lực thi hành kể từ ngày 01/02/2021)"
20.2.NĐ.3.36,Điều 20.2.NĐ.3.36. Trách nhiệm của Ngân hàng Nhà nước Việt Nam,145/2020/NĐ-CP,145/2020/NĐ-CP,36,covered_by_document_and_article,"(Điều 36 Nghị định số 145/2020/NĐ-CP, có hiệu lực thi hành kể từ ngày 01/02/2021)"
20.2.LQ.55,Điều 20.2.LQ.55. Hợp đồng cho thuê lại lao động,45/2019/QH,45/2019/QH,55,source_document_absent_from_runtime_scope,"(Điều 55 Bộ luật số 45/2019/QH14, có hiệu lực thi hành kể từ ngày 01/01/2021)"
20.2.LQ.56,Điều 20.2.LQ.56. Quyền và nghĩa vụ của doanh nghiệp cho thuê lại lao động,45/2019/QH,45/2019/QH,56,source_document_absent_from_runtime_scope,"(Điều 56 Bộ luật số 45/2019/QH14, có hiệu lực thi hành kể từ ngày 01/01/2021)"
20.2.LQ.57,Điều 20.2.LQ.57. Quyền và nghĩa vụ của bên thuê lại lao động,45/2019/QH,45/2019/QH,57,source_document_absent_from_runtime_scope,"(Điều 57 Bộ luật số 45/2019/QH14, có hiệu lực thi hành kể từ ngày 01/01/2021)"
20.2.LQ.58,Điều 20.2.LQ.58. Quyền và nghĩa vụ của người lao động thuê lại,45/2019/QH,45/2019/QH,58,source_document_absent_from_runtime_scope,"(Điều 58 Bộ luật số 45/2019/QH14, có hiệu lực thi hành kể từ ngày 01/01/2021)"
20.2.LQ.59,Điều 20.2.LQ.59. Đào tạo nghề nghiệp và phát triển kỹ năng nghề,45/2019/QH,45/2019/QH,59,source_document_absent_from_runtime_scope,"(Điều 59 Bộ luật số 45/2019/QH14, có hiệu lực thi hành kể từ ngày 01/01/2021)"
20.2.LQ.60,"Điều 20.2.LQ.60. Trách nhiệm của người sử dụng lao động về đào tạo, bồi dưỡng, nâng cao trình độ, kỹ năng nghề",45/2019/QH,45/2019/QH,60,source_document_absent_from_runtime_scope,"(Điều 60 Bộ luật số 45/2019/QH14, có hiệu lực thi hành kể từ ngày 01/01/2021)"
20.2.LQ.61,"Điều 20.2.LQ.61. Học nghề, tập nghề để làm việc cho người sử dụng lao động",45/2019/QH,45/2019/QH,61,source_document_absent_from_runtime_scope,"(Điều 61 Bộ luật số 45/2019/QH14, có hiệu lực thi hành kể từ ngày 01/01/2021)"
20.2.LQ.62,"Điều 20.2.LQ.62. Hợp đồng đào tạo nghề giữa người sử dụng lao động, người lao động và chi phí đào tạo nghề",45/2019/QH,45/2019/QH,62,source_document_absent_from_runtime_scope,"(Điều 62 Bộ luật số 45/2019/QH14, có hiệu lực thi hành kể từ ngày 01/01/2021)"
20.2.LQ.63,Điều 20.2.LQ.63. Tổ chức đối thoại tại nơi làm việc,45/2019/QH,45/2019/QH,63,source_document_absent_from_runtime_scope,"(Điều 63 Bộ luật số 45/2019/QH14, có hiệu lực thi hành kể từ ngày 01/01/2021)"
20.2.NĐ.3.37,Điều 20.2.NĐ.3.37. Trách nhiệm tổ chức đối thoại tại nơi làm việc,145/2020/NĐ-CP,145/2020/NĐ-CP,37,covered_by_document_and_article,"(Điều 37 Nghị định số 145/2020/NĐ-CP, có hiệu lực thi hành kể từ ngày 01/02/2021)"
20.2.NĐ.3.38,"Điều 20.2.NĐ.3.38. Số lượng, thành phần tham gia đối thoại",145/2020/NĐ-CP,145/2020/NĐ-CP,38,covered_by_document_and_article,"(Điều 38 Nghị định số 145/2020/NĐ-CP, có hiệu lực thi hành kể từ ngày 01/02/2021)"
20.2.NĐ.3.39,Điều 20.2.NĐ.3.39. Tổ chức đối thoại định kỳ tại nơi làm việc,145/2020/NĐ-CP,145/2020/NĐ-CP,39,covered_by_document_and_article,"(Điều 39 Nghị định số 145/2020/NĐ-CP, có hiệu lực thi hành kể từ ngày 01/02/2021)"
20.2.NĐ.3.40,Điều 20.2.NĐ.3.40. Tổ chức đối thoại khi có yêu cầu của một hoặc các bên,145/2020/NĐ-CP,145/2020/NĐ-CP,40,covered_by_document_and_article,"(Điều 40 Nghị định số 145/2020/NĐ-CP, có hiệu lực thi hành kể từ ngày 01/02/2021)"
20.2.NĐ.3.41,Điều 20.2.NĐ.3.41. Tổ chức đối thoại khi có vụ việc,145/2020/NĐ-CP,145/2020/NĐ-CP,41,covered_by_document_and_article,"(Điều 41 Nghị định số 145/2020/NĐ-CP, có hiệu lực thi hành kể từ ngày 01/02/2021)"
20.2.NĐ.3.42,Điều 20.2.NĐ.3.42. Nguyên tắc thực hiện quy chế dân chủ ở cơ sở tại nơi làm việc,145/2020/NĐ-CP,145/2020/NĐ-CP,42,covered_by_document_and_article,"(Điều 42 Nghị định số 145/2020/NĐ-CP, có hiệu lực thi hành kể từ ngày 01/02/2021)"
20.2.NĐ.3.43,"Điều 20.2.NĐ.3.43. Nội dung, hình thức người sử dụng lao động phải công khai",145/2020/NĐ-CP,145/2020/NĐ-CP,43,covered_by_document_and_article,"(Điều 43 Nghị định số 145/2020/NĐ-CP, có hiệu lực thi hành kể từ ngày 01/02/2021)"
20.2.NĐ.3.44,"Điều 20.2.NĐ.3.44. Nội dung, hình thức người lao động được tham gia ý kiến",145/2020/NĐ-CP,145/2020/NĐ-CP,44,covered_by_document_and_article,"(Điều 44 Nghị định số 145/2020/NĐ-CP, có hiệu lực thi hành kể từ ngày 01/02/2021)"
20.2.NĐ.3.45,"Điều 20.2.NĐ.3.45. Nội dung, hình thức người lao động được quyết định",145/2020/NĐ-CP,145/2020/NĐ-CP,45,covered_by_document_and_article,"(Điều 45 Nghị định số 145/2020/NĐ-CP, có hiệu lực thi hành kể từ ngày 01/02/2021)"
20.2.NĐ.3.46,"Điều 20.2.NĐ.3.46. Nội dung, hình thức người lao động được kiểm tra, giám sát",145/2020/NĐ-CP,145/2020/NĐ-CP,46,covered_by_document_and_article,"(Điều 46 Nghị định số 145/2020/NĐ-CP, có hiệu lực thi hành kể từ ngày 01/02/2021)"
20.2.NĐ.3.47,Điều 20.2.NĐ.3.47. Hội nghị người lao động,145/2020/NĐ-CP,145/2020/NĐ-CP,47,covered_by_document_and_article,"(Điều 47 Nghị định số 145/2020/NĐ-CP, có hiệu lực thi hành kể từ ngày 01/02/2021)"
20.2.NĐ.3.48,Điều 20.2.NĐ.3.48. Trách nhiệm ban hành quy chế dân chủ ở cơ sở tại nơi làm việc,145/2020/NĐ-CP,145/2020/NĐ-CP,48,covered_by_document_and_article,"(Điều 48 Nghị định số 145/2020/NĐ-CP, có hiệu lực thi hành kể từ ngày 01/02/2021)"
20.2.LQ.64,Điều 20.2.LQ.64. Nội dung đối thoại tại nơi làm việc,45/2019/QH,45/2019/QH,64,source_document_absent_from_runtime_scope,"(Điều 64 Bộ luật số 45/2019/QH14, có hiệu lực thi hành kể từ ngày 01/01/2021)"
20.2.LQ.65,Điều 20.2.LQ.65. Thương lượng tập thể,45/2019/QH,45/2019/QH,65,source_document_absent_from_runtime_scope,"(Điều 65 Bộ luật số 45/2019/QH14, có hiệu lực thi hành kể từ ngày 01/01/2021)"
20.2.LQ.66,Điều 20.2.LQ.66. Nguyên tắc thương lượng tập thể,45/2019/QH,45/2019/QH,66,source_document_absent_from_runtime_scope,"(Điều 66 Bộ luật số 45/2019/QH14, có hiệu lực thi hành kể từ ngày 01/01/2021)"
20.2.LQ.67,Điều 20.2.LQ.67. Nội dung thương lượng tập thể,45/2019/QH,45/2019/QH,67,source_document_absent_from_runtime_scope,"(Điều 67 Bộ luật số 45/2019/QH14, có hiệu lực thi hành kể từ ngày 01/01/2021)"
20.2.LQ.68,Điều 20.2.LQ.68. Quyền thương lượng tập thể của tổ chức đại diện người lao động tại cơ sở trong doanh nghiệp,45/2019/QH,45/2019/QH,68,source_document_absent_from_runtime_scope,"(Điều 68 Bộ luật số 45/2019/QH14, có hiệu lực thi hành kể từ ngày 01/01/2021)"
20.2.LQ.69,Điều 20.2.LQ.69. Đại diện thương lượng tập thể tại doanh nghiệp,45/2019/QH,45/2019/QH,69,source_document_absent_from_runtime_scope,"(Điều 69 Bộ luật số 45/2019/QH14, có hiệu lực thi hành kể từ ngày 01/01/2021)"
20.2.LQ.70,Điều 20.2.LQ.70. Quy trình thương lượng tập thể tại doanh nghiệp,45/2019/QH,45/2019/QH,70,source_document_absent_from_runtime_scope,"(Điều 70 Bộ luật số 45/2019/QH14, có hiệu lực thi hành kể từ ngày 01/01/2021)"
20.2.LQ.71,Điều 20.2.LQ.71. Thương lượng tập thể không thành,45/2019/QH,45/2019/QH,71,source_document_absent_from_runtime_scope,"(Điều 71 Bộ luật số 45/2019/QH14, có hiệu lực thi hành kể từ ngày 01/01/2021)"
20.2.LQ.72,"Điều 20.2.LQ.72. Thương lượng tập thể ngành, thương lượng tập thể có nhiều doanh nghiệp tham gia",45/2019/QH,45/2019/QH,72,source_document_absent_from_runtime_scope,"(Điều 72 Bộ luật số 45/2019/QH14, có hiệu lực thi hành kể từ ngày 01/01/2021)"
20.2.LQ.73,Điều 20.2.LQ.73. Thương lượng tập thể có nhiều doanh nghiệp tham gia thông qua Hội đồng thương lượng tập thể,45/2019/QH,45/2019/QH,73,source_document_absent_from_runtime_scope,"(Điều 73 Bộ luật số 45/2019/QH14, có hiệu lực thi hành kể từ ngày 01/01/2021)"
20.2.TT.2.6,Điều 20.2.TT.2.6. Thành lập Hội đồng thương lượng tập thể,10/2020/TT-BLĐTBXH,10/2020/TT-BLĐTBXH,6,covered_by_document_and_article,"(Điều 6 Thông tư số 10/2020/TT-BLĐTBXH, có hiệu lực thi hành kể từ ngày 01/01/2021)"
20.2.TT.2.7,Điều 20.2.TT.2.7. Chức năng của Hội đồng thương lượng tập thể,10/2020/TT-BLĐTBXH,10/2020/TT-BLĐTBXH,7,covered_by_document_and_article,"(Điều 7 Thông tư số 10/2020/TT-BLĐTBXH, có hiệu lực thi hành kể từ ngày 01/01/2021)"
20.2.TT.2.8,Điều 20.2.TT.2.8. Nhiệm vụ của Hội đồng thương lượng tập thể,10/2020/TT-BLĐTBXH,10/2020/TT-BLĐTBXH,8,covered_by_document_and_article,"(Điều 8 Thông tư số 10/2020/TT-BLĐTBXH, có hiệu lực thi hành kể từ ngày 01/01/2021)"
20.2.TT.2.9,Điều 20.2.TT.2.9. Hoạt động của Hội đồng thương lượng tập thể,10/2020/TT-BLĐTBXH,10/2020/TT-BLĐTBXH,9,covered_by_document_and_article,"(Điều 9 Thông tư số 10/2020/TT-BLĐTBXH, có hiệu lực thi hành kể từ ngày 01/01/2021)"
20.2.LQ.74,Điều 20.2.LQ.74. Trách nhiệm của Ủy ban nhân dân cấp tỉnh trong thương lượng tập thể,45/2019/QH,45/2019/QH,74,source_document_absent_from_runtime_scope,"(Điều 74 Bộ luật số 45/2019/QH14, có hiệu lực thi hành kể từ ngày 01/01/2021)"
20.2.LQ.75,Điều 20.2.LQ.75. Thỏa ước lao động tập thể,45/2019/QH,45/2019/QH,75,source_document_absent_from_runtime_scope,"(Điều 75 Bộ luật số 45/2019/QH14, có hiệu lực thi hành kể từ ngày 01/01/2021)"
20.2.LQ.76,Điều 20.2.LQ.76. Lấy ý kiến và ký kết thỏa ước lao động tập thể,45/2019/QH,45/2019/QH,76,source_document_absent_from_runtime_scope,"(Điều 76 Bộ luật số 45/2019/QH14, có hiệu lực thi hành kể từ ngày 01/01/2021)"
20.2.LQ.77,Điều 20.2.LQ.77. Gửi thỏa ước lao động tập thể,45/2019/QH,45/2019/QH,77,source_document_absent_from_runtime_scope,"(Điều 77 Bộ luật số 45/2019/QH14, có hiệu lực thi hành kể từ ngày 01/01/2021)"
20.2.LQ.78,Điều 20.2.LQ.78. Hiệu lực và thời hạn của thỏa ước lao động tập thể,45/2019/QH,45/2019/QH,78,source_document_absent_from_runtime_scope,"(Điều 78 Bộ luật số 45/2019/QH14, có hiệu lực thi hành kể từ ngày 01/01/2021)"
20.2.LQ.79,Điều 20.2.LQ.79. Thực hiện thỏa ước lao động tập thể tại doanh nghiệp,45/2019/QH,45/2019/QH,79,source_document_absent_from_runtime_scope,"(Điều 79 Bộ luật số 45/2019/QH14, có hiệu lực thi hành kể từ ngày 01/01/2021)"
20.2.LQ.80,"Điều 20.2.LQ.80. Thực hiện thỏa ước lao động tập thể doanh nghiệp trong trường hợp chia, tách, hợp nhất, sáp nhập; bán, cho thuê, chuyển đổi loại hình doanh nghiệp; chuyển nhượng quyền sở hữu, quyền sử dụng tài sản của doanh nghiệp",45/2019/QH,45/2019/QH,80,source_document_absent_from_runtime_scope,"(Điều 80 Bộ luật số 45/2019/QH14, có hiệu lực thi hành kể từ ngày 01/01/2021)"
20.2.LQ.81,"Điều 20.2.LQ.81. Quan hệ giữa thỏa ước lao động tập thể doanh nghiệp, thỏa ước lao động tập thể ngành và thỏa ước lao động tập thể có nhiều doanh nghiệp",45/2019/QH,45/2019/QH,81,source_document_absent_from_runtime_scope,"(Điều 81 Bộ luật số 45/2019/QH14, có hiệu lực thi hành kể từ ngày 01/01/2021)"
20.2.LQ.82,"Điều 20.2.LQ.82. Sửa đổi, bổ sung thỏa ước lao động tập thể",45/2019/QH,45/2019/QH,82,source_document_absent_from_runtime_scope,"(Điều 82 Bộ luật số 45/2019/QH14, có hiệu lực thi hành kể từ ngày 01/01/2021)"
20.2.LQ.83,Điều 20.2.LQ.83. Thỏa ước lao động tập thể hết hạn,45/2019/QH,45/2019/QH,83,source_document_absent_from_runtime_scope,"(Điều 83 Bộ luật số 45/2019/QH14, có hiệu lực thi hành kể từ ngày 01/01/2021)"
20.2.LQ.84,Điều 20.2.LQ.84. Mở rộng phạm vi áp dụng của thỏa ước lao động tập thể ngành hoặc thỏa ước lao động tập thể có nhiều doanh nghiệp,45/2019/QH,45/2019/QH,84,source_document_absent_from_runtime_scope,"(Điều 84 Bộ luật số 45/2019/QH14, có hiệu lực thi hành kể từ ngày 01/01/2021)"
20.2.LQ.85,Điều 20.2.LQ.85. Gia nhập và rút khỏi thỏa ước lao động tập thể ngành hoặc thỏa ước lao động tập thể có nhiều doanh nghiệp,45/2019/QH,45/2019/QH,85,source_document_absent_from_runtime_scope,"(Điều 85 Bộ luật số 45/2019/QH14, có hiệu lực thi hành kể từ ngày 01/01/2021)"
20.2.LQ.86,Điều 20.2.LQ.86. Thỏa ước lao động tập thể vô hiệu,45/2019/QH,45/2019/QH,86,source_document_absent_from_runtime_scope,"(Điều 86 Bộ luật số 45/2019/QH14, có hiệu lực thi hành kể từ ngày 01/01/2021)"
20.2.LQ.87,Điều 20.2.LQ.87. Thẩm quyền tuyên bố thỏa ước lao động tập thể vô hiệu,45/2019/QH,45/2019/QH,87,source_document_absent_from_runtime_scope,"(Điều 87 Bộ luật số 45/2019/QH14, có hiệu lực thi hành kể từ ngày 01/01/2021)"
20.2.LQ.88,Điều 20.2.LQ.88. Xử lý thỏa ước lao động tập thể vô hiệu,45/2019/QH,45/2019/QH,88,source_document_absent_from_runtime_scope,"(Điều 88 Bộ luật số 45/2019/QH14, có hiệu lực thi hành kể từ ngày 01/01/2021)"
20.2.LQ.89,"Điều 20.2.LQ.89. Chi phí thương lượng, ký kết thỏa ước lao động tập thể",45/2019/QH,45/2019/QH,89,source_document_absent_from_runtime_scope,"(Điều 89 Bộ luật số 45/2019/QH14, có hiệu lực thi hành kể từ ngày 01/01/2021)"
20.2.LQ.90,Điều 20.2.LQ.90. Tiền lương,45/2019/QH,45/2019/QH,90,source_document_absent_from_runtime_scope,"(Điều 90 Bộ luật số 45/2019/QH14, có hiệu lực thi hành kể từ ngày 01/01/2021)"
20.2.LQ.91,Điều 20.2.LQ.91. Mức lương tối thiểu,45/2019/QH,45/2019/QH,91,source_document_absent_from_runtime_scope,"(Điều 91 Bộ luật số 45/2019/QH14, có hiệu lực thi hành kể từ ngày 01/01/2021)"
20.2.NĐ.8.3,Điều 20.2.NĐ.8.3. Mức lương tối thiểu,293/2025/NĐ-CP,293/2025/NĐ-CP,3,covered_by_document_and_article,"(Điều 3 Nghị định số 293/2025/NĐ-CP, có hiệu lực thi hành kể từ ngày 01/01/2026)"
20.2.NĐ.8.4,Điều 20.2.NĐ.8.4. Áp dụng mức lương tối thiểu,293/2025/NĐ-CP,293/2025/NĐ-CP,4,covered_by_document_and_article,"(Điều 4 Nghị định số 293/2025/NĐ-CP, có hiệu lực thi hành kể từ ngày 01/01/2026)"
20.2.LQ.92,Điều 20.2.LQ.92. Hội đồng tiền lương quốc gia,45/2019/QH,45/2019/QH,92,source_document_absent_from_runtime_scope,"(Điều 92 Bộ luật số 45/2019/QH14, có hiệu lực thi hành kể từ ngày 01/01/2021)"
20.2.NĐ.3.49,Điều 20.2.NĐ.3.49. Chức năng của Hội đồng tiền lương quốc gia,145/2020/NĐ-CP,145/2020/NĐ-CP,49,covered_by_document_and_article,"(Điều 49 Nghị định số 145/2020/NĐ-CP, có hiệu lực thi hành kể từ ngày 01/02/2021)"
20.2.NĐ.3.50,Điều 20.2.NĐ.3.50. Nhiệm vụ của Hội đồng tiền lương quốc gia,145/2020/NĐ-CP,145/2020/NĐ-CP,50,covered_by_document_and_article,"(Điều 50 Nghị định số 145/2020/NĐ-CP, có hiệu lực thi hành kể từ ngày 01/02/2021)"
20.2.NĐ.3.51,Điều 20.2.NĐ.3.51. Cơ cấu tổ chức của Hội đồng tiền lương quốc gia,145/2020/NĐ-CP,145/2020/NĐ-CP,51,covered_by_document_and_article,"(Điều 51 Nghị định số 145/2020/NĐ-CP, có hiệu lực thi hành kể từ ngày 01/02/2021)"
20.2.NĐ.3.52,Điều 20.2.NĐ.3.52. Hoạt động của Hội đồng tiền lương quốc gia,145/2020/NĐ-CP,145/2020/NĐ-CP,52,covered_by_document_and_article,"(Điều 52 Nghị định số 145/2020/NĐ-CP, có hiệu lực thi hành kể từ ngày 01/02/2021)"
20.2.NĐ.3.53,Điều 20.2.NĐ.3.53. Trách nhiệm thực hiện về thành lập và hoạt động của Hội đồng tiền lương quốc gia,145/2020/NĐ-CP,145/2020/NĐ-CP,53,covered_by_document_and_article,"(Điều 53 Nghị định số 145/2020/NĐ-CP, có hiệu lực thi hành kể từ ngày 01/02/2021)"
20.2.LQ.93,"Điều 20.2.LQ.93. Xây dựng thang lương, bảng lương và định mức lao động",45/2019/QH,45/2019/QH,93,source_document_absent_from_runtime_scope,"(Điều 93 Bộ luật số 45/2019/QH14, có hiệu lực thi hành kể từ ngày 01/01/2021)"
20.2.LQ.94,Điều 20.2.LQ.94. Nguyên tắc trả lương,45/2019/QH,45/2019/QH,94,source_document_absent_from_runtime_scope,"(Điều 94 Bộ luật số 45/2019/QH14, có hiệu lực thi hành kể từ ngày 01/01/2021)"
20.2.LQ.95,Điều 20.2.LQ.95. Trả lương,45/2019/QH,45/2019/QH,95,source_document_absent_from_runtime_scope,"(Điều 95 Bộ luật số 45/2019/QH14, có hiệu lực thi hành kể từ ngày 01/01/2021)"
20.2.LQ.96,Điều 20.2.LQ.96. Hình thức trả lương,45/2019/QH,45/2019/QH,96,source_document_absent_from_runtime_scope,"(Điều 96 Bộ luật số 45/2019/QH14, có hiệu lực thi hành kể từ ngày 01/01/2021)"
20.2.NĐ.3.54,Điều 20.2.NĐ.3.54. Hình thức trả lương,145/2020/NĐ-CP,145/2020/NĐ-CP,54,covered_by_document_and_article,"(Điều 54 Nghị định số 145/2020/NĐ-CP, có hiệu lực thi hành kể từ ngày 01/02/2021)"
20.2.LQ.97,Điều 20.2.LQ.97. Kỳ hạn trả lương,45/2019/QH,45/2019/QH,97,source_document_absent_from_runtime_scope,"(Điều 97 Bộ luật số 45/2019/QH14, có hiệu lực thi hành kể từ ngày 01/01/2021)"
20.2.LQ.98,"Điều 20.2.LQ.98. Tiền lương làm thêm giờ, làm việc vào ban đêm",45/2019/QH,45/2019/QH,98,source_document_absent_from_runtime_scope,"(Điều 98 Bộ luật số 45/2019/QH14, có hiệu lực thi hành kể từ ngày 01/01/2021)"
20.2.NĐ.3.55,Điều 20.2.NĐ.3.55. Tiền lương làm thêm giờ,145/2020/NĐ-CP,145/2020/NĐ-CP,55,covered_by_document_and_article,"(Điều 55 Nghị định số 145/2020/NĐ-CP, có hiệu lực thi hành kể từ ngày 01/02/2021)"
20.2.NĐ.3.56,Điều 20.2.NĐ.3.56. Tiền lương làm việc vào ban đêm,145/2020/NĐ-CP,145/2020/NĐ-CP,56,covered_by_document_and_article,"(Điều 56 Nghị định số 145/2020/NĐ-CP, có hiệu lực thi hành kể từ ngày 01/02/2021)"
20.2.NĐ.3.57,Điều 20.2.NĐ.3.57. Tiền lương làm thêm giờ vào ban đêm,145/2020/NĐ-CP,145/2020/NĐ-CP,57,covered_by_document_and_article,"(Điều 57 Nghị định số 145/2020/NĐ-CP, có hiệu lực thi hành kể từ ngày 01/02/2021)"
20.2.LQ.99,Điều 20.2.LQ.99. Tiền lương ngừng việc,45/2019/QH,45/2019/QH,99,source_document_absent_from_runtime_scope,"(Điều 99 Bộ luật số 45/2019/QH14, có hiệu lực thi hành kể từ ngày 01/01/2021)"
20.2.LQ.100,Điều 20.2.LQ.100. Trả lương thông qua người cai thầu,45/2019/QH,45/2019/QH,100,source_document_absent_from_runtime_scope,"(Điều 100 Bộ luật số 45/2019/QH14, có hiệu lực thi hành kể từ ngày 01/01/2021)"
20.2.LQ.101,Điều 20.2.LQ.101. Tạm ứng tiền lương,45/2019/QH,45/2019/QH,101,source_document_absent_from_runtime_scope,"(Điều 101 Bộ luật số 45/2019/QH14, có hiệu lực thi hành kể từ ngày 01/01/2021)"
20.2.LQ.102,Điều 20.2.LQ.102. Khấu trừ tiền lương,45/2019/QH,45/2019/QH,102,source_document_absent_from_runtime_scope,"(Điều 102 Bộ luật số 45/2019/QH14, có hiệu lực thi hành kể từ ngày 01/01/2021)"
20.2.LQ.103,"Điều 20.2.LQ.103. Chế độ nâng lương, nâng bậc, phụ cấp, trợ cấp",45/2019/QH,45/2019/QH,103,source_document_absent_from_runtime_scope,"(Điều 103 Bộ luật số 45/2019/QH14, có hiệu lực thi hành kể từ ngày 01/01/2021)"
20.2.LQ.104,Điều 20.2.LQ.104. Thưởng,45/2019/QH,45/2019/QH,104,source_document_absent_from_runtime_scope,"(Điều 104 Bộ luật số 45/2019/QH14, có hiệu lực thi hành kể từ ngày 01/01/2021)"
20.2.LQ.105,Điều 20.2.LQ.105. Thời giờ làm việc bình thường,45/2019/QH,45/2019/QH,105,source_document_absent_from_runtime_scope,"(Điều 105 Bộ luật số 45/2019/QH14, có hiệu lực thi hành kể từ ngày 01/01/2021)"
20.2.NĐ.3.58,Điều 20.2.NĐ.3.58. Thời giờ được tính vào thời giờ làm việc được hưởng lương,145/2020/NĐ-CP,145/2020/NĐ-CP,58,covered_by_document_and_article,"(Điều 58 Nghị định số 145/2020/NĐ-CP, có hiệu lực thi hành kể từ ngày 01/02/2021)"
20.2.NĐ.3.63,Điều 20.2.NĐ.3.63. Ca làm việc và tổ chức làm việc theo ca,145/2020/NĐ-CP,145/2020/NĐ-CP,63,covered_by_document_and_article,"(Điều 63 Nghị định số 145/2020/NĐ-CP, có hiệu lực thi hành kể từ ngày 01/02/2021)"
20.2.NĐ.3.64,Điều 20.2.NĐ.3.64. Nghỉ trong giờ làm việc,145/2020/NĐ-CP,145/2020/NĐ-CP,64,covered_by_document_and_article,"(Điều 64 Nghị định số 145/2020/NĐ-CP, có hiệu lực thi hành kể từ ngày 01/02/2021)"
20.2.LQ.106,Điều 20.2.LQ.106. Giờ làm việc ban đêm,45/2019/QH,45/2019/QH,106,source_document_absent_from_runtime_scope,"(Điều 106 Bộ luật số 45/2019/QH14, có hiệu lực thi hành kể từ ngày 01/01/2021)"
20.2.LQ.107,Điều 20.2.LQ.107. Làm thêm giờ,45/2019/QH,45/2019/QH,107,source_document_absent_from_runtime_scope,"(Điều 107 Bộ luật số 45/2019/QH14, có hiệu lực thi hành kể từ ngày 01/01/2021)"
20.2.NĐ.3.59,Điều 20.2.NĐ.3.59. Sự đồng ý của người lao động khi làm thêm giờ,145/2020/NĐ-CP,145/2020/NĐ-CP,59,covered_by_document_and_article,"(Điều 59 Nghị định số 145/2020/NĐ-CP, có hiệu lực thi hành kể từ ngày 01/02/2021)"
20.2.NĐ.3.60,Điều 20.2.NĐ.3.60. Giới hạn số giờ làm thêm,145/2020/NĐ-CP,145/2020/NĐ-CP,60,covered_by_document_and_article,"(Điều 60 Nghị định số 145/2020/NĐ-CP, có hiệu lực thi hành kể từ ngày 01/02/2021)"
20.2.NĐ.3.61,Điều 20.2.NĐ.3.61. Các trường hợp được tổ chức làm thêm từ trên 200 giờ đến 300 giờ trong một năm,145/2020/NĐ-CP,145/2020/NĐ-CP,61,covered_by_document_and_article,"(Điều 61 Nghị định số 145/2020/NĐ-CP, có hiệu lực thi hành kể từ ngày 01/02/2021)"
20.2.NĐ.3.62,Điều 20.2.NĐ.3.62. Thông báo về việc tổ chức làm thêm từ trên 200 giờ đến 300 giờ trong một năm,145/2020/NĐ-CP,145/2020/NĐ-CP,62,covered_by_document_and_article,"(Điều 62 Nghị định số 145/2020/NĐ-CP, có hiệu lực thi hành kể từ ngày 01/02/2021)"
20.2.LQ.108,Điều 20.2.LQ.108. Làm thêm giờ trong trường hợp đặc biệt,45/2019/QH,45/2019/QH,108,source_document_absent_from_runtime_scope,"(Điều 108 Bộ luật số 45/2019/QH14, có hiệu lực thi hành kể từ ngày 01/01/2021)"
20.2.LQ.109,Điều 20.2.LQ.109. Nghỉ trong giờ làm việc,45/2019/QH,45/2019/QH,109,source_document_absent_from_runtime_scope,"(Điều 109 Bộ luật số 45/2019/QH14, có hiệu lực thi hành kể từ ngày 01/01/2021)"
20.2.LQ.110,Điều 20.2.LQ.110. Nghỉ chuyển ca,45/2019/QH,45/2019/QH,110,source_document_absent_from_runtime_scope,"(Điều 110 Bộ luật số 45/2019/QH14, có hiệu lực thi hành kể từ ngày 01/01/2021)"
20.2.LQ.111,Điều 20.2.LQ.111. Nghỉ hằng tuần,45/2019/QH,45/2019/QH,111,source_document_absent_from_runtime_scope,"(Điều 111 Bộ luật số 45/2019/QH14, có hiệu lực thi hành kể từ ngày 01/01/2021)"
20.2.LQ.112,"Điều 20.2.LQ.112. Nghỉ lễ, tết",45/2019/QH,45/2019/QH,112,source_document_absent_from_runtime_scope,"(Điều 112 Bộ luật số 45/2019/QH14, có hiệu lực thi hành kể từ ngày 01/01/2021)"
20.2.LQ.113,Điều 20.2.LQ.113. Nghỉ hằng năm,45/2019/QH,45/2019/QH,113,source_document_absent_from_runtime_scope,"(Điều 113 Bộ luật số 45/2019/QH14, có hiệu lực thi hành kể từ ngày 01/01/2021)"
20.2.NĐ.3.65,Điều 20.2.NĐ.3.65. Thời gian được coi là thời gian làm việc để tính số ngày nghỉ hằng năm của người lao động,145/2020/NĐ-CP,145/2020/NĐ-CP,65,covered_by_document_and_article,"(Điều 65 Nghị định số 145/2020/NĐ-CP, có hiệu lực thi hành kể từ ngày 01/02/2021)"
20.2.NĐ.3.66,Điều 20.2.NĐ.3.66. Cách tính ngày nghỉ hằng năm trong một số trường hợp đặc biệt,145/2020/NĐ-CP,145/2020/NĐ-CP,66,covered_by_document_and_article,"(Điều 66 Nghị định số 145/2020/NĐ-CP, có hiệu lực thi hành kể từ ngày 01/02/2021)"
20.2.NĐ.3.67,"Điều 20.2.NĐ.3.67. Tiền tàu xe, tiền lương trong thời gian đi đường, tiền lương ngày nghỉ hằng năm và các ngày nghỉ có hưởng lương khác",145/2020/NĐ-CP,145/2020/NĐ-CP,67,covered_by_document_and_article,"(Điều 67 Nghị định số 145/2020/NĐ-CP, có hiệu lực thi hành kể từ ngày 01/02/2021)"
20.2.LQ.114,Điều 20.2.LQ.114. Ngày nghỉ hằng năm tăng thêm theo thâm niên làm việc,45/2019/QH,45/2019/QH,114,source_document_absent_from_runtime_scope,"(Điều 114 Bộ luật số 45/2019/QH14, có hiệu lực thi hành kể từ ngày 01/01/2021)"
20.2.LQ.115,"Điều 20.2.LQ.115. Nghỉ việc riêng, nghỉ không hưởng lương",45/2019/QH,45/2019/QH,115,source_document_absent_from_runtime_scope,"(Điều 115 Bộ luật số 45/2019/QH14, có hiệu lực thi hành kể từ ngày 01/01/2021)"
20.2.LQ.116,"Điều 20.2.LQ.116. Thời giờ làm việc, thời giờ nghỉ ngơi đối với người làm công việc có tính chất đặc biệt",45/2019/QH,45/2019/QH,116,source_document_absent_from_runtime_scope,"(Điều 116 Bộ luật số 45/2019/QH14, có hiệu lực thi hành kể từ ngày 01/01/2021)"
20.2.NĐ.3.68,"Điều 20.2.NĐ.3.68. Một số công việc có tính chất đặc biệt về thời giờ làm việc, thời giờ nghỉ ngơi",145/2020/NĐ-CP,145/2020/NĐ-CP,68,covered_by_document_and_article,"(Điều 68 Nghị định số 145/2020/NĐ-CP, có hiệu lực thi hành kể từ ngày 01/02/2021)"
20.2.TT.3.4,Điều 20.2.TT.3.4. Thời giờ làm việc,04/2021/TT-BCT,04/2021/TT-BCT,4,covered_by_document_and_article,"(Điều 4 Thông tư số 04/2021/TT-BCT, có hiệu lực thi hành kể từ ngày 01/09/2021)"
20.2.TT.3.5,Điều 20.2.TT.3.5. Làm thêm giờ,04/2021/TT-BCT,04/2021/TT-BCT,5,covered_by_document_and_article,"(Điều 5 Thông tư số 04/2021/TT-BCT, có hiệu lực thi hành kể từ ngày 01/09/2021)"
20.2.TT.3.6,Điều 20.2.TT.3.6. Nghỉ trong giờ làm việc,04/2021/TT-BCT,04/2021/TT-BCT,6,covered_by_document_and_article,"(Điều 6 Thông tư số 04/2021/TT-BCT, có hiệu lực thi hành kể từ ngày 01/09/2021)"
20.2.TT.3.7,"Điều 20.2.TT.3.7. Nghỉ chuyển ca; Nghỉ hằng tuần; Nghỉ lễ, tết; Nghỉ hàng năm; Nghỉ việc riêng, nghỉ không hưởng lương",04/2021/TT-BCT,04/2021/TT-BCT,7,covered_by_document_and_article,"(Điều 7 Thông tư số 04/2021/TT-BCT, có hiệu lực thi hành kể từ ngày 01/09/2021)"
20.2.TT.3.8,Điều 20.2.TT.3.8. Trách nhiệm của người sử dụng lao động,04/2021/TT-BCT,04/2021/TT-BCT,8,covered_by_document_and_article,"(Điều 8 Thông tư số 04/2021/TT-BCT, có hiệu lực thi hành kể từ ngày 01/09/2021)"
20.2.TT.4.3,Điều 20.2.TT.4.3. Quỹ thời giờ làm việc tiêu chuẩn trong năm,18/2021/TT-BLĐTBXH,18/2021/TT-BLĐTBXH,3,covered_by_document_and_article,"(Điều 3 Thông tư số 18/2021/TT-BLĐTBXH, có hiệu lực thi hành kể từ ngày 01/02/2022)"
20.2.TT.4.4,Điều 20.2.TT.4.4. Lập kế hoạch xác định số giờ làm việc tiêu chuẩn hằng ngày,18/2021/TT-BLĐTBXH,18/2021/TT-BLĐTBXH,4,covered_by_document_and_article,"(Điều 4 Thông tư số 18/2021/TT-BLĐTBXH, có hiệu lực thi hành kể từ ngày 01/02/2022)"
20.2.TT.4.5,Điều 20.2.TT.4.5. Nguyên tắc sử dụng quỹ thời giờ làm việc tiêu chuẩn,18/2021/TT-BLĐTBXH,18/2021/TT-BLĐTBXH,5,covered_by_document_and_article,"(Điều 5 Thông tư số 18/2021/TT-BLĐTBXH, có hiệu lực thi hành kể từ ngày 01/02/2022)"
20.2.TT.4.6,Điều 20.2.TT.4.6. Giới hạn giờ làm việc tiêu chuẩn hằng ngày và giờ làm thêm,18/2021/TT-BLĐTBXH,18/2021/TT-BLĐTBXH,6,covered_by_document_and_article,"(Điều 6 Thông tư số 18/2021/TT-BLĐTBXH, có hiệu lực thi hành kể từ ngày 01/02/2022)"
20.2.TT.4.7,Điều 20.2.TT.4.7. Thời giờ nghỉ ngơi,18/2021/TT-BLĐTBXH,18/2021/TT-BLĐTBXH,7,covered_by_document_and_article,"(Điều 7 Thông tư số 18/2021/TT-BLĐTBXH, có hiệu lực thi hành kể từ ngày 01/02/2022)"
20.2.TT.4.8,Điều 20.2.TT.4.8. Trách nhiệm của người sử dụng lao động,18/2021/TT-BLĐTBXH,18/2021/TT-BLĐTBXH,8,covered_by_document_and_article,"(Điều 8 Thông tư số 18/2021/TT-BLĐTBXH, có hiệu lực thi hành kể từ ngày 01/02/2022)"
20.2.TT.4.9,Điều 20.2.TT.4.9. Trách nhiệm của Sở Lao động - Thương binh và Xã hội,18/2021/TT-BLĐTBXH,18/2021/TT-BLĐTBXH,9,covered_by_document_and_article,"(Điều 9 Thông tư số 18/2021/TT-BLĐTBXH, có hiệu lực thi hành kể từ ngày 01/02/2022)"
20.2.TT.6.4,Điều 20.2.TT.6.4. Thời giờ làm việc,12/2022/TT-BCT,12/2022/TT-BCT,4,covered_by_document_and_article,"(Điều 4 Thông tư số 12/2022/TT-BCT, có hiệu lực thi hành kể từ ngày 09/09/2022)"
20.2.TT.6.5,Điều 20.2.TT.6.5. Làm thêm giờ,12/2022/TT-BCT,12/2022/TT-BCT,5,covered_by_document_and_article,"(Điều 5 Thông tư số 12/2022/TT-BCT, có hiệu lực thi hành kể từ ngày 09/09/2022)"
20.2.TT.6.6,Điều 20.2.TT.6.6. Nghỉ trong giờ làm việc,12/2022/TT-BCT,12/2022/TT-BCT,6,covered_by_document_and_article,"(Điều 6 Thông tư số 12/2022/TT-BCT, có hiệu lực thi hành kể từ ngày 09/09/2022)"
20.2.TT.6.7,"Điều 20.2.TT.6.7. Nghỉ chuyển ca; Nghỉ lễ, tết; Nghỉ hàng năm; Nghỉ việc riêng, nghỉ không hưởng lương",12/2022/TT-BCT,12/2022/TT-BCT,7,covered_by_document_and_article,"(Điều 7 Thông tư số 12/2022/TT-BCT, có hiệu lực thi hành kể từ ngày 09/09/2022)"
20.2.TT.6.8,Điều 20.2.TT.6.8. Nghỉ chuyển phiên,12/2022/TT-BCT,12/2022/TT-BCT,8,covered_by_document_and_article,"(Điều 8 Thông tư số 12/2022/TT-BCT, có hiệu lực thi hành kể từ ngày 09/09/2022)"
20.2.TT.6.9,Điều 20.2.TT.6.9. Trách nhiệm của người sử dụng lao động,12/2022/TT-BCT,12/2022/TT-BCT,9,covered_by_document_and_article,"(Điều 9 Thông tư số 12/2022/TT-BCT, có hiệu lực thi hành kể từ ngày 09/09/2022)"
20.2.TT.7.4,Điều 20.2.TT.7.4. Thời giờ làm việc đối với người lao động làm việc thường xuyên,20/2023/TT-BCT,20/2023/TT-BCT,4,covered_by_document_and_article,"(Điều 4 Thông tư số 20/2023/TT-BCT, có hiệu lực thi hành kể từ ngày 25/12/2023)"
20.2.TT.7.5,Điều 20.2.TT.7.5. Thời giờ làm việc đối với người lao động làm việc không thường xuyên,20/2023/TT-BCT,20/2023/TT-BCT,5,covered_by_document_and_article,"(Điều 5 Thông tư số 20/2023/TT-BCT, có hiệu lực thi hành kể từ ngày 25/12/2023)"
20.2.TT.7.6,Điều 20.2.TT.7.6. Làm thêm giờ,20/2023/TT-BCT,20/2023/TT-BCT,6,covered_by_document_and_article,"(Điều 6 Thông tư số 20/2023/TT-BCT, có hiệu lực thi hành kể từ ngày 25/12/2023)"
20.2.TT.7.7,Điều 20.2.TT.7.7. Làm thêm giờ trong trường hợp đặc biệt,20/2023/TT-BCT,20/2023/TT-BCT,7,covered_by_document_and_article,"(Điều 7 Thông tư số 20/2023/TT-BCT, có hiệu lực thi hành kể từ ngày 25/12/2023)"
20.2.TT.7.8,Điều 20.2.TT.7.8. Thời giờ nghỉ ngơi,20/2023/TT-BCT,20/2023/TT-BCT,8,covered_by_document_and_article,"(Điều 8 Thông tư số 20/2023/TT-BCT, có hiệu lực thi hành kể từ ngày 25/12/2023)"
20.2.TT.7.9,Điều 20.2.TT.7.9. Nghỉ hàng năm,20/2023/TT-BCT,20/2023/TT-BCT,9,covered_by_document_and_article,"(Điều 9 Thông tư số 20/2023/TT-BCT, có hiệu lực thi hành kể từ ngày 25/12/2023)"
20.2.TT.7.10,"Điều 20.2.TT.7.10. Nghỉ Lễ, Tết; Nghỉ việc riêng; Nghỉ không hưởng lương",20/2023/TT-BCT,20/2023/TT-BCT,10,covered_by_document_and_article,"(Điều 10 Thông tư số 20/2023/TT-BCT Thông tư quy định về thời giờ làm việc, thời giờ nghỉ ngơi đối với người lao động làm các công việc có tính chất đặc biệt trong lĩnh vực thăm dò, khai thác dầu khí trên biển ngày 08/11/2023 của Bộ công thương, có hiệu lực thi hành kể từ ngày 25/12/2023)"
20.2.LQ.117,Điều 20.2.LQ.117. Kỷ luật lao động,45/2019/QH,45/2019/QH,117,source_document_absent_from_runtime_scope,"(Điều 117 Bộ luật số 45/2019/QH14, có hiệu lực thi hành kể từ ngày 01/01/2021)"
20.2.LQ.118,Điều 20.2.LQ.118. Nội quy lao động,45/2019/QH,45/2019/QH,118,source_document_absent_from_runtime_scope,"(Điều 118 Bộ luật số 45/2019/QH14, có hiệu lực thi hành kể từ ngày 01/01/2021)"
20.2.NĐ.3.69,Điều 20.2.NĐ.3.69. Nội quy lao động,145/2020/NĐ-CP,145/2020/NĐ-CP,69,covered_by_document_and_article,"(Điều 69 Nghị định số 145/2020/NĐ-CP, có hiệu lực thi hành kể từ ngày 01/02/2021)"
20.2.LQ.119,Điều 20.2.LQ.119. Đăng ký nội quy lao động,45/2019/QH,45/2019/QH,119,source_document_absent_from_runtime_scope,"(Điều 119 Bộ luật số 45/2019/QH14, có hiệu lực thi hành kể từ ngày 01/01/2021)"
20.2.LQ.120,Điều 20.2.LQ.120. Hồ sơ đăng ký nội quy lao động,45/2019/QH,45/2019/QH,120,source_document_absent_from_runtime_scope,"(Điều 120 Bộ luật số 45/2019/QH14, có hiệu lực thi hành kể từ ngày 01/01/2021)"
20.2.LQ.121,Điều 20.2.LQ.121. Hiệu lực của nội quy lao động,45/2019/QH,45/2019/QH,121,source_document_absent_from_runtime_scope,"(Điều 121 Bộ luật số 45/2019/QH14, có hiệu lực thi hành kể từ ngày 01/01/2021)"
20.2.LQ.122,"Điều 20.2.LQ.122. Nguyên tắc, trình tự, thủ tục xử lý kỷ luật lao động",45/2019/QH,45/2019/QH,122,source_document_absent_from_runtime_scope,"(Điều 122 Bộ luật số 45/2019/QH14, có hiệu lực thi hành kể từ ngày 01/01/2021)"
20.2.NĐ.3.70,"Điều 20.2.NĐ.3.70. Trình tự, thủ tục xử lý kỷ luật lao động",145/2020/NĐ-CP,145/2020/NĐ-CP,70,covered_by_document_and_article,"(Điều 70 Nghị định số 145/2020/NĐ-CP, có hiệu lực thi hành kể từ ngày 01/02/2021)"
20.2.LQ.123,Điều 20.2.LQ.123. Thời hiệu xử lý kỷ luật lao động,45/2019/QH,45/2019/QH,123,source_document_absent_from_runtime_scope,"(Điều 123 Bộ luật số 45/2019/QH14, có hiệu lực thi hành kể từ ngày 01/01/2021)"
20.2.LQ.124,Điều 20.2.LQ.124. Hình thức xử lý kỷ luật lao động,45/2019/QH,45/2019/QH,124,source_document_absent_from_runtime_scope,"(Điều 124 Bộ luật số 45/2019/QH14, có hiệu lực thi hành kể từ ngày 01/01/2021)"
20.2.LQ.125,Điều 20.2.LQ.125. Áp dụng hình thức xử lý kỷ luật sa thải,45/2019/QH,45/2019/QH,125,source_document_absent_from_runtime_scope,"(Điều 125 Bộ luật số 45/2019/QH14, có hiệu lực thi hành kể từ ngày 01/01/2021)"
20.2.LQ.126,"Điều 20.2.LQ.126. Xóa kỷ luật, giảm thời hạn chấp hành kỷ luật lao động",45/2019/QH,45/2019/QH,126,source_document_absent_from_runtime_scope,"(Điều 126 Bộ luật số 45/2019/QH14, có hiệu lực thi hành kể từ ngày 01/01/2021)"
20.2.LQ.127,Điều 20.2.LQ.127. Các hành vi bị nghiêm cấm khi xử lý kỷ luật lao động,45/2019/QH,45/2019/QH,127,source_document_absent_from_runtime_scope,"(Điều 127 Bộ luật số 45/2019/QH14, có hiệu lực thi hành kể từ ngày 01/01/2021)"
20.2.LQ.128,Điều 20.2.LQ.128. Tạm đình chỉ công việc,45/2019/QH,45/2019/QH,128,source_document_absent_from_runtime_scope,"(Điều 128 Bộ luật số 45/2019/QH14, có hiệu lực thi hành kể từ ngày 01/01/2021)"
20.2.LQ.129,Điều 20.2.LQ.129. Bồi thường thiệt hại,45/2019/QH,45/2019/QH,129,source_document_absent_from_runtime_scope,"(Điều 129 Bộ luật số 45/2019/QH14, có hiệu lực thi hành kể từ ngày 01/01/2021)"
20.2.LQ.130,Điều 20.2.LQ.130. Xử lý bồi thường thiệt hại,45/2019/QH,45/2019/QH,130,source_document_absent_from_runtime_scope,"(Điều 130 Bộ luật số 45/2019/QH14, có hiệu lực thi hành kể từ ngày 01/01/2021)"
20.2.NĐ.3.71,"Điều 20.2.NĐ.3.71. Trình tự, thủ tục xử lý bồi thường thiệt hại",145/2020/NĐ-CP,145/2020/NĐ-CP,71,covered_by_document_and_article,"(Điều 71 Nghị định số 145/2020/NĐ-CP, có hiệu lực thi hành kể từ ngày 01/02/2021)"
20.2.NĐ.3.72,Điều 20.2.NĐ.3.72. Thời hiệu xử lý bồi thường thiệt hại,145/2020/NĐ-CP,145/2020/NĐ-CP,72,covered_by_document_and_article,"(Điều 72 Nghị định số 145/2020/NĐ-CP, có hiệu lực thi hành kể từ ngày 01/02/2021)"
20.2.LQ.131,"Điều 20.2.LQ.131. Khiếu nại về kỷ luật lao động, trách nhiệm vật chất",45/2019/QH,45/2019/QH,131,source_document_absent_from_runtime_scope,"(Điều 131 Bộ luật số 45/2019/QH14, có hiệu lực thi hành kể từ ngày 01/01/2021)"
20.2.NĐ.3.73,"Điều 20.2.NĐ.3.73. Khiếu nại về kỷ luật lao động, trách nhiệm vật chất",145/2020/NĐ-CP,145/2020/NĐ-CP,73,covered_by_document_and_article,"(Điều 73 Nghị định số 145/2020/NĐ-CP, có hiệu lực thi hành kể từ ngày 01/02/2021)"
20.2.LQ.132,"Điều 20.2.LQ.132. Tuân thủ pháp luật về an toàn, vệ sinh lao động",45/2019/QH,45/2019/QH,132,source_document_absent_from_runtime_scope,"(Điều 132 Bộ luật số 45/2019/QH14, có hiệu lực thi hành kể từ ngày 01/01/2021)"
20.2.LQ.133,"Điều 20.2.LQ.133. Chương trình an toàn, vệ sinh lao động",45/2019/QH,45/2019/QH,133,source_document_absent_from_runtime_scope,"(Điều 133 Bộ luật số 45/2019/QH14, có hiệu lực thi hành kể từ ngày 01/01/2021)"
20.2.LQ.134,"Điều 20.2.LQ.134. Bảo đảm an toàn, vệ sinh lao động tại nơi làm việc",45/2019/QH,45/2019/QH,134,source_document_absent_from_runtime_scope,"(Điều 134 Bộ luật số 45/2019/QH14, có hiệu lực thi hành kể từ ngày 01/01/2021)"
20.2.LQ.135,Điều 20.2.LQ.135. Chính sách của Nhà nước,45/2019/QH,45/2019/QH,135,source_document_absent_from_runtime_scope,"(Điều 135 Bộ luật số 45/2019/QH14, có hiệu lực thi hành kể từ ngày 01/01/2021)"
20.2.NĐ.3.74,Điều 20.2.NĐ.3.74. Người sử dụng lao động có sử dụng nhiều lao động nữ,145/2020/NĐ-CP,145/2020/NĐ-CP,74,covered_by_document_and_article,"(Điều 74 Nghị định số 145/2020/NĐ-CP, có hiệu lực thi hành kể từ ngày 01/02/2021)"
20.2.NĐ.3.75,Điều 20.2.NĐ.3.75. Nơi có nhiều lao động,145/2020/NĐ-CP,145/2020/NĐ-CP,75,covered_by_document_and_article,"(Điều 75 Nghị định số 145/2020/NĐ-CP, có hiệu lực thi hành kể từ ngày 01/02/2021)"
20.2.NĐ.3.76,"Điều 20.2.NĐ.3.76. Phòng vắt, trữ sữa mẹ",145/2020/NĐ-CP,145/2020/NĐ-CP,76,covered_by_document_and_article,"(Điều 76 Nghị định số 145/2020/NĐ-CP, có hiệu lực thi hành kể từ ngày 01/02/2021)"
20.2.NĐ.3.77,"Điều 20.2.NĐ.3.77. Nhà trẻ, lớp mẫu giáo",145/2020/NĐ-CP,145/2020/NĐ-CP,77,covered_by_document_and_article,"(Điều 77 Nghị định số 145/2020/NĐ-CP, có hiệu lực thi hành kể từ ngày 01/02/2021)"
20.2.NĐ.3.78,"Điều 20.2.NĐ.3.78. Quyền làm việc bình đẳng của người lao động, thực hiện các biện pháp bảo đảm bình đẳng giới",145/2020/NĐ-CP,145/2020/NĐ-CP,78,covered_by_document_and_article,"(Điều 78 Nghị định số 145/2020/NĐ-CP, có hiệu lực thi hành kể từ ngày 01/02/2021)"
20.2.NĐ.3.79,Điều 20.2.NĐ.3.79. Tăng cường phúc lợi và cải thiện điều kiện làm việc,145/2020/NĐ-CP,145/2020/NĐ-CP,79,covered_by_document_and_article,"(Điều 79 Nghị định số 145/2020/NĐ-CP, có hiệu lực thi hành kể từ ngày 01/02/2021)"
20.2.NĐ.3.80,Điều 20.2.NĐ.3.80. Chăm sóc sức khỏe đối với lao động nữ,145/2020/NĐ-CP,145/2020/NĐ-CP,80,covered_by_document_and_article,"(Điều 80 Nghị định số 145/2020/NĐ-CP, có hiệu lực thi hành kể từ ngày 01/02/2021)"
20.2.NĐ.3.81,"Điều 20.2.NĐ.3.81. Tổ chức nhà trẻ, lớp mẫu giáo ở nơi có nhiều lao động",145/2020/NĐ-CP,145/2020/NĐ-CP,81,covered_by_document_and_article,"(Điều 81 Nghị định số 145/2020/NĐ-CP, có hiệu lực thi hành kể từ ngày 01/02/2021)"
20.2.NĐ.3.82,"Điều 20.2.NĐ.3.82. Giúp đỡ, hỗ trợ của người sử dụng lao động về chi phí gửi trẻ, mẫu giáo cho người lao động",145/2020/NĐ-CP,145/2020/NĐ-CP,82,covered_by_document_and_article,"(Điều 82 Nghị định số 145/2020/NĐ-CP, có hiệu lực thi hành kể từ ngày 01/02/2021)"
20.2.NĐ.3.83,Điều 20.2.NĐ.3.83. Chính sách hỗ trợ người sử dụng lao động,145/2020/NĐ-CP,145/2020/NĐ-CP,83,covered_by_document_and_article,"(Điều 83 Nghị định số 145/2020/NĐ-CP, có hiệu lực thi hành kể từ ngày 01/02/2021)"
20.2.NĐ.3.84,Điều 20.2.NĐ.3.84. Quấy rối tình dục tại nơi làm việc,145/2020/NĐ-CP,145/2020/NĐ-CP,84,covered_by_document_and_article,"(Điều 84 Nghị định số 145/2020/NĐ-CP, có hiệu lực thi hành kể từ ngày 01/02/2021)"
20.2.NĐ.3.85,"Điều 20.2.NĐ.3.85. Quy định của người sử dụng lao động về phòng, chống quấy rối tình dục tại nơi làm việc",145/2020/NĐ-CP,145/2020/NĐ-CP,85,covered_by_document_and_article,"(Điều 85 Nghị định số 145/2020/NĐ-CP, có hiệu lực thi hành kể từ ngày 01/02/2021)"
20.2.NĐ.3.86,"Điều 20.2.NĐ.3.86. Trách nhiệm, nghĩa vụ phòng, chống quấy rối tình dục tại nơi làm việc",145/2020/NĐ-CP,145/2020/NĐ-CP,86,covered_by_document_and_article,"(Điều 86 Nghị định số 145/2020/NĐ-CP, có hiệu lực thi hành kể từ ngày 01/02/2021)"
20.2.NĐ.3.87,Điều 20.2.NĐ.3.87. Tổ chức thực hiện chính sách đối với lao động nữ và bảo đảm bình đẳng giới,145/2020/NĐ-CP,145/2020/NĐ-CP,87,covered_by_document_and_article,"(Điều 87 Nghị định số 145/2020/NĐ-CP, có hiệu lực thi hành kể từ ngày 01/02/2021)"
20.2.LQ.136,Điều 20.2.LQ.136. Trách nhiệm của người sử dụng lao động,45/2019/QH,45/2019/QH,136,source_document_absent_from_runtime_scope,"(Điều 136 Bộ luật số 45/2019/QH14, có hiệu lực thi hành kể từ ngày 01/01/2021)"
20.2.LQ.137,Điều 20.2.LQ.137. Bảo vệ thai sản,45/2019/QH,45/2019/QH,137,source_document_absent_from_runtime_scope,"(Điều 137 Bộ luật số 45/2019/QH14, có hiệu lực thi hành kể từ ngày 01/01/2021)"
20.2.LQ.138,"Điều 20.2.LQ.138. Quyền đơn phương chấm dứt, tạm hoãn hợp đồng lao động của lao động nữ mang thai",45/2019/QH,45/2019/QH,138,source_document_absent_from_runtime_scope,"(Điều 138 Bộ luật số 45/2019/QH14, có hiệu lực thi hành kể từ ngày 01/01/2021)"
20.2.LQ.139,Điều 20.2.LQ.139. Nghỉ thai sản,45/2019/QH,45/2019/QH,139,source_document_absent_from_runtime_scope,"(Điều 139 Bộ luật số 45/2019/QH14, có hiệu lực thi hành kể từ ngày 01/01/2021)"
20.2.LQ.140,Điều 20.2.LQ.140. Bảo đảm việc làm cho lao động nghỉ thai sản,45/2019/QH,45/2019/QH,140,source_document_absent_from_runtime_scope,"(Điều 140 Bộ luật số 45/2019/QH14, có hiệu lực thi hành kể từ ngày 01/01/2021)"
20.2.LQ.141,"Điều 20.2.LQ.141. Trợ cấp trong thời gian chăm sóc con ốm đau, thai sản và thực hiện các biện pháp tránh thai",45/2019/QH,45/2019/QH,141,source_document_absent_from_runtime_scope,"(Điều 141 Bộ luật số 45/2019/QH14, có hiệu lực thi hành kể từ ngày 01/01/2021)"
20.2.LQ.142,"Điều 20.2.LQ.142. Nghề, công việc có ảnh hưởng xấu tới chức năng sinh sản và nuôi con",45/2019/QH,45/2019/QH,142,source_document_absent_from_runtime_scope,"(Điều 142 Bộ luật số 45/2019/QH14, có hiệu lực thi hành kể từ ngày 01/01/2021)"
20.2.TT.2.10,"Điều 20.2.TT.2.10. Danh mục nghề, công việc có ảnh hưởng xấu tới chức năng sinh sản và nuôi con",10/2020/TT-BLĐTBXH,10/2020/TT-BLĐTBXH,10,covered_by_document_and_article,"(Điều 10 Thông tư số 10/2020/TT-BLĐTBXH, có hiệu lực thi hành kể từ ngày 01/01/2021)"
20.2.TT.2.11,"Điều 20.2.TT.2.11. Trách nhiệm của người sử dụng lao động và người lao động trong việc thực hiện danh mục nghề, công việc có ảnh hưởng xấu tới chức năng sinh sản và nuôi con",10/2020/TT-BLĐTBXH,10/2020/TT-BLĐTBXH,11,covered_by_document_and_article,"(Điều 11 Thông tư số 10/2020/TT-BLĐTBXH, có hiệu lực thi hành kể từ ngày 01/01/2021)"
20.2.LQ.143,Điều 20.2.LQ.143. Lao động chưa thành niên,45/2019/QH,45/2019/QH,143,source_document_absent_from_runtime_scope,"(Điều 143 Bộ luật số 45/2019/QH14, có hiệu lực thi hành kể từ ngày 01/01/2021)"
20.2.TT.1.8,Điều 20.2.TT.1.8. Danh mục công việc nhẹ người từ đủ 13 tuổi đến chưa đủ 15 tuổi được làm,09/2020/TT-BLĐTBXH,09/2020/TT-BLĐTBXH,8,covered_by_document_and_article,"(Điều 8 Thông tư số 09/2020/TT-BLĐTBXH, có hiệu lực thi hành kể từ ngày 15/03/2021)"
20.2.LQ.144,Điều 20.2.LQ.144. Nguyên tắc sử dụng lao động chưa thành niên,45/2019/QH,45/2019/QH,144,source_document_absent_from_runtime_scope,"(Điều 144 Bộ luật số 45/2019/QH14, có hiệu lực thi hành kể từ ngày 01/01/2021)"
20.2.LQ.145,Điều 20.2.LQ.145. Sử dụng người chưa đủ 15 tuổi làm việc,45/2019/QH,45/2019/QH,145,source_document_absent_from_runtime_scope,"(Điều 145 Bộ luật số 45/2019/QH14, có hiệu lực thi hành kể từ ngày 01/01/2021)"
20.2.TT.1.3,Điều 20.2.TT.1.3. Điều kiện sử dụng người chưa đủ 15 tuổi làm việc,09/2020/TT-BLĐTBXH,09/2020/TT-BLĐTBXH,3,covered_by_document_and_article,"(Điều 3 Thông tư số 09/2020/TT-BLĐTBXH, có hiệu lực thi hành kể từ ngày 15/03/2021)"
20.2.TT.1.4,Điều 20.2.TT.1.4. Giao kết hợp đồng lao động để sử dụng người chưa đủ 15 tuổi làm việc,09/2020/TT-BLĐTBXH,09/2020/TT-BLĐTBXH,4,covered_by_document_and_article,"(Điều 4 Thông tư số 09/2020/TT-BLĐTBXH, có hiệu lực thi hành kể từ ngày 15/03/2021)"
20.2.TT.1.5,Điều 20.2.TT.1.5. Thẩm quyền đồng ý việc sử dụng người chưa đủ 13 tuổi làm việc,09/2020/TT-BLĐTBXH,09/2020/TT-BLĐTBXH,5,covered_by_document_and_article,"(Điều 5 Thông tư số 09/2020/TT-BLĐTBXH, có hiệu lực thi hành kể từ ngày 15/03/2021)"
20.2.TT.1.6,Điều 20.2.TT.1.6. Hồ sơ đề nghị việc sử dụng người chưa đủ 13 tuổi làm việc,09/2020/TT-BLĐTBXH,09/2020/TT-BLĐTBXH,6,covered_by_document_and_article,"(Điều 6 Thông tư số 09/2020/TT-BLĐTBXH, có hiệu lực thi hành kể từ ngày 15/03/2021)"
20.2.TT.1.7,"Điều 20.2.TT.1.7. Trình tự, thủ tục đề nghị việc sử dụng người chưa đủ 13 tuổi làm việc",09/2020/TT-BLĐTBXH,09/2020/TT-BLĐTBXH,7,covered_by_document_and_article,"(Điều 7 Thông tư số 09/2020/TT-BLĐTBXH, có hiệu lực thi hành kể từ ngày 15/03/2021)"
20.2.LQ.146,Điều 20.2.LQ.146. Thời giờ làm việc của người chưa thành niên,45/2019/QH,45/2019/QH,146,source_document_absent_from_runtime_scope,"(Điều 146 Bộ luật số 45/2019/QH14, có hiệu lực thi hành kể từ ngày 01/01/2021)"
20.2.TT.1.10,"Điều 20.2.TT.1.10. Danh mục nghề, công việc người từ đủ 15 tuổi đến chưa đủ 18 tuổi có thể được làm thêm giờ, làm việc vào ban đêm",09/2020/TT-BLĐTBXH,09/2020/TT-BLĐTBXH,10,covered_by_document_and_article,"(Điều 10 Thông tư số 09/2020/TT-BLĐTBXH, có hiệu lực thi hành kể từ ngày 15/03/2021)"
20.2.LQ.147,Điều 20.2.LQ.147. Công việc và nơi làm việc cấm sử dụng người lao động từ đủ 15 tuổi đến chưa đủ 18 tuổi,45/2019/QH,45/2019/QH,147,source_document_absent_from_runtime_scope,"(Điều 147 Bộ luật số 45/2019/QH14, có hiệu lực thi hành kể từ ngày 01/01/2021)"
20.2.TT.1.9,"Điều 20.2.TT.1.9. Danh mục công việc, nơi làm việc gây tổn hại đến sự phát triển thể lực, trí lực, nhân cách của người chưa thành niên",09/2020/TT-BLĐTBXH,09/2020/TT-BLĐTBXH,9,covered_by_document_and_article,"(Điều 9 Thông tư số 09/2020/TT-BLĐTBXH, có hiệu lực thi hành kể từ ngày 15/03/2021)"
20.2.LQ.148,Điều 20.2.LQ.148. Người lao động cao tuổi,45/2019/QH,45/2019/QH,148,source_document_absent_from_runtime_scope,"(Điều 148 Bộ luật số 45/2019/QH14, có hiệu lực thi hành kể từ ngày 01/01/2021)"
20.2.LQ.149,Điều 20.2.LQ.149. Sử dụng người lao động cao tuổi,45/2019/QH,45/2019/QH,149,source_document_absent_from_runtime_scope,"(Điều 149 Bộ luật số 45/2019/QH14, có hiệu lực thi hành kể từ ngày 01/01/2021)"
20.2.LQ.150,"Điều 20.2.LQ.150. Người lao động Việt Nam đi làm việc ở nước ngoài, lao động cho các tổ chức, cá nhân nước ngoài tại Việt Nam",45/2019/QH,45/2019/QH,150,source_document_absent_from_runtime_scope,"(Điều 150 Bộ luật số 45/2019/QH14, có hiệu lực thi hành kể từ ngày 01/01/2021)"
20.2.NĐ.4.22,"Điều 20.2.NĐ.4.22. Thẩm quyền tuyển dụng, quản lý người lao động Việt Nam làm việc cho tổ chức, cá nhân nước ngoài",152/2020/NĐ-CP,152/2020/NĐ-CP,22,covered_by_document_and_article,"( Điều 22 Nghị định số 152/2020/NĐ-CP, có hiệu lực thi hành kể từ ngày 15/02/2021, có nội dung được sửa đổi, có nội dung được bổ sung bởi Điều 1 Nghị định số 70/2023/NĐ-CP có hiệu lực thi hành kể từ ngày 18/09/2023)"
20.2.NĐ.4.23,Điều 20.2.NĐ.4.23. Hồ Sơ đăng ký dự tuyển của người lao động Việt Nam,152/2020/NĐ-CP,152/2020/NĐ-CP,23,covered_by_document_and_article,"( Điều 23 Nghị định số 152/2020/NĐ-CP, có hiệu lực thi hành kể từ ngày 15/02/2021, có nội dung được sửa đổi bởi Điều 1 Nghị định số 70/2023/NĐ-CP có hiệu lực thi hành kể từ ngày 18/09/2023)"
20.2.NĐ.4.24,"Điều 20.2.NĐ.4.24. Trình tự, thủ tục tuyển dụng người lao động Việt Nam làm việc cho tổ chức, cá nhân nước ngoài",152/2020/NĐ-CP,152/2020/NĐ-CP,24,covered_by_document_and_article,"(Điều 24 Nghị định số 152/2020/NĐ-CP, có hiệu lực thi hành kể từ ngày 15/02/2021)"
20.2.NĐ.4.25,"Điều 20.2.NĐ.4.25. Trách nhiệm của người lao động Việt Nam khi làm việc cho tổ chức, cá nhân nước ngoài",152/2020/NĐ-CP,152/2020/NĐ-CP,25,covered_by_document_and_article,"(Điều 25 Nghị định số 152/2020/NĐ-CP, có hiệu lực thi hành kể từ ngày 15/02/2021)"
20.2.NĐ.4.26,"Điều 20.2.NĐ.4.26. Trách nhiệm của tổ chức, cá nhân nước ngoài tại Việt Nam khi sử dụng người lao động Việt Nam",152/2020/NĐ-CP,152/2020/NĐ-CP,26,covered_by_document_and_article,"(Điều 26 Nghị định số 152/2020/NĐ-CP, có hiệu lực thi hành kể từ ngày 15/02/2021)"
20.2.NĐ.4.27,"Điều 20.2.NĐ.4.27. Trách nhiệm của tổ chức có thẩm quyền tuyển dụng, quản lý người lao động Việt Nam",152/2020/NĐ-CP,152/2020/NĐ-CP,27,covered_by_document_and_article,"( Điều 27 Nghị định số 152/2020/NĐ-CP, có hiệu lực thi hành kể từ ngày 15/02/2021, có nội dung được sửa đổi, có nội dung được bổ sung bởi Điều 1 Nghị định số 70/2023/NĐ-CP có hiệu lực thi hành kể từ ngày 18/09/2023)"
20.2.NĐ.4.28,"Điều 20.2.NĐ.4.28. Trách nhiệm của tổ chức dịch vụ việc làm, doanh nghiệp cho thuê lại lao động",152/2020/NĐ-CP,152/2020/NĐ-CP,28,covered_by_document_and_article,"(Điều 28 Nghị định số 152/2020/NĐ-CP, có hiệu lực thi hành kể từ ngày 15/02/2021)"
20.2.LQ.151,Điều 20.2.LQ.151. Điều kiện người lao động nước ngoài làm việc tại Việt Nam,45/2019/QH,45/2019/QH,151,source_document_absent_from_runtime_scope,"(Điều 151 Bộ luật số 45/2019/QH14, có hiệu lực thi hành kể từ ngày 01/01/2021)"
20.2.LQ.152,"Điều 20.2.LQ.152. Điều kiện tuyển dụng, sử dụng người lao động nước ngoài làm việc tại Việt Nam",45/2019/QH,45/2019/QH,152,source_document_absent_from_runtime_scope,"(Điều 152 Bộ luật số 45/2019/QH14, có hiệu lực thi hành kể từ ngày 01/01/2021)"
20.2.NĐ.4.4,Điều 20.2.NĐ.4.4. Sử dụng người lao động nước ngoài,152/2020/NĐ-CP,152/2020/NĐ-CP,4,source_article_outside_selected_runtime_scope,"( Điều 4 Nghị định số 152/2020/NĐ-CP, có hiệu lực thi hành kể từ ngày 15/02/2021, có nội dung được sửa đổi, có nội dung được bổ sung bởi Điều 1 Nghị định số 70/2023/NĐ-CP có hiệu lực thi hành kể từ ngày 18/09/2023)"
20.2.NĐ.4.5,Điều 20.2.NĐ.4.5. Sử dụng người lao động nước ngoài của nhà thầu,152/2020/NĐ-CP,152/2020/NĐ-CP,5,source_article_outside_selected_runtime_scope,"( Điều 5 Nghị định số 152/2020/NĐ-CP, có hiệu lực thi hành kể từ ngày 15/02/2021, có nội dung được sửa đổi bởi Điều 1 Nghị định số 70/2023/NĐ-CP có hiệu lực thi hành kể từ ngày 18/09/2023)"
20.2.NĐ.4.6,Điều 20.2.NĐ.4.6. Báo cáo sử dụng người lao động nước ngoài,152/2020/NĐ-CP,152/2020/NĐ-CP,6,source_article_outside_selected_runtime_scope,"( Điều 6 Nghị định số 152/2020/NĐ-CP, có hiệu lực thi hành kể từ ngày 15/02/2021, có nội dung được bổ sung bởi Điều 1 Nghị định số 70/2023/NĐ-CP có hiệu lực thi hành kể từ ngày 18/09/2023)"
20.2.LQ.153,Điều 20.2.LQ.153. Trách nhiệm của người sử dụng lao động và người lao động nước ngoài,45/2019/QH,45/2019/QH,153,source_document_absent_from_runtime_scope,"(Điều 153 Bộ luật số 45/2019/QH14, có hiệu lực thi hành kể từ ngày 01/01/2021)"
20.2.LQ.154,Điều 20.2.LQ.154. Người lao động nước ngoài làm việc tại Việt Nam không thuộc diện cấp giấy phép lao động,45/2019/QH,45/2019/QH,154,source_document_absent_from_runtime_scope,"(Điều 154 Bộ luật số 45/2019/QH14, có hiệu lực thi hành kể từ ngày 01/01/2021)"
20.2.NĐ.4.7,Điều 20.2.NĐ.4.7. Trường hợp người lao động nước ngoài không thuộc diện cấp giấy phép lao động,152/2020/NĐ-CP,152/2020/NĐ-CP,7,source_article_outside_selected_runtime_scope,"( Điều 7 Nghị định số 152/2020/NĐ-CP, có hiệu lực thi hành kể từ ngày 15/02/2021, có nội dung được sửa đổi, có nội dung được bổ sung bởi Điều 1 Nghị định số 70/2023/NĐ-CP có hiệu lực thi hành kể từ ngày 18/09/2023)"
20.2.NĐ.4.8,Điều 20.2.NĐ.4.8. Xác nhận người lao động nước ngoài không thuộc diện cấp giấy phép lao động,152/2020/NĐ-CP,152/2020/NĐ-CP,8,source_article_outside_selected_runtime_scope,"( Điều 8 Nghị định số 152/2020/NĐ-CP, có hiệu lực thi hành kể từ ngày 15/02/2021, có nội dung được sửa đổi bởi Điều 1 Nghị định số 70/2023/NĐ-CP có hiệu lực thi hành kể từ ngày 18/09/2023)"
20.2.LQ.155,Điều 20.2.LQ.155. Thời hạn của giấy phép lao động,45/2019/QH,45/2019/QH,155,source_document_absent_from_runtime_scope,"(Điều 155 Bộ luật số 45/2019/QH14, có hiệu lực thi hành kể từ ngày 01/01/2021)"
20.2.LQ.156,Điều 20.2.LQ.156. Các trường hợp giấy phép lao động hết hiệu lực,45/2019/QH,45/2019/QH,156,source_document_absent_from_runtime_scope,"(Điều 156 Bộ luật số 45/2019/QH14, có hiệu lực thi hành kể từ ngày 01/01/2021)"
20.2.LQ.157,"Điều 20.2.LQ.157. Cấp, cấp lại, gia hạn, thu hồi giấy phép lao động, giấy xác nhận không thuộc diện cấp giấy phép lao động",45/2019/QH,45/2019/QH,157,source_document_absent_from_runtime_scope,"(Điều 157 Bộ luật số 45/2019/QH14, có hiệu lực thi hành kể từ ngày 01/01/2021)"
20.2.NĐ.4.9,Điều 20.2.NĐ.4.9. Hồ sơ đề nghị cấp giấy phép lao động,152/2020/NĐ-CP,152/2020/NĐ-CP,9,source_article_outside_selected_runtime_scope,"( Điều 9 Nghị định số 152/2020/NĐ-CP, có hiệu lực thi hành kể từ ngày 15/02/2021, có nội dung được sửa đổi, có nội dung được bổ sung bởi Điều 1 Nghị định số 70/2023/NĐ-CP có hiệu lực thi hành kể từ ngày 18/09/2023)"
20.2.NĐ.4.10,Điều 20.2.NĐ.4.10. Thời hạn của giấy phép lao động,152/2020/NĐ-CP,152/2020/NĐ-CP,10,source_article_outside_selected_runtime_scope,"(Điều 10 Nghị định số 152/2020/NĐ-CP, có hiệu lực thi hành kể từ ngày 15/02/2021)"
20.2.NĐ.4.11,Điều 20.2.NĐ.4.11. Trình tự cấp giấy phép lao động,152/2020/NĐ-CP,152/2020/NĐ-CP,11,source_article_outside_selected_runtime_scope,"( Điều 11 Nghị định số 152/2020/NĐ-CP, có hiệu lực thi hành kể từ ngày 15/02/2021, có nội dung được sửa đổi, có nội dung được bổ sung bởi Điều 1 Nghị định số 70/2023/NĐ-CP có hiệu lực thi hành kể từ ngày 18/09/2023)"
20.2.NĐ.4.12,Điều 20.2.NĐ.4.12. Các trường hợp cấp lại giấy phép lao động,152/2020/NĐ-CP,152/2020/NĐ-CP,12,source_article_outside_selected_runtime_scope,"( Điều 12 Nghị định số 152/2020/NĐ-CP, có hiệu lực thi hành kể từ ngày 15/02/2021, có nội dung được sửa đổi, có nội dung được bổ sung bởi Điều 1 Nghị định số 70/2023/NĐ-CP có hiệu lực thi hành kể từ ngày 18/09/2023)"
20.2.NĐ.4.13,Điều 20.2.NĐ.4.13. Hồ sơ đề nghị cấp lại giấy phép lao động,152/2020/NĐ-CP,152/2020/NĐ-CP,13,source_article_outside_selected_runtime_scope,"( Điều 13 Nghị định số 152/2020/NĐ-CP, có hiệu lực thi hành kể từ ngày 15/02/2021, có nội dung được sửa đổi, có nội dung bị bãi bỏ bởi Điều 1 Nghị định số 70/2023/NĐ-CP có hiệu lực thi hành kể từ ngày 18/09/2023)"
20.2.NĐ.4.14,Điều 20.2.NĐ.4.14. Trình tự cấp lại giấy phép lao động,152/2020/NĐ-CP,152/2020/NĐ-CP,14,source_article_outside_selected_runtime_scope,"(Điều 14 Nghị định số 152/2020/NĐ-CP, có hiệu lực thi hành kể từ ngày 15/02/2021)"
20.2.NĐ.4.15,Điều 20.2.NĐ.4.15. Thời hạn của giấy phép lao động được cấp lại,152/2020/NĐ-CP,152/2020/NĐ-CP,15,source_article_outside_selected_runtime_scope,"(Điều 15 Nghị định số 152/2020/NĐ-CP, có hiệu lực thi hành kể từ ngày 15/02/2021)"
20.2.NĐ.4.16,Điều 20.2.NĐ.4.16. Điều kiện được gia hạn giấy phép lao động,152/2020/NĐ-CP,152/2020/NĐ-CP,16,source_article_outside_selected_runtime_scope,"(Điều 16 Nghị định số 152/2020/NĐ-CP, có hiệu lực thi hành kể từ ngày 15/02/2021)"
20.2.NĐ.4.17,Điều 20.2.NĐ.4.17. Hồ sơ đề nghị gia hạn giấy phép lao động,152/2020/NĐ-CP,152/2020/NĐ-CP,17,source_article_outside_selected_runtime_scope,"( Điều 17 Nghị định số 152/2020/NĐ-CP, có hiệu lực thi hành kể từ ngày 15/02/2021, có nội dung được sửa đổi, có nội dung được bổ sung bởi Điều 1 Nghị định số 70/2023/NĐ-CP có hiệu lực thi hành kể từ ngày 18/09/2023)"
20.2.NĐ.4.18,Điều 20.2.NĐ.4.18. Trình tự gia hạn giấy phép lao động,152/2020/NĐ-CP,152/2020/NĐ-CP,18,source_article_outside_selected_runtime_scope,"(Điều 18 Nghị định số 152/2020/NĐ-CP, có hiệu lực thi hành kể từ ngày 15/02/2021)"
20.2.NĐ.4.19,Điều 20.2.NĐ.4.19. Thời hạn của giấy phép lao động được gia hạn,152/2020/NĐ-CP,152/2020/NĐ-CP,19,source_article_outside_selected_runtime_scope,"(Điều 19 Nghị định số 152/2020/NĐ-CP, có hiệu lực thi hành kể từ ngày 15/02/2021)"
20.2.NĐ.4.20,Điều 20.2.NĐ.4.20. Các trường hợp bị thu hồi giấy phép lao động,152/2020/NĐ-CP,152/2020/NĐ-CP,20,source_article_outside_selected_runtime_scope,"(Điều 20 Nghị định số 152/2020/NĐ-CP, có hiệu lực thi hành kể từ ngày 15/02/2021)"
20.2.NĐ.4.21,Điều 20.2.NĐ.4.21. Trình tự thu hồi giấy phép lao động,152/2020/NĐ-CP,152/2020/NĐ-CP,21,source_article_outside_selected_runtime_scope,"(Điều 21 Nghị định số 152/2020/NĐ-CP, có hiệu lực thi hành kể từ ngày 15/02/2021)"
20.2.LQ.158,Điều 20.2.LQ.158. Chính sách của Nhà nước đối với lao động là người khuyết tật,45/2019/QH,45/2019/QH,158,source_document_absent_from_runtime_scope,"(Điều 158 Bộ luật số 45/2019/QH14, có hiệu lực thi hành kể từ ngày 01/01/2021)"
20.2.LQ.159,Điều 20.2.LQ.159. Sử dụng lao động là người khuyết tật,45/2019/QH,45/2019/QH,159,source_document_absent_from_runtime_scope,"(Điều 159 Bộ luật số 45/2019/QH14, có hiệu lực thi hành kể từ ngày 01/01/2021)"
20.2.LQ.160,Điều 20.2.LQ.160. Các hành vi bị nghiêm cấm khi sử dụng lao động là người khuyết tật,45/2019/QH,45/2019/QH,160,source_document_absent_from_runtime_scope,"(Điều 160 Bộ luật số 45/2019/QH14, có hiệu lực thi hành kể từ ngày 01/01/2021)"
20.2.LQ.161,Điều 20.2.LQ.161. Lao động là người giúp việc gia đình,45/2019/QH,45/2019/QH,161,source_document_absent_from_runtime_scope,"(Điều 161 Bộ luật số 45/2019/QH14, có hiệu lực thi hành kể từ ngày 01/01/2021)"
20.2.NĐ.3.88,Điều 20.2.NĐ.3.88. Lao động là người giúp việc gia đình,145/2020/NĐ-CP,145/2020/NĐ-CP,88,covered_by_document_and_article,"(Điều 88 Nghị định số 145/2020/NĐ-CP, có hiệu lực thi hành kể từ ngày 01/02/2021)"
20.2.NĐ.3.89,Điều 20.2.NĐ.3.89. Một số quy định riêng đối với lao động là người giúp việc gia đình,145/2020/NĐ-CP,145/2020/NĐ-CP,89,covered_by_document_and_article,"(Điều 89 Nghị định số 145/2020/NĐ-CP, có hiệu lực thi hành kể từ ngày 01/02/2021)"
20.2.NĐ.3.90,"Điều 20.2.NĐ.3.90. Nghĩa vụ của người sử dụng lao động, người lao động",145/2020/NĐ-CP,145/2020/NĐ-CP,90,covered_by_document_and_article,"(Điều 90 Nghị định số 145/2020/NĐ-CP, có hiệu lực thi hành kể từ ngày 01/02/2021)"
20.2.NĐ.3.91,Điều 20.2.NĐ.3.91. Trách nhiệm quản lý lao động là người giúp việc gia đình,145/2020/NĐ-CP,145/2020/NĐ-CP,91,covered_by_document_and_article,"(Điều 91 Nghị định số 145/2020/NĐ-CP, có hiệu lực thi hành kể từ ngày 01/02/2021)"
20.2.LQ.162,Điều 20.2.LQ.162. Hợp đồng lao động đối với lao động là người giúp việc gia đình,45/2019/QH,45/2019/QH,162,source_document_absent_from_runtime_scope,"(Điều 162 Bộ luật số 45/2019/QH14, có hiệu lực thi hành kể từ ngày 01/01/2021)"
20.2.LQ.163,Điều 20.2.LQ.163. Nghĩa vụ của người sử dụng lao động khi sử dụng lao động là người giúp việc gia đình,45/2019/QH,45/2019/QH,163,source_document_absent_from_runtime_scope,"(Điều 163 Bộ luật số 45/2019/QH14, có hiệu lực thi hành kể từ ngày 01/01/2021)"
20.2.LQ.164,Điều 20.2.LQ.164. Nghĩa vụ của lao động là người giúp việc gia đình,45/2019/QH,45/2019/QH,164,source_document_absent_from_runtime_scope,"(Điều 164 Bộ luật số 45/2019/QH14, có hiệu lực thi hành kể từ ngày 01/01/2021)"
20.2.LQ.165,Điều 20.2.LQ.165. Các hành vi bị nghiêm cấm đối với người sử dụng lao động,45/2019/QH,45/2019/QH,165,source_document_absent_from_runtime_scope,"(Điều 165 Bộ luật số 45/2019/QH14, có hiệu lực thi hành kể từ ngày 01/01/2021)"
20.2.LQ.166,"Điều 20.2.LQ.166. Người lao động làm việc trong lĩnh vực nghệ thuật, thể dục, thể thao, hàng hải, hàng không",45/2019/QH,45/2019/QH,166,source_document_absent_from_runtime_scope,"(Điều 166 Bộ luật số 45/2019/QH14, có hiệu lực thi hành kể từ ngày 01/01/2021)"
20.2.LQ.167,Điều 20.2.LQ.167. Người lao động nhận công việc về làm tại nhà,45/2019/QH,45/2019/QH,167,source_document_absent_from_runtime_scope,"(Điều 167 Bộ luật số 45/2019/QH14, có hiệu lực thi hành kể từ ngày 01/01/2021)"
20.2.LQ.168,"Điều 20.2.LQ.168. Tham gia bảo hiểm xã hội, bảo hiểm y tế, bảo hiểm thất nghiệp",45/2019/QH,45/2019/QH,168,source_document_absent_from_runtime_scope,"(Điều 168 Bộ luật số 45/2019/QH14, có hiệu lực thi hành kể từ ngày 01/01/2021)"
20.2.LQ.169,Điều 20.2.LQ.169. Tuổi nghỉ hưu,45/2019/QH,45/2019/QH,169,source_document_absent_from_runtime_scope,"(Điều 169 Bộ luật số 45/2019/QH14, có hiệu lực thi hành kể từ ngày 01/01/2021)"
20.2.NĐ.2.3,Điều 20.2.NĐ.2.3. Thời điểm nghỉ hưu và thời điểm hưởng chế độ hưu trí,135/2020/NĐ-CP,135/2020/NĐ-CP,3,covered_by_document_and_article,"(Điều 3 Nghị định số 135/2020/NĐ-CP, có hiệu lực thi hành kể từ ngày 01/01/2021)"
20.2.NĐ.2.4,Điều 20.2.NĐ.2.4. Tuổi nghỉ hưu trong điều kiện lao động bình thường,135/2020/NĐ-CP,135/2020/NĐ-CP,4,covered_by_document_and_article,"(Điều 4 Nghị định số 135/2020/NĐ-CP, có hiệu lực thi hành kể từ ngày 01/01/2021)"
20.2.NĐ.2.5,Điều 20.2.NĐ.2.5. Nghỉ hưu ở tuổi thấp hơn tuổi nghỉ hưu trong điều kiện lao động bình thường,135/2020/NĐ-CP,135/2020/NĐ-CP,5,covered_by_document_and_article,"(Điều 5 Nghị định số 135/2020/NĐ-CP, có hiệu lực thi hành kể từ ngày 01/01/2021)"
20.2.TT.5.3,Điều 20.2.TT.5.3. Danh mục vùng có điều kiện kinh tế - xã hội đặc biệt khó khăn để làm căn cứ xác định các trường hợp có thể nghỉ hưu ở tuổi thấp hơn tuổi nghỉ hưu trong điều kiện lao động bình thường,19/2021/TT-BLĐTBXH,19/2021/TT-BLĐTBXH,3,covered_by_document_and_article,"(Điều 3 Thông tư số 19/2021/TT-BLĐTBXH, có hiệu lực thi hành kể từ ngày 30/01/2022)"
20.2.NĐ.2.6,Điều 20.2.NĐ.2.6. Nghỉ hưu ở tuổi cao hơn tuổi nghỉ hưu trong điều kiện lao động bình thường,135/2020/NĐ-CP,135/2020/NĐ-CP,6,covered_by_document_and_article,"(Điều 6 Nghị định số 135/2020/NĐ-CP, có hiệu lực thi hành kể từ ngày 01/01/2021)"
20.2.LQ.170,"Điều 20.2.LQ.170. Quyền thành lập, gia nhập và tham gia hoạt động của tổ chức đại diện người lao động tại cơ sở",45/2019/QH,45/2019/QH,170,source_document_absent_from_runtime_scope,"(Điều 170 Bộ luật số 45/2019/QH14, có hiệu lực thi hành kể từ ngày 01/01/2021)"
20.2.LQ.171,Điều 20.2.LQ.171. Công đoàn cơ sở thuộc hệ thống tổ chức Công đoàn Việt Nam,45/2019/QH,45/2019/QH,171,source_document_absent_from_runtime_scope,"(Điều 171 Bộ luật số 45/2019/QH14, có hiệu lực thi hành kể từ ngày 01/01/2021)"
20.2.LQ.172,"Điều 20.2.LQ.172. Thành lập, gia nhập tổ chức của người lao động tại doanh nghiệp",45/2019/QH,45/2019/QH,172,source_document_absent_from_runtime_scope,"(Điều 172 Bộ luật số 45/2019/QH14, có hiệu lực thi hành kể từ ngày 01/01/2021)"
20.2.LQ.173,Điều 20.2.LQ.173. Ban lãnh đạo và thành viên tổ chức của người lao động tại doanh nghiệp,45/2019/QH,45/2019/QH,173,source_document_absent_from_runtime_scope,"(Điều 173 Bộ luật số 45/2019/QH14, có hiệu lực thi hành kể từ ngày 01/01/2021)"
20.2.LQ.174,Điều 20.2.LQ.174. Điều lệ tổ chức của người lao động tại doanh nghiệp,45/2019/QH,45/2019/QH,174,source_document_absent_from_runtime_scope,"(Điều 174 Bộ luật số 45/2019/QH14, có hiệu lực thi hành kể từ ngày 01/01/2021)"
20.2.LQ.175,"Điều 20.2.LQ.175. Các hành vi bị nghiêm cấm đối với người sử dụng lao động liên quan đến thành lập, gia nhập và hoạt động của tổ chức đại diện người lao động tại cơ sở",45/2019/QH,45/2019/QH,175,source_document_absent_from_runtime_scope,"(Điều 175 Bộ luật số 45/2019/QH14, có hiệu lực thi hành kể từ ngày 01/01/2021)"
20.2.LQ.176,Điều 20.2.LQ.176. Quyền của thành viên ban lãnh đạo của tổ chức đại diện người lao động tại cơ sở,45/2019/QH,45/2019/QH,176,source_document_absent_from_runtime_scope,"(Điều 176 Bộ luật số 45/2019/QH14, có hiệu lực thi hành kể từ ngày 01/01/2021)"
20.2.LQ.177,Điều 20.2.LQ.177. Nghĩa vụ của người sử dụng lao động đối với tổ chức đại diện người lao động tại cơ sở,45/2019/QH,45/2019/QH,177,source_document_absent_from_runtime_scope,"(Điều 177 Bộ luật số 45/2019/QH14, có hiệu lực thi hành kể từ ngày 01/01/2021)"
20.2.LQ.178,Điều 20.2.LQ.178. Quyền và nghĩa vụ của tổ chức đại diện người lao động tại cơ sở trong quan hệ lao động,45/2019/QH,45/2019/QH,178,source_document_absent_from_runtime_scope,"(Điều 178 Bộ luật số 45/2019/QH14, có hiệu lực thi hành kể từ ngày 01/01/2021)"
20.2.LQ.179,Điều 20.2.LQ.179. Tranh chấp lao động,45/2019/QH,45/2019/QH,179,source_document_absent_from_runtime_scope,"(Điều 179 Bộ luật số 45/2019/QH14, có hiệu lực thi hành kể từ ngày 01/01/2021)"
20.2.LQ.180,Điều 20.2.LQ.180. Nguyên tắc giải quyết tranh chấp lao động,45/2019/QH,45/2019/QH,180,source_document_absent_from_runtime_scope,"(Điều 180 Bộ luật số 45/2019/QH14, có hiệu lực thi hành kể từ ngày 01/01/2021)"
20.2.LQ.181,"Điều 20.2.LQ.181. Trách nhiệm của cơ quan, tổ chức trong giải quyết tranh chấp lao động",45/2019/QH,45/2019/QH,181,source_document_absent_from_runtime_scope,"(Điều 181 Bộ luật số 45/2019/QH14, có hiệu lực thi hành kể từ ngày 01/01/2021)"
20.2.LQ.182,Điều 20.2.LQ.182. Quyền và nghĩa vụ của hai bên trong giải quyết tranh chấp lao động,45/2019/QH,45/2019/QH,182,source_document_absent_from_runtime_scope,"(Điều 182 Bộ luật số 45/2019/QH14, có hiệu lực thi hành kể từ ngày 01/01/2021)"
20.2.LQ.183,"Điều 20.2.LQ.183. Quyền của cơ quan, tổ chức, cá nhân có thẩm quyền giải quyết tranh chấp lao động",45/2019/QH,45/2019/QH,183,source_document_absent_from_runtime_scope,"(Điều 183 Bộ luật số 45/2019/QH14, có hiệu lực thi hành kể từ ngày 01/01/2021)"
20.2.LQ.184,Điều 20.2.LQ.184. Hòa giải viên lao động,45/2019/QH,45/2019/QH,184,source_document_absent_from_runtime_scope,"(Điều 184 Bộ luật số 45/2019/QH14, có hiệu lực thi hành kể từ ngày 01/01/2021)"
20.2.NĐ.3.92,Điều 20.2.NĐ.3.92. Tiêu chuẩn hòa giải viên lao động,145/2020/NĐ-CP,145/2020/NĐ-CP,92,covered_by_document_and_article,"(Điều 92 Nghị định số 145/2020/NĐ-CP, có hiệu lực thi hành kể từ ngày 01/02/2021)"
20.2.NĐ.3.93,Điều 20.2.NĐ.3.93. Trình tự và thủ tục bổ nhiệm hòa giải viên lao động,145/2020/NĐ-CP,145/2020/NĐ-CP,93,covered_by_document_and_article,"(Điều 93 Nghị định số 145/2020/NĐ-CP, có hiệu lực thi hành kể từ ngày 01/02/2021)"
20.2.NĐ.3.94,Điều 20.2.NĐ.3.94. Miễn nhiệm hòa giải viên lao động,145/2020/NĐ-CP,145/2020/NĐ-CP,94,covered_by_document_and_article,"(Điều 94 Nghị định số 145/2020/NĐ-CP, có hiệu lực thi hành kể từ ngày 01/02/2021)"
20.2.NĐ.3.95,"Điều 20.2.NĐ.3.95. Thẩm quyền, trình tự, thủ tục cử hòa giải viên lao động",145/2020/NĐ-CP,145/2020/NĐ-CP,95,covered_by_document_and_article,"(Điều 95 Nghị định số 145/2020/NĐ-CP, có hiệu lực thi hành kể từ ngày 01/02/2021)"
20.2.NĐ.3.96,"Điều 20.2.NĐ.3.96. Chế độ, điều kiện hoạt động của hòa giải viên lao động",145/2020/NĐ-CP,145/2020/NĐ-CP,96,covered_by_document_and_article,"(Điều 96 Nghị định số 145/2020/NĐ-CP, có hiệu lực thi hành kể từ ngày 01/02/2021)"
20.2.NĐ.3.97,Điều 20.2.NĐ.3.97. Quản lý hòa giải viên lao động,145/2020/NĐ-CP,145/2020/NĐ-CP,97,covered_by_document_and_article,"(Điều 97 Nghị định số 145/2020/NĐ-CP, có hiệu lực thi hành kể từ ngày 01/02/2021)"
20.2.LQ.185,Điều 20.2.LQ.185. Hội đồng trọng tài lao động,45/2019/QH,45/2019/QH,185,source_document_absent_from_runtime_scope,"(Điều 185 Bộ luật số 45/2019/QH14, có hiệu lực thi hành kể từ ngày 01/01/2021)"
20.2.NĐ.3.98,"Điều 20.2.NĐ.3.98. Tiêu chuẩn, điều kiện trọng tài viên lao động",145/2020/NĐ-CP,145/2020/NĐ-CP,98,covered_by_document_and_article,"(Điều 98 Nghị định số 145/2020/NĐ-CP, có hiệu lực thi hành kể từ ngày 01/02/2021)"
20.2.NĐ.3.99,Điều 20.2.NĐ.3.99. Bổ nhiệm trọng tài viên lao động,145/2020/NĐ-CP,145/2020/NĐ-CP,99,covered_by_document_and_article,"(Điều 99 Nghị định số 145/2020/NĐ-CP, có hiệu lực thi hành kể từ ngày 01/02/2021)"
20.2.NĐ.3.100,Điều 20.2.NĐ.3.100. Miễn nhiệm trọng tài viên lao động,145/2020/NĐ-CP,145/2020/NĐ-CP,100,covered_by_document_and_article,"(Điều 100 Nghị định số 145/2020/NĐ-CP, có hiệu lực thi hành kể từ ngày 01/02/2021)"
20.2.NĐ.3.101,Điều 20.2.NĐ.3.101. Thành lập Hội đồng trọng tài lao động,145/2020/NĐ-CP,145/2020/NĐ-CP,101,covered_by_document_and_article,"(Điều 101 Nghị định số 145/2020/NĐ-CP, có hiệu lực thi hành kể từ ngày 01/02/2021)"
20.2.NĐ.3.102,Điều 20.2.NĐ.3.102. Thành lập và hoạt động của Ban trọng tài lao động,145/2020/NĐ-CP,145/2020/NĐ-CP,102,covered_by_document_and_article,"(Điều 102 Nghị định số 145/2020/NĐ-CP, có hiệu lực thi hành kể từ ngày 01/02/2021)"
20.2.NĐ.3.103,"Điều 20.2.NĐ.3.103. Chế độ, điều kiện hoạt động của trọng tài viên lao động, Hội đồng trọng tài lao động",145/2020/NĐ-CP,145/2020/NĐ-CP,103,covered_by_document_and_article,"(Điều 103 Nghị định số 145/2020/NĐ-CP, có hiệu lực thi hành kể từ ngày 01/02/2021)"
20.2.NĐ.3.104,"Điều 20.2.NĐ.3.104. Quản lý nhà nước đối với trọng tài viên lao động, Hội đồng trọng tài lao động",145/2020/NĐ-CP,145/2020/NĐ-CP,104,covered_by_document_and_article,"(Điều 104 Nghị định số 145/2020/NĐ-CP, có hiệu lực thi hành kể từ ngày 01/02/2021)"
20.2.LQ.186,Điều 20.2.LQ.186. Cấm hành động đơn phương trong khi tranh chấp lao động đang được giải quyết,45/2019/QH,45/2019/QH,186,source_document_absent_from_runtime_scope,"(Điều 186 Bộ luật số 45/2019/QH14, có hiệu lực thi hành kể từ ngày 01/01/2021)"
20.2.LQ.187,Điều 20.2.LQ.187. Thẩm quyền giải quyết tranh chấp lao động cá nhân,45/2019/QH,45/2019/QH,187,source_document_absent_from_runtime_scope,"(Điều 187 Bộ luật số 45/2019/QH14, có hiệu lực thi hành kể từ ngày 01/01/2021)"
20.2.LQ.188,"Điều 20.2.LQ.188. Trình tự, thủ tục hòa giải tranh chấp lao động cá nhân của hòa giải viên lao động",45/2019/QH,45/2019/QH,188,source_document_absent_from_runtime_scope,"(Điều 188 Bộ luật số 45/2019/QH14, có hiệu lực thi hành kể từ ngày 01/01/2021)"
20.2.LQ.189,Điều 20.2.LQ.189. Giải quyết tranh chấp lao động cá nhân của Hội đồng trọng tài lao động,45/2019/QH,45/2019/QH,189,source_document_absent_from_runtime_scope,"(Điều 189 Bộ luật số 45/2019/QH14, có hiệu lực thi hành kể từ ngày 01/01/2021)"
20.2.LQ.190,Điều 20.2.LQ.190. Thời hiệu yêu cầu giải quyết tranh chấp lao động cá nhân,45/2019/QH,45/2019/QH,190,source_document_absent_from_runtime_scope,"(Điều 190 Bộ luật số 45/2019/QH14, có hiệu lực thi hành kể từ ngày 01/01/2021)"
20.2.LQ.191,Điều 20.2.LQ.191. Thẩm quyền giải quyết tranh chấp lao động tập thể về quyền,45/2019/QH,45/2019/QH,191,source_document_absent_from_runtime_scope,"(Điều 191 Bộ luật số 45/2019/QH14, có hiệu lực thi hành kể từ ngày 01/01/2021)"
20.2.LQ.192,"Điều 20.2.LQ.192. Trình tự, thủ tục giải quyết tranh chấp lao động tập thể về quyền",45/2019/QH,45/2019/QH,192,source_document_absent_from_runtime_scope,"(Điều 192 Bộ luật số 45/2019/QH14, có hiệu lực thi hành kể từ ngày 01/01/2021)"
20.2.LQ.193,Điều 20.2.LQ.193. Giải quyết tranh chấp lao động tập thể về quyền của Hội đồng trọng tài lao động,45/2019/QH,45/2019/QH,193,source_document_absent_from_runtime_scope,"(Điều 193 Bộ luật số 45/2019/QH14, có hiệu lực thi hành kể từ ngày 01/01/2021)"
20.2.LQ.194,Điều 20.2.LQ.194. Thời hiệu yêu cầu giải quyết tranh chấp lao động tập thể về quyền,45/2019/QH,45/2019/QH,194,source_document_absent_from_runtime_scope,"(Điều 194 Bộ luật số 45/2019/QH14, có hiệu lực thi hành kể từ ngày 01/01/2021)"
20.2.LQ.195,Điều 20.2.LQ.195. Thẩm quyền giải quyết tranh chấp lao động tập thể về lợi ích,45/2019/QH,45/2019/QH,195,source_document_absent_from_runtime_scope,"(Điều 195 Bộ luật số 45/2019/QH14, có hiệu lực thi hành kể từ ngày 01/01/2021)"
20.2.LQ.196,"Điều 20.2.LQ.196. Trình tự, thủ tục giải quyết tranh chấp lao động tập thể về lợi ích",45/2019/QH,45/2019/QH,196,source_document_absent_from_runtime_scope,"(Điều 196 Bộ luật số 45/2019/QH14, có hiệu lực thi hành kể từ ngày 01/01/2021)"
20.2.LQ.197,Điều 20.2.LQ.197. Giải quyết tranh chấp lao động tập thể về lợi ích của Hội đồng trọng tài lao động,45/2019/QH,45/2019/QH,197,source_document_absent_from_runtime_scope,"(Điều 197 Bộ luật số 45/2019/QH14, có hiệu lực thi hành kể từ ngày 01/01/2021)"
20.2.LQ.198,Điều 20.2.LQ.198. Đình công,45/2019/QH,45/2019/QH,198,source_document_absent_from_runtime_scope,"(Điều 198 Bộ luật số 45/2019/QH14, có hiệu lực thi hành kể từ ngày 01/01/2021)"
20.2.LQ.199,Điều 20.2.LQ.199. Trường hợp người lao động có quyền đình công,45/2019/QH,45/2019/QH,199,source_document_absent_from_runtime_scope,"(Điều 199 Bộ luật số 45/2019/QH14, có hiệu lực thi hành kể từ ngày 01/01/2021)"
20.2.LQ.200,Điều 20.2.LQ.200. Trình tự đình công,45/2019/QH,45/2019/QH,200,source_document_absent_from_runtime_scope,"(Điều 200 Bộ luật số 45/2019/QH14, có hiệu lực thi hành kể từ ngày 01/01/2021)"
20.2.LQ.201,Điều 20.2.LQ.201. Lấy ý kiến về đình công,45/2019/QH,45/2019/QH,201,source_document_absent_from_runtime_scope,"(Điều 201 Bộ luật số 45/2019/QH14, có hiệu lực thi hành kể từ ngày 01/01/2021)"
20.2.LQ.202,Điều 20.2.LQ.202. Quyết định đình công và thông báo thời điểm bắt đầu đình công,45/2019/QH,45/2019/QH,202,source_document_absent_from_runtime_scope,"(Điều 202 Bộ luật số 45/2019/QH14, có hiệu lực thi hành kể từ ngày 01/01/2021)"
20.2.LQ.203,Điều 20.2.LQ.203. Quyền của các bên trước và trong quá trình đình công,45/2019/QH,45/2019/QH,203,source_document_absent_from_runtime_scope,"(Điều 203 Bộ luật số 45/2019/QH14, có hiệu lực thi hành kể từ ngày 01/01/2021)"
20.2.LQ.204,Điều 20.2.LQ.204. Trường hợp đình công bất hợp pháp,45/2019/QH,45/2019/QH,204,source_document_absent_from_runtime_scope,"(Điều 204 Bộ luật số 45/2019/QH14, có hiệu lực thi hành kể từ ngày 01/01/2021)"
20.2.LQ.205,Điều 20.2.LQ.205. Thông báo quyết định đóng cửa tạm thời nơi làm việc,45/2019/QH,45/2019/QH,205,source_document_absent_from_runtime_scope,"(Điều 205 Bộ luật số 45/2019/QH14, có hiệu lực thi hành kể từ ngày 01/01/2021)"
20.2.LQ.206,Điều 20.2.LQ.206. Trường hợp cấm đóng cửa tạm thời nơi làm việc,45/2019/QH,45/2019/QH,206,source_document_absent_from_runtime_scope,"(Điều 206 Bộ luật số 45/2019/QH14, có hiệu lực thi hành kể từ ngày 01/01/2021)"
20.2.LQ.207,Điều 20.2.LQ.207. Tiền lương và các quyền lợi hợp pháp khác của người lao động trong thời gian đình công,45/2019/QH,45/2019/QH,207,source_document_absent_from_runtime_scope,"(Điều 207 Bộ luật số 45/2019/QH14, có hiệu lực thi hành kể từ ngày 01/01/2021)"
20.2.LQ.208,"Điều 20.2.LQ.208. Các hành vi bị nghiêm cấm trước, trong và sau khi đình công",45/2019/QH,45/2019/QH,208,source_document_absent_from_runtime_scope,"(Điều 208 Bộ luật số 45/2019/QH14, có hiệu lực thi hành kể từ ngày 01/01/2021)"
20.2.LQ.209,Điều 20.2.LQ.209. Nơi sử dụng lao động không được đình công,45/2019/QH,45/2019/QH,209,source_document_absent_from_runtime_scope,"(Điều 209 Bộ luật số 45/2019/QH14, có hiệu lực thi hành kể từ ngày 01/01/2021)"
20.2.NĐ.3.105,Điều 20.2.NĐ.3.105. Danh mục nơi sử dụng lao động không được đình công,145/2020/NĐ-CP,145/2020/NĐ-CP,105,covered_by_document_and_article,"(Điều 105 Nghị định số 145/2020/NĐ-CP, có hiệu lực thi hành kể từ ngày 01/02/2021)"
20.2.NĐ.3.106,"Điều 20.2.NĐ.3.106. Giải quyết tranh chấp lao động cá nhân, tranh chấp lao động tập thể về quyền tại nơi sử dụng lao động không được đình công",145/2020/NĐ-CP,145/2020/NĐ-CP,106,covered_by_document_and_article,"(Điều 106 Nghị định số 145/2020/NĐ-CP, có hiệu lực thi hành kể từ ngày 01/02/2021)"
20.2.NĐ.3.107,Điều 20.2.NĐ.3.107. Giải quyết tranh chấp lao động tập thể về lợi ích tại nơi sử dụng lao động không được đình công,145/2020/NĐ-CP,145/2020/NĐ-CP,107,covered_by_document_and_article,"(Điều 107 Nghị định số 145/2020/NĐ-CP, có hiệu lực thi hành kể từ ngày 01/02/2021)"
20.2.NĐ.3.108,Điều 20.2.NĐ.3.108. Giải quyết tranh chấp liên quan đến quyền thương lượng tập thể tại nơi sử dụng lao động không được đình công,145/2020/NĐ-CP,145/2020/NĐ-CP,108,covered_by_document_and_article,"(Điều 108 Nghị định số 145/2020/NĐ-CP, có hiệu lực thi hành kể từ ngày 01/02/2021)"
20.2.LQ.210,"Điều 20.2.LQ.210. Quyết định hoãn, ngừng đình công",45/2019/QH,45/2019/QH,210,source_document_absent_from_runtime_scope,"(Điều 210 Bộ luật số 45/2019/QH14, có hiệu lực thi hành kể từ ngày 01/01/2021)"
20.2.NĐ.3.109,"Điều 20.2.NĐ.3.109. Các trường hợp hoãn, ngừng đình công",145/2020/NĐ-CP,145/2020/NĐ-CP,109,covered_by_document_and_article,"(Điều 109 Nghị định số 145/2020/NĐ-CP, có hiệu lực thi hành kể từ ngày 01/02/2021)"
20.2.NĐ.3.110,"Điều 20.2.NĐ.3.110. Trình tự, thủ tục thực hiện hoãn đình công",145/2020/NĐ-CP,145/2020/NĐ-CP,110,covered_by_document_and_article,"(Điều 110 Nghị định số 145/2020/NĐ-CP, có hiệu lực thi hành kể từ ngày 01/02/2021)"
20.2.NĐ.3.111,"Điều 20.2.NĐ.3.111. Trình tự, thủ tục thực hiện ngừng đình công",145/2020/NĐ-CP,145/2020/NĐ-CP,111,covered_by_document_and_article,"(Điều 111 Nghị định số 145/2020/NĐ-CP, có hiệu lực thi hành kể từ ngày 01/02/2021)"
20.2.NĐ.3.112,"Điều 20.2.NĐ.3.112. Giải quyết quyền lợi của người lao động khi hoãn, ngừng đình công",145/2020/NĐ-CP,145/2020/NĐ-CP,112,covered_by_document_and_article,"(Điều 112 Nghị định số 145/2020/NĐ-CP, có hiệu lực thi hành kể từ ngày 01/02/2021)"
20.2.NĐ.3.113,"Điều 20.2.NĐ.3.113. Quyền, trách nhiệm của người lao động khi ngừng đình công",145/2020/NĐ-CP,145/2020/NĐ-CP,113,covered_by_document_and_article,"(Điều 113 Nghị định số 145/2020/NĐ-CP, có hiệu lực thi hành kể từ ngày 01/02/2021)"
20.2.LQ.211,"Điều 20.2.LQ.211. Xử lý cuộc đình công không đúng trình tự, thủ tục",45/2019/QH,45/2019/QH,211,source_document_absent_from_runtime_scope,"(Điều 211 Bộ luật số 45/2019/QH14, có hiệu lực thi hành kể từ ngày 01/01/2021)"
20.2.LQ.212,Điều 20.2.LQ.212. Nội dung quản lý nhà nước về lao động,45/2019/QH,45/2019/QH,212,source_document_absent_from_runtime_scope,"(Điều 212 Bộ luật số 45/2019/QH14, có hiệu lực thi hành kể từ ngày 01/01/2021)"
20.2.LQ.213,Điều 20.2.LQ.213. Thẩm quyền quản lý nhà nước về lao động,45/2019/QH,45/2019/QH,213,source_document_absent_from_runtime_scope,"(Điều 213 Bộ luật số 45/2019/QH14, có hiệu lực thi hành kể từ ngày 01/01/2021)"
20.2.NĐ.6.11,"Điều 20.2.NĐ.6.11. Trách nhiệm của cơ quan, tổ chức",97/2022/NĐ-CP,97/2022/NĐ-CP,11,covered_by_document_and_article,"(Điều 11 Nghị định số 97/2022/NĐ-CP, có hiệu lực thi hành kể từ ngày 15/01/2023)"
20.2.TT.1.11,Điều 20.2.TT.1.11. Trách nhiệm của Sở Lao động - Thương binh và Xã hội,09/2020/TT-BLĐTBXH,09/2020/TT-BLĐTBXH,11,covered_by_document_and_article,"(Điều 11 Thông tư số 09/2020/TT-BLĐTBXH, có hiệu lực thi hành kể từ ngày 15/03/2021)"
20.2.TT.1.12,Điều 20.2.TT.1.12. Trách nhiệm của người sử dụng lao động,09/2020/TT-BLĐTBXH,09/2020/TT-BLĐTBXH,12,covered_by_document_and_article,"(Điều 12 Thông tư số 09/2020/TT-BLĐTBXH, có hiệu lực thi hành kể từ ngày 15/03/2021)"
20.2.LQ.214,Điều 20.2.LQ.214. Nội dung thanh tra lao động,45/2019/QH,45/2019/QH,214,source_document_absent_from_runtime_scope,"(Điều 214 Bộ luật số 45/2019/QH14, có hiệu lực thi hành kể từ ngày 01/01/2021)"
20.2.LQ.215,Điều 20.2.LQ.215. Thanh tra chuyên ngành về lao động,45/2019/QH,45/2019/QH,215,source_document_absent_from_runtime_scope,"(Điều 215 Bộ luật số 45/2019/QH14, có hiệu lực thi hành kể từ ngày 01/01/2021)"
20.2.LQ.216,Điều 20.2.LQ.216. Quyền của thanh tra lao động,45/2019/QH,45/2019/QH,216,source_document_absent_from_runtime_scope,"(Điều 216 Bộ luật số 45/2019/QH14, có hiệu lực thi hành kể từ ngày 01/01/2021)"
20.2.LQ.217,Điều 20.2.LQ.217. Xử lý vi phạm,45/2019/QH,45/2019/QH,217,source_document_absent_from_runtime_scope,"(Điều 217 Bộ luật số 45/2019/QH14, có hiệu lực thi hành kể từ ngày 01/01/2021)"
20.2.LQ.218,"Điều 20.2.LQ.218. Miễn, giảm thủ tục đối với trường hợp sử dụng dưới 10 lao động",45/2019/QH,45/2019/QH,218,source_document_absent_from_runtime_scope,"(Điều 218 Bộ luật số 45/2019/QH14, có hiệu lực thi hành kể từ ngày 01/01/2021)"
20.2.LQ.219,"Điều 20.2.LQ.219. Sửa đổi, bổ sung một số điều của các luật có liên quan đến lao động",45/2019/QH,45/2019/QH,219,source_document_absent_from_runtime_scope,"(Điều 219 Bộ luật số 45/2019/QH14, có hiệu lực thi hành kể từ ngày 01/01/2021)"
20.2.LQ.220,Điều 20.2.LQ.220. Hiệu lực thi hành,45/2019/QH,45/2019/QH,220,source_document_absent_from_runtime_scope,"(Điều 220 Bộ luật số 45/2019/QH14, có hiệu lực thi hành kể từ ngày 01/01/2021)"
20.2.NĐ.2.7,Điều 20.2.NĐ.2.7. Quy định chuyển tiếp,135/2020/NĐ-CP,135/2020/NĐ-CP,7,covered_by_document_and_article,"(Điều 7 Nghị định số 135/2020/NĐ-CP, có hiệu lực thi hành kể từ ngày 01/01/2021)"
20.2.NĐ.2.8,Điều 20.2.NĐ.2.8. Hiệu lực thi hành,135/2020/NĐ-CP,135/2020/NĐ-CP,8,covered_by_document_and_article,"(Điều 8 Nghị định số 135/2020/NĐ-CP, có hiệu lực thi hành kể từ ngày 01/01/2021)"
20.2.NĐ.2.9,Điều 20.2.NĐ.2.9. Trách nhiệm hướng dẫn thi hành,135/2020/NĐ-CP,135/2020/NĐ-CP,9,covered_by_document_and_article,"(Điều 9 Nghị định số 135/2020/NĐ-CP, có hiệu lực thi hành kể từ ngày 01/01/2021)"
20.2.NĐ.3.114,Điều 20.2.NĐ.3.114. Hiệu lực thi hành,145/2020/NĐ-CP,145/2020/NĐ-CP,114,covered_by_document_and_article,"(Điều 114 Nghị định số 145/2020/NĐ-CP, có hiệu lực thi hành kể từ ngày 01/02/2021)"
20.2.NĐ.3.115,Điều 20.2.NĐ.3.115. Trách nhiệm thi hành,145/2020/NĐ-CP,145/2020/NĐ-CP,115,covered_by_document_and_article,"(Điều 115 Nghị định số 145/2020/NĐ-CP, có hiệu lực thi hành kể từ ngày 01/02/2021)"
20.2.NĐ.4.29,Điều 20.2.NĐ.4.29. Hiệu lực thi hành,152/2020/NĐ-CP,152/2020/NĐ-CP,29,source_article_outside_selected_runtime_scope,"(Điều 29 Nghị định số 152/2020/NĐ-CP, có hiệu lực thi hành kể từ ngày 15/02/2021)"
20.2.NĐ.4.30,Điều 20.2.NĐ.4.30. Trách nhiệm thi hành,152/2020/NĐ-CP,152/2020/NĐ-CP,30,source_article_outside_selected_runtime_scope,"( Điều 30 Nghị định số 152/2020/NĐ-CP, có hiệu lực thi hành kể từ ngày 15/02/2021, có nội dung được bổ sung, có nội dung được sửa đổi, có nội dung bị bãi bỏ bởi Điều 72 Nghị định số 35/2022/NĐ-CP có hiệu lực thi hành kể từ ngày 15/07/2022; Điều 1 Nghị định số 70/2023/NĐ-CP có hiệu lực thi hành kể từ ngày 18/09/2023)"
20.2.NĐ.4.31,Điều 20.2.NĐ.4.31. Điều khoản thi hành,70/2023/NĐ-CP,70/2023/NĐ-CP,3,source_document_absent_from_runtime_scope,"(Điều 3 Nghị định số 70/2023/NĐ-CP Sửa đổi, bổ sung một số điều của Nghị định số 152/2020/NĐ-CP ngày 30 tháng 12 năm 2020 của Chính phủ quy định về người lao động nước ngoài làm việc tại Việt Nam và tuyển dụng, quản lý người lao động Việt Nam làm việc cho tổ chức, cá nhân nước ngoài tại Việt Nam ngày 18/09/2023 của Chính phủ, có hiệu lực thi hành kể từ ngày 18/09/2023 )"
20.2.NĐ.6.12,Điều 20.2.NĐ.6.12. Điều khoản chuyển tiếp,97/2022/NĐ-CP,97/2022/NĐ-CP,12,covered_by_document_and_article,"(Điều 12 Nghị định số 97/2022/NĐ-CP, có hiệu lực thi hành kể từ ngày 15/01/2023)"
20.2.NĐ.6.13,Điều 20.2.NĐ.6.13. Áp dụng quy định của Nghị định đối với các đối tượng khác,97/2022/NĐ-CP,97/2022/NĐ-CP,13,covered_by_document_and_article,"(Điều 13 Nghị định số 97/2022/NĐ-CP, có hiệu lực thi hành kể từ ngày 15/01/2023)"
20.2.NĐ.6.14,Điều 20.2.NĐ.6.14. Hiệu lực và trách nhiệm thi hành,97/2022/NĐ-CP,97/2022/NĐ-CP,14,covered_by_document_and_article,"(Điều 14 Nghị định số 97/2022/NĐ-CP, có hiệu lực thi hành kể từ ngày 15/01/2023)"
20.2.NĐ.8.5,Điều 20.2.NĐ.8.5. Hiệu lực và trách nhiệm thi hành,293/2025/NĐ-CP,293/2025/NĐ-CP,5,covered_by_document_and_article,"(Điều 5 Nghị định số 293/2025/NĐ-CP, có hiệu lực thi hành kể từ ngày 01/01/2026)"
20.2.TT.1.13,Điều 20.2.TT.1.13. Hiệu lực thi hành,09/2020/TT-BLĐTBXH,09/2020/TT-BLĐTBXH,13,covered_by_document_and_article,"(Điều 13 Thông tư số 09/2020/TT-BLĐTBXH, có hiệu lực thi hành kể từ ngày 15/03/2021)"
20.2.TT.2.12,Điều 20.2.TT.2.12. Hiệu lực thi hành,10/2020/TT-BLĐTBXH,10/2020/TT-BLĐTBXH,12,covered_by_document_and_article,"(Điều 12 Thông tư số 10/2020/TT-BLĐTBXH, có hiệu lực thi hành kể từ ngày 01/01/2021)"
20.2.TT.3.9,Điều 20.2.TT.3.9. Hiệu lực thi hành,04/2021/TT-BCT,04/2021/TT-BCT,9,covered_by_document_and_article,"(Điều 9 Thông tư số 04/2021/TT-BCT, có hiệu lực thi hành kể từ ngày 01/09/2021)"
20.2.TT.4.10,Điều 20.2.TT.4.10. Hiệu lực thi hành,18/2021/TT-BLĐTBXH,18/2021/TT-BLĐTBXH,10,covered_by_document_and_article,"(Điều 10 Thông tư số 18/2021/TT-BLĐTBXH, có hiệu lực thi hành kể từ ngày 01/02/2022)"
20.2.TT.5.4,Điều 20.2.TT.5.4. Hiệu lực thi hành,19/2021/TT-BLĐTBXH,19/2021/TT-BLĐTBXH,4,covered_by_document_and_article,"(Điều 4 Thông tư số 19/2021/TT-BLĐTBXH, có hiệu lực thi hành kể từ ngày 30/01/2022)"
20.2.TT.5.5,Điều 20.2.TT.5.5. Tổ chức thực hiện,19/2021/TT-BLĐTBXH,19/2021/TT-BLĐTBXH,5,covered_by_document_and_article,"(Điều 5 Thông tư số 19/2021/TT-BLĐTBXH, có hiệu lực thi hành kể từ ngày 30/01/2022)"
20.2.TT.6.10,Điều 20.2.TT.6.10. Hiệu lực thi hành,12/2022/TT-BCT,12/2022/TT-BCT,10,covered_by_document_and_article,"(Điều 10 Thông tư số 12/2022/TT-BCT, có hiệu lực thi hành kể từ ngày 09/09/2022)"
20.2.TT.7.11,Điều 20.2.TT.7.11. Trách nhiệm của người sử dụng lao động,20/2023/TT-BCT,20/2023/TT-BCT,11,covered_by_document_and_article,"(Điều 11 Thông tư số 20/2023/TT-BCT, có hiệu lực thi hành kể từ ngày 25/12/2023)"
20.2.TT.7.12,Điều 20.2.TT.7.12. Hiệu lực thi hành,20/2023/TT-BCT,20/2023/TT-BCT,12,covered_by_document_and_article,"(Điều 12 Thông tư số 20/2023/TT-BCT, có hiệu lực thi hành kể từ ngày 25/12/2023)"
20.2.TT.8.11,Điều 20.2.TT.8.11. Hiệu lực thi hành,17/2023/TT-BLĐTBXH,17/2023/TT-BLĐTBXH,11,covered_by_document_and_article,"(Điều 11 Thông tư số 17/2023/TT-BLĐTBXH, có hiệu lực thi hành kể từ ngày 01/03/2024)"
20.2.TT.8.12,Điều 20.2.TT.8.12. Tổ chức thực hiện,17/2023/TT-BLĐTBXH,17/2023/TT-BLĐTBXH,12,covered_by_document_and_article,"(Điều 12 Thông tư số 17/2023/TT-BLĐTBXH, có hiệu lực thi hành kể từ ngày 01/03/2024)"
